{"名称": "圣恩堂", "地址": "天星桥正街42-15号附近", "城市": "重庆市", "标签": "风景名胜;风景名胜;教堂|政府机构及社会团体;社会团体;教会", "区域名称": "沙坪坝区", "经度": 106.453443, "纬度": 29.545376, "电话": NaN, "图片标题1": NaN, "图片地址1": "http://store.is.autonavi.com/showpic/b15c71c7b99e67545211068df14739c3", "图片标题2": NaN, "图片地址2": "http://store.is.autonavi.com/showpic/604583a2b3e84defe38861a80b9a834e", "图片标题3": NaN, "图片地址3": NaN}
{"名称": "基督教堂", "地址": "歌乐山街106号附1号", "城市": "重庆市", "标签": "风景名胜;风景名胜;教堂", "区域名称": "沙坪坝区", "经度": 106.419096, "纬度": 29.569577, "电话": NaN, "图片标题1": NaN, "图片地址1": "http://aos-cdn-image.amap.com/sns/ugccomment/ca2627fe-99dc-4be3-be2a-47b2a9f36442.jpg", "图片标题2": NaN, "图片地址2": "http://aos-cdn-image.amap.com/sns/ugccomment/7311186b-feba-4f04-8862-6932f5bd59a8.jpg", "图片标题3": NaN, "图片地址3": "http://store.is.autonavi.com/showpic/05aaf2a80c25fea680a1b99deabc1fdd"}
{"名称": "天主教重庆总教区沙坪坝圣母圣心天主堂", "地址": "天星桥晒光坪75号(天梨路地铁站1号口步行290米)", "城市": "重庆市", "标签": "风景名胜;风景名胜;教堂", "区域名称": "沙坪坝区", "经度": 106.452354, "纬度": 29.549942, "电话": NaN, "图片标题1": NaN, "图片地址1": "http://store.is.autonavi.com/showpic/9b5d63ffbf1490586ce91613b595800d", "图片标题2": NaN, "图片地址2": NaN, "图片标题3": NaN, "图片地址3": NaN}
{"名称": "基督教", "地址": "新青路与青北路交叉口南220米", "城市": "重庆市", "标签": "风景名胜;风景名胜;教堂", "区域名称": "沙坪坝区", "经度": 106.306491, "纬度": 29.670968, "电话": NaN, "图片标题1": NaN, "图片地址1": "http://store.is.autonavi.com/showpic/78d848859184b77740955834ce9246ed", "图片标题2": NaN, "图片地址2": NaN, "图片标题3": NaN, "图片地址3": NaN}
