{"名称": "宝轮寺", "地址": "磁南街1号磁器口景区内", "城市": "重庆市", "标签": "风景名胜;风景名胜;寺庙道观", "区域名称": "沙坪坝区", "经度": 106.452407, "纬度": 29.582239, "电话": "023-65322661", "图片标题1": NaN, "图片地址1": "http://store.is.autonavi.com/showpic/3a65410e03927c10b2022255b30313e0", "图片标题2": NaN, "图片地址2": "http://store.is.autonavi.com/showpic/2cebe3a18972459cc8cf9f697a98f45a", "图片标题3": NaN, "图片地址3": "http://store.is.autonavi.com/showpic/6bafd0376cacb6e17530d48e06c27bda"}
{"名称": "宝轮寺", "地址": "磁南街1号磁器口景区内", "城市": "重庆市", "标签": "风景名胜;风景名胜;寺庙道观", "区域名称": "沙坪坝区", "经度": 106.452407, "纬度": 29.582239, "电话": "023-65322661", "图片标题1": NaN, "图片地址1": "http://store.is.autonavi.com/showpic/3a65410e03927c10b2022255b30313e0", "图片标题2": NaN, "图片地址2": "http://store.is.autonavi.com/showpic/2cebe3a18972459cc8cf9f697a98f45a", "图片标题3": NaN, "图片地址3": "http://store.is.autonavi.com/showpic/6bafd0376cacb6e17530d48e06c27bda"}
{"名称": "普光寺", "地址": "新兴路", "城市": "重庆市", "标签": "风景名胜;风景名胜;寺庙道观", "区域名称": "沙坪坝区", "经度": 106.425727, "纬度": 29.617377, "电话": NaN, "图片标题1": NaN, "图片地址1": "https://aos-comment.amap.com/B0FFILKR6J/headerImg/2908beccd5a588db72bb56ce3f62f748_2048_2048_80.jpg", "图片标题2": NaN, "图片地址2": "http://store.is.autonavi.com/showpic/24ead42e15352c574d0c980033c82ac0", "图片标题3": NaN, "图片地址3": "http://aos-cdn-image.amap.com/sns/ugccomment/c78d618f-f023-40d0-9f99-8b5e4a40be96.jpg"}
