{"名称": "重庆城市管理职业学院", "地址": "大学城南二路155号", "城市": "重庆市", "标签": "科教文化服务;学校;职业技术学校", "区域名称": "沙坪坝区", "经度": 106.303874, "纬度": 29.576812, "电话": "023-65626666;023-65626161", "图片标题1": NaN, "图片地址1": "http://store.is.autonavi.com/showpic/84fc29ec987c58ca909541c875113621", "图片标题2": NaN, "图片地址2": "http://aos-cdn-image.amap.com/sns/ugccomment/2895e8bf-d7e5-4bee-ba36-be96438bdd53.jpg", "图片标题3": NaN, "图片地址3": "http://aos-cdn-image.amap.com/sns/ugccomment/275eb5f6-b209-465f-acaa-284e571abd69.jpg"}
{"名称": "重庆光华女子职业中等专业学校", "地址": "山洞路218号", "城市": "重庆市", "标签": "科教文化服务;学校;职业技术学校", "区域名称": "沙坪坝区", "经度": 106.420745, "纬度": 29.522956, "电话": "023-65530384;023-65538683", "图片标题1": NaN, "图片地址1": "http://store.is.autonavi.com/showpic/0cfa4cdd9213b2f18c6c0b2ba1961d28", "图片标题2": NaN, "图片地址2": NaN, "图片标题3": NaN, "图片地址3": NaN}
{"名称": "重庆铁路运输技师学院", "地址": "上桥张家湾50号", "城市": "重庆市", "标签": "科教文化服务;学校;职业技术学校", "区域名称": "沙坪坝区", "经度": 106.442068, "纬度": 29.50671, "电话": "023-65209944", "图片标题1": NaN, "图片地址1": "http://store.is.autonavi.com/showpic/a06a438c9e554b545ce80ccfdeacb6f1", "图片标题2": NaN, "图片地址2": NaN, "图片标题3": NaN, "图片地址3": NaN}
{"名称": "重庆市立信职业教育中心B区", "地址": "歌乐山向家湾35号", "城市": "重庆市", "标签": "科教文化服务;学校;职业技术学校", "区域名称": "沙坪坝区", "经度": 106.421958, "纬度": 29.558117, "电话": NaN, "图片标题1": NaN, "图片地址1": NaN, "图片标题2": NaN, "图片地址2": NaN, "图片标题3": NaN, "图片地址3": NaN}
{"名称": "重庆市南丁卫生职业学校", "地址": "山洞街道山洞社区平正村50号", "城市": "重庆市", "标签": "科教文化服务;学校;职业技术学校", "区域名称": "沙坪坝区", "经度": 106.423893, "纬度": 29.515741, "电话": "023-65530703;023-65532926", "图片标题1": NaN, "图片地址1": "http://store.is.autonavi.com/showpic/5afe11f11870a52cee2586b84842e9a0", "图片标题2": NaN, "图片地址2": NaN, "图片标题3": NaN, "图片地址3": NaN}
{"名称": "重庆新东方烹饪学院", "地址": "双碑前进坡1号", "城市": "重庆市", "标签": "科教文化服务;学校;职业技术学校", "区域名称": "沙坪坝区", "经度": 106.441692, "纬度": 29.595986, "电话": "023-65135829;023-65135999;023-68736873", "图片标题1": NaN, "图片地址1": "http://store.is.autonavi.com/showpic/7f6849807a839330c205ff1ea0622acc", "图片标题2": NaN, "图片地址2": NaN, "图片标题3": NaN, "图片地址3": NaN}
{"名称": "重庆科能中等专业学校", "地址": "上桥2村11号(上桥地铁站3号口步行150米)", "城市": "重庆市", "标签": "科教文化服务;学校;职业技术学校", "区域名称": "沙坪坝区", "经度": 106.442092, "纬度": 29.516768, "电话": NaN, "图片标题1": NaN, "图片地址1": "http://store.is.autonavi.com/showpic/e183afbf6f0032aa3ecc66f370995f0b", "图片标题2": NaN, "图片地址2": NaN, "图片标题3": NaN, "图片地址3": NaN}
{"名称": "重庆新光华职业学校", "地址": "小龙坎好任性商场301室(小龙坎地铁站4号口步行160米)", "城市": "重庆市", "标签": "科教文化服务;学校;职业技术学校", "区域名称": "沙坪坝区", "经度": 106.467507, "纬度": 29.552139, "电话": NaN, "图片标题1": NaN, "图片地址1": NaN, "图片标题2": NaN, "图片地址2": NaN, "图片标题3": NaN, "图片地址3": NaN}
{"名称": "粉笔职教(大学城分校)", "地址": "大学城熙街3期2栋12-22", "城市": "重庆市", "标签": "科教文化服务;学校;职业技术学校", "区域名称": "沙坪坝区", "经度": 106.302584, "纬度": 29.606796, "电话": "18581027657", "图片标题1": NaN, "图片地址1": NaN, "图片标题2": NaN, "图片地址2": NaN, "图片标题3": NaN, "图片地址3": NaN}
{"名称": "弘一职校高新区校区", "地址": "大学城浪尖D+M大厦B栋8楼", "城市": "重庆市", "标签": "科教文化服务;学校;职业技术学校", "区域名称": "沙坪坝区", "经度": 106.30886, "纬度": 29.598182, "电话": "18696842360", "图片标题1": NaN, "图片地址1": "http://store.is.autonavi.com/showpic/c293eaa75bada6f1c9c8d2d92f8c2e06", "图片标题2": NaN, "图片地址2": NaN, "图片标题3": NaN, "图片地址3": NaN}
{"名称": "重庆市立信职业教育中心", "地址": "歌乐山会车场119号", "城市": "重庆市", "标签": "科教文化服务;学校;职业技术学校", "区域名称": "沙坪坝区", "经度": 106.42033, "纬度": 29.583749, "电话": "023-65504790;023-65509186", "图片标题1": NaN, "图片地址1": "http://store.is.autonavi.com/showpic/1bb16b9432ada5396bc20125b60337de", "图片标题2": NaN, "图片地址2": "http://store.is.autonavi.com/showpic/18cb2c1e628176a0c5916e3b912b9080", "图片标题3": NaN, "图片地址3": NaN}
{"名称": "重庆铁路运输中等职业学校", "地址": "张家湾50号", "城市": "重庆市", "标签": "科教文化服务;学校;职业技术学校", "区域名称": "沙坪坝区", "经度": 106.440941, "纬度": 29.506274, "电话": NaN, "图片标题1": NaN, "图片地址1": "http://store.is.autonavi.com/showpic/4999137533bfca681ea6feb3ee545767", "图片标题2": NaN, "图片地址2": NaN, "图片标题3": NaN, "图片地址3": NaN}
{"名称": "重庆铁路运输高级技工学校", "地址": "石新路与凤中路交叉口北约100米", "城市": "重庆市", "标签": "科教文化服务;学校;职业技术学校", "区域名称": "沙坪坝区", "经度": 106.445394, "纬度": 29.525313, "电话": NaN, "图片标题1": NaN, "图片地址1": NaN, "图片标题2": NaN, "图片地址2": NaN, "图片标题3": NaN, "图片地址3": NaN}
{"名称": "金科文化艺术学校", "地址": "一心村22号3层(重庆大学地铁站3号口步行450米)", "城市": "重庆市", "标签": "科教文化服务;学校;职业技术学校|科教文化服务;培训机构;培训机构", "区域名称": "沙坪坝区", "经度": 106.462086, "纬度": 29.56525, "电话": "023-65472422", "图片标题1": NaN, "图片地址1": "http://store.is.autonavi.com/showpic/557a7db7a3109f1e8a18b04c", "图片标题2": NaN, "图片地址2": NaN, "图片标题3": NaN, "图片地址3": NaN}
{"名称": "重庆足下软件学院", "地址": "西永微电园研发3期2栋4号楼", "城市": "重庆市", "标签": "科教文化服务;学校;职业技术学校", "区域名称": "沙坪坝区", "经度": 106.369096, "纬度": 29.600668, "电话": "4000238811", "图片标题1": NaN, "图片地址1": "http://store.is.autonavi.com/showpic/dc069accab2be974f2e7b82dd335a388", "图片标题2": NaN, "图片地址2": NaN, "图片标题3": NaN, "图片地址3": NaN}
{"名称": "重庆铁路运输技师学院上桥校区", "地址": "沙区上桥(上桥地铁站3号口步行350米)", "城市": "重庆市", "标签": "科教文化服务;学校;职业技术学校", "区域名称": "沙坪坝区", "经度": 106.445401, "纬度": 29.515733, "电话": NaN, "图片标题1": NaN, "图片地址1": "http://store.is.autonavi.com/showpic/4d297ec70d9d7b1733d16023b37e6a9e", "图片标题2": NaN, "图片地址2": NaN, "图片标题3": NaN, "图片地址3": NaN}
{"名称": "重庆市立信职业教育中心北校区", "地址": "歌乐山镇南街", "城市": "重庆市", "标签": "科教文化服务;学校;职业技术学校", "区域名称": "沙坪坝区", "经度": 106.41801, "纬度": 29.584441, "电话": NaN, "图片标题1": NaN, "图片地址1": "http://store.is.autonavi.com/showpic/479fab48de9ada160cf838cd4dabc1e0", "图片标题2": NaN, "图片地址2": NaN, "图片标题3": NaN, "图片地址3": NaN}
{"名称": "德帮职业培训学校大学城分校", "地址": "陈东路与桥北路交叉口西北120米", "城市": "重庆市", "标签": "科教文化服务;学校;职业技术学校", "区域名称": "沙坪坝区", "经度": 106.336613, "纬度": 29.620004, "电话": NaN, "图片标题1": NaN, "图片地址1": NaN, "图片标题2": NaN, "图片地址2": NaN, "图片标题3": NaN, "图片地址3": NaN}
{"名称": "重庆市科能高级技工学校(上桥二村分校)", "地址": "上桥二村11号(上桥地铁站3号口步行310米)", "城市": "重庆市", "标签": "科教文化服务;学校;职业技术学校", "区域名称": "沙坪坝区", "经度": 106.443206, "纬度": 29.516235, "电话": "023-65200592;023-66515030", "图片标题1": NaN, "图片地址1": "http://store.is.autonavi.com/showpic/370dd8fc9b9a3c0cae3a219e5115ae06", "图片标题2": NaN, "图片地址2": "http://store.is.autonavi.com/showpic/e6737981e37b0a781cd5c957cb484a9b", "图片标题3": NaN, "图片地址3": NaN}
{"名称": "重庆市交通高级技工学校(林园校区)", "地址": "山洞路256号", "城市": "重庆市", "标签": "科教文化服务;学校;职业技术学校", "区域名称": "沙坪坝区", "经度": 106.419, "纬度": 29.527992, "电话": "15696896578", "图片标题1": NaN, "图片地址1": "http://store.is.autonavi.com/showpic/85f68b8b6fa3b6c86780d949a79b32f4", "图片标题2": NaN, "图片地址2": "http://store.is.autonavi.com/showpic/300dcce1c6fca70fdd42c3859b916b43", "图片标题3": NaN, "图片地址3": NaN}
{"名称": "机电技校站", "地址": "上桥二村5栋5-2(上桥地铁站3号口步行430米)", "城市": "重庆市", "标签": "科教文化服务;学校;职业技术学校", "区域名称": "沙坪坝区", "经度": 106.445845, "纬度": 29.5161, "电话": NaN, "图片标题1": NaN, "图片地址1": NaN, "图片标题2": NaN, "图片地址2": NaN, "图片标题3": NaN, "图片地址3": NaN}
{"名称": "重庆市聚英技工学校赋能未来分校", "地址": "赋能未来校区", "城市": "重庆市", "标签": "科教文化服务;学校;职业技术学校", "区域名称": "沙坪坝区", "经度": 106.37761, "纬度": 29.671052, "电话": NaN, "图片标题1": NaN, "图片地址1": "http://store.is.autonavi.com/showpic/620e63f9253f4b2d67fc7dab70948a1d", "图片标题2": NaN, "图片地址2": "http://store.is.autonavi.com/showpic/4c8679881dcae4bdc1029a63ba424af7", "图片标题3": NaN, "图片地址3": "http://store.is.autonavi.com/showpic/e732619e05ec45913cb45b12f5993cc5"}
{"名称": "全国铁路地铁订单学校", "地址": "凤中便道重庆铁路运输高级技工学校", "城市": "重庆市", "标签": "科教文化服务;学校;职业技术学校", "区域名称": "沙坪坝区", "经度": 106.441274, "纬度": 29.506708, "电话": NaN, "图片标题1": NaN, "图片地址1": "http://store.is.autonavi.com/showpic/70123a2628de133c9e0f3d18e2992cce", "图片标题2": NaN, "图片地址2": NaN, "图片标题3": NaN, "图片地址3": NaN}
{"名称": "重庆蒙太奇艺术学校", "地址": "西永西科大道22号西科公寓", "城市": "重庆市", "标签": "科教文化服务;学校;职业技术学校", "区域名称": "沙坪坝区", "经度": 106.387354, "纬度": 29.598226, "电话": NaN, "图片标题1": NaN, "图片地址1": NaN, "图片标题2": NaN, "图片地址2": NaN, "图片标题3": NaN, "图片地址3": NaN}
{"名称": "重庆建筑科技职业学院学生自习室①", "地址": "明德路南200米", "城市": "重庆市", "标签": "科教文化服务;学校;职业技术学校", "区域名称": "沙坪坝区", "经度": 106.328473, "纬度": 29.620324, "电话": NaN, "图片标题1": NaN, "图片地址1": "http://store.is.autonavi.com/showpic/a2984651e158be2a631a77ea96e6daf9", "图片标题2": NaN, "图片地址2": NaN, "图片标题3": NaN, "图片地址3": NaN}
{"名称": "重庆城市管理职业学院", "地址": "大学城南二路155号", "城市": "重庆市", "标签": "科教文化服务;学校;职业技术学校", "区域名称": "沙坪坝区", "经度": 106.303874, "纬度": 29.576812, "电话": "023-65626666;023-65626161", "图片标题1": NaN, "图片地址1": "http://store.is.autonavi.com/showpic/84fc29ec987c58ca909541c875113621", "图片标题2": NaN, "图片地址2": "http://aos-cdn-image.amap.com/sns/ugccomment/2895e8bf-d7e5-4bee-ba36-be96438bdd53.jpg", "图片标题3": NaN, "图片地址3": "http://aos-cdn-image.amap.com/sns/ugccomment/275eb5f6-b209-465f-acaa-284e571abd69.jpg"}
{"名称": "重庆光华女子职业中等专业学校", "地址": "山洞路218号", "城市": "重庆市", "标签": "科教文化服务;学校;职业技术学校", "区域名称": "沙坪坝区", "经度": 106.420745, "纬度": 29.522956, "电话": "023-65530384;023-65538683", "图片标题1": NaN, "图片地址1": "http://store.is.autonavi.com/showpic/0cfa4cdd9213b2f18c6c0b2ba1961d28", "图片标题2": NaN, "图片地址2": NaN, "图片标题3": NaN, "图片地址3": NaN}
{"名称": "重庆铁路运输技师学院", "地址": "上桥张家湾50号", "城市": "重庆市", "标签": "科教文化服务;学校;职业技术学校", "区域名称": "沙坪坝区", "经度": 106.442068, "纬度": 29.50671, "电话": "023-65209944", "图片标题1": NaN, "图片地址1": "http://store.is.autonavi.com/showpic/a06a438c9e554b545ce80ccfdeacb6f1", "图片标题2": NaN, "图片地址2": NaN, "图片标题3": NaN, "图片地址3": NaN}
{"名称": "重庆市立信职业教育中心B区", "地址": "歌乐山向家湾35号", "城市": "重庆市", "标签": "科教文化服务;学校;职业技术学校", "区域名称": "沙坪坝区", "经度": 106.421958, "纬度": 29.558117, "电话": NaN, "图片标题1": NaN, "图片地址1": NaN, "图片标题2": NaN, "图片地址2": NaN, "图片标题3": NaN, "图片地址3": NaN}
{"名称": "重庆市南丁卫生职业学校", "地址": "山洞街道山洞社区平正村50号", "城市": "重庆市", "标签": "科教文化服务;学校;职业技术学校", "区域名称": "沙坪坝区", "经度": 106.423893, "纬度": 29.515741, "电话": "023-65530703;023-65532926", "图片标题1": NaN, "图片地址1": "http://store.is.autonavi.com/showpic/5afe11f11870a52cee2586b84842e9a0", "图片标题2": NaN, "图片地址2": NaN, "图片标题3": NaN, "图片地址3": NaN}
{"名称": "重庆新东方烹饪学院", "地址": "双碑前进坡1号", "城市": "重庆市", "标签": "科教文化服务;学校;职业技术学校", "区域名称": "沙坪坝区", "经度": 106.441692, "纬度": 29.595986, "电话": "023-65135829;023-65135999;023-68736873", "图片标题1": NaN, "图片地址1": "http://store.is.autonavi.com/showpic/7f6849807a839330c205ff1ea0622acc", "图片标题2": NaN, "图片地址2": NaN, "图片标题3": NaN, "图片地址3": NaN}
{"名称": "重庆科能中等专业学校", "地址": "上桥2村11号(上桥地铁站3号口步行150米)", "城市": "重庆市", "标签": "科教文化服务;学校;职业技术学校", "区域名称": "沙坪坝区", "经度": 106.442092, "纬度": 29.516768, "电话": NaN, "图片标题1": NaN, "图片地址1": "http://store.is.autonavi.com/showpic/e183afbf6f0032aa3ecc66f370995f0b", "图片标题2": NaN, "图片地址2": NaN, "图片标题3": NaN, "图片地址3": NaN}
{"名称": "重庆新光华职业学校", "地址": "小龙坎好任性商场301室(小龙坎地铁站4号口步行160米)", "城市": "重庆市", "标签": "科教文化服务;学校;职业技术学校", "区域名称": "沙坪坝区", "经度": 106.467507, "纬度": 29.552139, "电话": NaN, "图片标题1": NaN, "图片地址1": NaN, "图片标题2": NaN, "图片地址2": NaN, "图片标题3": NaN, "图片地址3": NaN}
{"名称": "粉笔职教(大学城分校)", "地址": "大学城熙街3期2栋12-22", "城市": "重庆市", "标签": "科教文化服务;学校;职业技术学校", "区域名称": "沙坪坝区", "经度": 106.302584, "纬度": 29.606796, "电话": "18581027657", "图片标题1": NaN, "图片地址1": NaN, "图片标题2": NaN, "图片地址2": NaN, "图片标题3": NaN, "图片地址3": NaN}
{"名称": "弘一职校高新区校区", "地址": "大学城浪尖D+M大厦B栋8楼", "城市": "重庆市", "标签": "科教文化服务;学校;职业技术学校", "区域名称": "沙坪坝区", "经度": 106.30886, "纬度": 29.598182, "电话": "18696842360", "图片标题1": NaN, "图片地址1": "http://store.is.autonavi.com/showpic/c293eaa75bada6f1c9c8d2d92f8c2e06", "图片标题2": NaN, "图片地址2": NaN, "图片标题3": NaN, "图片地址3": NaN}
{"名称": "重庆市立信职业教育中心", "地址": "歌乐山会车场119号", "城市": "重庆市", "标签": "科教文化服务;学校;职业技术学校", "区域名称": "沙坪坝区", "经度": 106.42033, "纬度": 29.583749, "电话": "023-65504790;023-65509186", "图片标题1": NaN, "图片地址1": "http://store.is.autonavi.com/showpic/1bb16b9432ada5396bc20125b60337de", "图片标题2": NaN, "图片地址2": "http://store.is.autonavi.com/showpic/18cb2c1e628176a0c5916e3b912b9080", "图片标题3": NaN, "图片地址3": NaN}
{"名称": "重庆铁路运输中等职业学校", "地址": "张家湾50号", "城市": "重庆市", "标签": "科教文化服务;学校;职业技术学校", "区域名称": "沙坪坝区", "经度": 106.440941, "纬度": 29.506274, "电话": NaN, "图片标题1": NaN, "图片地址1": "http://store.is.autonavi.com/showpic/4999137533bfca681ea6feb3ee545767", "图片标题2": NaN, "图片地址2": NaN, "图片标题3": NaN, "图片地址3": NaN}
{"名称": "重庆铁路运输高级技工学校", "地址": "石新路与凤中路交叉口北约100米", "城市": "重庆市", "标签": "科教文化服务;学校;职业技术学校", "区域名称": "沙坪坝区", "经度": 106.445394, "纬度": 29.525313, "电话": NaN, "图片标题1": NaN, "图片地址1": NaN, "图片标题2": NaN, "图片地址2": NaN, "图片标题3": NaN, "图片地址3": NaN}
{"名称": "金科文化艺术学校", "地址": "一心村22号3层(重庆大学地铁站3号口步行450米)", "城市": "重庆市", "标签": "科教文化服务;学校;职业技术学校|科教文化服务;培训机构;培训机构", "区域名称": "沙坪坝区", "经度": 106.462086, "纬度": 29.56525, "电话": "023-65472422", "图片标题1": NaN, "图片地址1": "http://store.is.autonavi.com/showpic/557a7db7a3109f1e8a18b04c", "图片标题2": NaN, "图片地址2": NaN, "图片标题3": NaN, "图片地址3": NaN}
{"名称": "重庆足下软件学院", "地址": "西永微电园研发3期2栋4号楼", "城市": "重庆市", "标签": "科教文化服务;学校;职业技术学校", "区域名称": "沙坪坝区", "经度": 106.369096, "纬度": 29.600668, "电话": "4000238811", "图片标题1": NaN, "图片地址1": "http://store.is.autonavi.com/showpic/dc069accab2be974f2e7b82dd335a388", "图片标题2": NaN, "图片地址2": NaN, "图片标题3": NaN, "图片地址3": NaN}
{"名称": "重庆铁路运输技师学院上桥校区", "地址": "沙区上桥(上桥地铁站3号口步行350米)", "城市": "重庆市", "标签": "科教文化服务;学校;职业技术学校", "区域名称": "沙坪坝区", "经度": 106.445401, "纬度": 29.515733, "电话": NaN, "图片标题1": NaN, "图片地址1": "http://store.is.autonavi.com/showpic/4d297ec70d9d7b1733d16023b37e6a9e", "图片标题2": NaN, "图片地址2": NaN, "图片标题3": NaN, "图片地址3": NaN}
{"名称": "重庆市立信职业教育中心北校区", "地址": "歌乐山镇南街", "城市": "重庆市", "标签": "科教文化服务;学校;职业技术学校", "区域名称": "沙坪坝区", "经度": 106.41801, "纬度": 29.584441, "电话": NaN, "图片标题1": NaN, "图片地址1": "http://store.is.autonavi.com/showpic/479fab48de9ada160cf838cd4dabc1e0", "图片标题2": NaN, "图片地址2": NaN, "图片标题3": NaN, "图片地址3": NaN}
{"名称": "德帮职业培训学校大学城分校", "地址": "陈东路与桥北路交叉口西北120米", "城市": "重庆市", "标签": "科教文化服务;学校;职业技术学校", "区域名称": "沙坪坝区", "经度": 106.336613, "纬度": 29.620004, "电话": NaN, "图片标题1": NaN, "图片地址1": NaN, "图片标题2": NaN, "图片地址2": NaN, "图片标题3": NaN, "图片地址3": NaN}
{"名称": "重庆市科能高级技工学校(上桥二村分校)", "地址": "上桥二村11号(上桥地铁站3号口步行310米)", "城市": "重庆市", "标签": "科教文化服务;学校;职业技术学校", "区域名称": "沙坪坝区", "经度": 106.443206, "纬度": 29.516235, "电话": "023-65200592;023-66515030", "图片标题1": NaN, "图片地址1": "http://store.is.autonavi.com/showpic/370dd8fc9b9a3c0cae3a219e5115ae06", "图片标题2": NaN, "图片地址2": "http://store.is.autonavi.com/showpic/e6737981e37b0a781cd5c957cb484a9b", "图片标题3": NaN, "图片地址3": NaN}
{"名称": "重庆市交通高级技工学校(林园校区)", "地址": "山洞路256号", "城市": "重庆市", "标签": "科教文化服务;学校;职业技术学校", "区域名称": "沙坪坝区", "经度": 106.419, "纬度": 29.527992, "电话": "15696896578", "图片标题1": NaN, "图片地址1": "http://store.is.autonavi.com/showpic/85f68b8b6fa3b6c86780d949a79b32f4", "图片标题2": NaN, "图片地址2": "http://store.is.autonavi.com/showpic/300dcce1c6fca70fdd42c3859b916b43", "图片标题3": NaN, "图片地址3": NaN}
{"名称": "机电技校站", "地址": "上桥二村5栋5-2(上桥地铁站3号口步行430米)", "城市": "重庆市", "标签": "科教文化服务;学校;职业技术学校", "区域名称": "沙坪坝区", "经度": 106.445845, "纬度": 29.5161, "电话": NaN, "图片标题1": NaN, "图片地址1": NaN, "图片标题2": NaN, "图片地址2": NaN, "图片标题3": NaN, "图片地址3": NaN}
{"名称": "重庆市聚英技工学校赋能未来分校", "地址": "赋能未来校区", "城市": "重庆市", "标签": "科教文化服务;学校;职业技术学校", "区域名称": "沙坪坝区", "经度": 106.37761, "纬度": 29.671052, "电话": NaN, "图片标题1": NaN, "图片地址1": "http://store.is.autonavi.com/showpic/620e63f9253f4b2d67fc7dab70948a1d", "图片标题2": NaN, "图片地址2": "http://store.is.autonavi.com/showpic/4c8679881dcae4bdc1029a63ba424af7", "图片标题3": NaN, "图片地址3": "http://store.is.autonavi.com/showpic/e732619e05ec45913cb45b12f5993cc5"}
{"名称": "全国铁路地铁订单学校", "地址": "凤中便道重庆铁路运输高级技工学校", "城市": "重庆市", "标签": "科教文化服务;学校;职业技术学校", "区域名称": "沙坪坝区", "经度": 106.441274, "纬度": 29.506708, "电话": NaN, "图片标题1": NaN, "图片地址1": "http://store.is.autonavi.com/showpic/70123a2628de133c9e0f3d18e2992cce", "图片标题2": NaN, "图片地址2": NaN, "图片标题3": NaN, "图片地址3": NaN}
{"名称": "重庆蒙太奇艺术学校", "地址": "西永西科大道22号西科公寓", "城市": "重庆市", "标签": "科教文化服务;学校;职业技术学校", "区域名称": "沙坪坝区", "经度": 106.387354, "纬度": 29.598226, "电话": NaN, "图片标题1": NaN, "图片地址1": NaN, "图片标题2": NaN, "图片地址2": NaN, "图片标题3": NaN, "图片地址3": NaN}
{"名称": "重庆建筑科技职业学院学生自习室①", "地址": "明德路南200米", "城市": "重庆市", "标签": "科教文化服务;学校;职业技术学校", "区域名称": "沙坪坝区", "经度": 106.328473, "纬度": 29.620324, "电话": NaN, "图片标题1": NaN, "图片地址1": "http://store.is.autonavi.com/showpic/a2984651e158be2a631a77ea96e6daf9", "图片标题2": NaN, "图片地址2": NaN, "图片标题3": NaN, "图片地址3": NaN}
{"名称": "重庆建筑科技职业学院教务处", "地址": "建筑科技职业学院综合楼B5-01", "城市": "重庆市", "标签": "科教文化服务;学校;职业技术学校", "区域名称": "沙坪坝区", "经度": 106.327749, "纬度": 29.620342, "电话": NaN, "图片标题1": NaN, "图片地址1": NaN, "图片标题2": NaN, "图片地址2": NaN, "图片标题3": NaN, "图片地址3": NaN}
{"名称": "重庆服装艺术学校(成人教学区)", "地址": "天陈路12号重庆师范大学内A栋16层", "城市": "重庆市", "标签": "科教文化服务;学校;职业技术学校", "区域名称": "沙坪坝区", "经度": 106.458823, "纬度": 29.556207, "电话": "13617620088", "图片标题1": NaN, "图片地址1": NaN, "图片标题2": NaN, "图片地址2": NaN, "图片标题3": NaN, "图片地址3": NaN}
{"名称": "重庆市嘉禾职业培训学校", "地址": "磁器口东门沙磁巷101号附41号", "城市": "重庆市", "标签": "科教文化服务;学校;职业技术学校", "区域名称": "沙坪坝区", "经度": 106.457321, "纬度": 29.578712, "电话": "023-65092829", "图片标题1": NaN, "图片地址1": "http://store.is.autonavi.com/showpic/309335dfb05ce359b17aa169c1dac573", "图片标题2": NaN, "图片地址2": NaN, "图片标题3": NaN, "图片地址3": NaN}
{"名称": "重庆师范大学计算机实验教学中心软件工程实验室Ⅲ", "地址": "大学城北路与景和路交叉口北380米", "城市": "重庆市", "标签": "科教文化服务;学校;职业技术学校", "区域名称": "沙坪坝区", "经度": 106.303491, "纬度": 29.610677, "电话": NaN, "图片标题1": NaN, "图片地址1": "http://store.is.autonavi.com/showpic/dca00320bc48247ce5944253c23c2c6d", "图片标题2": NaN, "图片地址2": NaN, "图片标题3": NaN, "图片地址3": NaN}
{"名称": "重庆建筑科技职业学院美术教研室", "地址": "陈西路西200米", "城市": "重庆市", "标签": "科教文化服务;学校;职业技术学校", "区域名称": "沙坪坝区", "经度": 106.328784, "纬度": 29.618929, "电话": NaN, "图片标题1": NaN, "图片地址1": NaN, "图片标题2": NaN, "图片地址2": NaN, "图片标题3": NaN, "图片地址3": NaN}
{"名称": "重庆电子工程职业学院WCDMA仿真实训室", "地址": "大学城东路76号重庆电子工程职业学院", "城市": "重庆市", "标签": "科教文化服务;学校;职业技术学校", "区域名称": "沙坪坝区", "经度": 106.325549, "纬度": 29.624397, "电话": NaN, "图片标题1": NaN, "图片地址1": "http://store.is.autonavi.com/showpic/74e47d9109659d119e679607c20f85bd", "图片标题2": NaN, "图片地址2": NaN, "图片标题3": NaN, "图片地址3": NaN}
{"名称": "重庆建筑科技职业学院图书馆办公室", "地址": "明德路南150米", "城市": "重庆市", "标签": "科教文化服务;学校;职业技术学校", "区域名称": "沙坪坝区", "经度": 106.327937, "纬度": 29.620733, "电话": NaN, "图片标题1": NaN, "图片地址1": NaN, "图片标题2": NaN, "图片地址2": NaN, "图片标题3": NaN, "图片地址3": NaN}
{"名称": "重庆电子工程职业学院计算机应用教研室", "地址": "重庆电子工程职业学院北区求实楼11-101", "城市": "重庆市", "标签": "科教文化服务;学校;职业技术学校", "区域名称": "沙坪坝区", "经度": 106.325603, "纬度": 29.623543, "电话": NaN, "图片标题1": NaN, "图片地址1": "http://store.is.autonavi.com/showpic/a48c8430ed05f6237bf955ecf1d897c4", "图片标题2": NaN, "图片地址2": NaN, "图片标题3": NaN, "图片地址3": NaN}
{"名称": "重庆建筑科技职业学院重点建设实验室", "地址": "明德路3号附近", "城市": "重庆市", "标签": "科教文化服务;学校;职业技术学校", "区域名称": "沙坪坝区", "经度": 106.328044, "纬度": 29.620151, "电话": NaN, "图片标题1": NaN, "图片地址1": NaN, "图片标题2": NaN, "图片地址2": NaN, "图片标题3": NaN, "图片地址3": NaN}
{"名称": "重庆建筑科技职业学院供需见面洽谈室", "地址": "建筑科技职业学院综合楼A2-01", "城市": "重庆市", "标签": "科教文化服务;学校;职业技术学校", "区域名称": "沙坪坝区", "经度": 106.327995, "纬度": 29.620641, "电话": NaN, "图片标题1": NaN, "图片地址1": NaN, "图片标题2": NaN, "图片地址2": NaN, "图片标题3": NaN, "图片地址3": NaN}
{"名称": "重庆市立信职业教育中心南校区", "地址": "歌乐街道向家湾18号", "城市": "重庆市", "标签": "科教文化服务;学校;职业技术学校", "区域名称": "沙坪坝区", "经度": 106.421409, "纬度": 29.558426, "电话": "023-65504790;023-65509186", "图片标题1": NaN, "图片地址1": NaN, "图片标题2": NaN, "图片地址2": NaN, "图片标题3": NaN, "图片地址3": NaN}
{"名称": "重庆建筑科技职业学院对口帮扶合作基地", "地址": "明德路3号重庆房地产职业学院教学楼附近", "城市": "重庆市", "标签": "科教文化服务;学校;职业技术学校", "区域名称": "沙坪坝区", "经度": 106.328076, "纬度": 29.620566, "电话": NaN, "图片标题1": NaN, "图片地址1": NaN, "图片标题2": NaN, "图片地址2": NaN, "图片标题3": NaN, "图片地址3": NaN}
{"名称": "重庆建筑科技职业学院志愿服务指定高校", "地址": "建筑科技职业学院综合楼C3-09", "城市": "重庆市", "标签": "科教文化服务;学校;职业技术学校", "区域名称": "沙坪坝区", "经度": 106.328081, "纬度": 29.6205, "电话": NaN, "图片标题1": NaN, "图片地址1": NaN, "图片标题2": NaN, "图片地址2": NaN, "图片标题3": NaN, "图片地址3": NaN}
{"名称": "重庆铁路运输技师学院(林园校区)", "地址": "山洞路", "城市": "重庆市", "标签": "科教文化服务;学校;职业技术学校", "区域名称": "沙坪坝区", "经度": 106.419649, "纬度": 29.527627, "电话": NaN, "图片标题1": NaN, "图片地址1": "http://store.is.autonavi.com/showpic/c9b4908c83aa35f44fc4549465149658", "图片标题2": NaN, "图片地址2": NaN, "图片标题3": NaN, "图片地址3": NaN}
{"名称": "重庆建筑科技职业学院管理系系主任办公室", "地址": "陈西路西200米", "城市": "重庆市", "标签": "科教文化服务;学校;职业技术学校", "区域名称": "沙坪坝区", "经度": 106.328226, "纬度": 29.619801, "电话": NaN, "图片标题1": NaN, "图片地址1": NaN, "图片标题2": NaN, "图片地址2": NaN, "图片标题3": NaN, "图片地址3": NaN}
{"名称": "重庆电子工程职业学院计算机基础教学部", "地址": "大学城东路76号重庆电子工程职业学院", "城市": "重庆市", "标签": "科教文化服务;学校;职业技术学校", "区域名称": "沙坪坝区", "经度": 106.326038, "纬度": 29.623683, "电话": NaN, "图片标题1": NaN, "图片地址1": "http://store.is.autonavi.com/showpic/7bb6d3930c4c27d8ca31a6c536454876", "图片标题2": NaN, "图片地址2": NaN, "图片标题3": NaN, "图片地址3": NaN}
{"名称": "重庆师范大学光电材料与工程重庆市高校重点实验室", "地址": "大学城北路与景和路交叉口北360米", "城市": "重庆市", "标签": "科教文化服务;学校;职业技术学校", "区域名称": "沙坪坝区", "经度": 106.303432, "纬度": 29.610547, "电话": NaN, "图片标题1": NaN, "图片地址1": "http://store.is.autonavi.com/showpic/b97d2627cbbf3c522f87066059443043", "图片标题2": NaN, "图片地址2": NaN, "图片标题3": NaN, "图片地址3": NaN}
{"名称": "重庆建筑科技职业学院对口社区志愿服务高校", "地址": "明德路3号重庆建筑科技职业学院教学楼附近", "城市": "重庆市", "标签": "科教文化服务;学校;职业技术学校", "区域名称": "沙坪坝区", "经度": 106.328062, "纬度": 29.620599, "电话": NaN, "图片标题1": NaN, "图片地址1": NaN, "图片标题2": NaN, "图片地址2": NaN, "图片标题3": NaN, "图片地址3": NaN}
{"名称": "重庆建筑科技职业学院设备设计与建模实训室", "地址": "明德路南150米", "城市": "重庆市", "标签": "科教文化服务;学校;职业技术学校", "区域名称": "沙坪坝区", "经度": 106.327722, "纬度": 29.620604, "电话": NaN, "图片标题1": NaN, "图片地址1": NaN, "图片标题2": NaN, "图片地址2": NaN, "图片标题3": NaN, "图片地址3": NaN}
{"名称": "重庆建筑科技职业学院学生职业技能鉴定办公室", "地址": "建筑科技职业学院综合楼B5-09", "城市": "重庆市", "标签": "科教文化服务;学校;职业技术学校", "区域名称": "沙坪坝区", "经度": 106.327714, "纬度": 29.620433, "电话": NaN, "图片标题1": NaN, "图片地址1": NaN, "图片标题2": NaN, "图片地址2": NaN, "图片标题3": NaN, "图片地址3": NaN}
{"名称": "重庆建筑科技职业学院房地产营销系系主任办公室", "地址": "明德路南200米", "城市": "重庆市", "标签": "科教文化服务;学校;职业技术学校", "区域名称": "沙坪坝区", "经度": 106.328447, "纬度": 29.620328, "电话": NaN, "图片标题1": NaN, "图片地址1": NaN, "图片标题2": NaN, "图片地址2": NaN, "图片标题3": NaN, "图片地址3": NaN}
{"名称": "重庆建筑科技职业学院房地产设备工程系系主任办公室", "地址": "陈西路与陈青路交叉口西南200米", "城市": "重庆市", "标签": "科教文化服务;学校;职业技术学校", "区域名称": "沙坪坝区", "经度": 106.329118, "纬度": 29.620628, "电话": NaN, "图片标题1": NaN, "图片地址1": NaN, "图片标题2": NaN, "图片地址2": NaN, "图片标题3": NaN, "图片地址3": NaN}
{"名称": "重庆建筑科技职业学院房地产成本控制系工程造价教研室", "地址": "明德路与陈青路交叉口西南200米", "城市": "重庆市", "标签": "科教文化服务;学校;职业技术学校", "区域名称": "沙坪坝区", "经度": 106.329143, "纬度": 29.620548, "电话": NaN, "图片标题1": NaN, "图片地址1": NaN, "图片标题2": NaN, "图片地址2": NaN, "图片标题3": NaN, "图片地址3": NaN}
{"名称": "重庆建筑科技职业学院工程造价综合实训室市级骨干高职院校建设项目", "地址": "重庆建筑科技职业学院综合楼C2-12", "城市": "重庆市", "标签": "科教文化服务;学校;职业技术学校", "区域名称": "沙坪坝区", "经度": 106.327652, "纬度": 29.62023, "电话": NaN, "图片标题1": NaN, "图片地址1": NaN, "图片标题2": NaN, "图片地址2": NaN, "图片标题3": NaN, "图片地址3": NaN}
