{"名称": "南开中学", "地址": "沙南街1号", "城市": "重庆市", "标签": "科教文化服务;学校;中学", "区域名称": "沙坪坝区", "经度": 106.459018, "纬度": 29.561335, "电话": "023-65312786;023-65312100", "图片标题1": NaN, "图片地址1": "http://store.is.autonavi.com/showpic/690f967002ce7e2202baa32ce88096f4", "图片标题2": "外景图", "图片地址2": "http://store.is.autonavi.com/showpic/eeab00dfdd8bac961630c370bdb35d13", "图片标题3": "外景图", "图片地址3": "http://store.is.autonavi.com/showpic/8384669149c4bb3d59edf9dc2876717c"}
{"名称": "重庆市天星桥中学", "地址": "天星桥正街82号(高滩岩地铁站4B口步行340米)", "城市": "重庆市", "标签": "科教文化服务;学校;中学", "区域名称": "沙坪坝区", "经度": 106.451914, "纬度": 29.543885, "电话": "023-65304092", "图片标题1": "外景图", "图片地址1": "http://store.is.autonavi.com/showpic/e9b2beb817df4af6dedd9d3b08affaa5", "图片标题2": NaN, "图片地址2": "http://store.is.autonavi.com/showpic/557a9799a3109f1e8a194e79", "图片标题3": NaN, "图片地址3": "http://store.is.autonavi.com/showpic/55de9a74a3105157611296d6"}
{"名称": "重庆市第七中学校", "地址": "沙坪坝北街94号(重庆大学地铁站1B口步行160米)", "城市": "重庆市", "标签": "科教文化服务;学校;中学", "区域名称": "沙坪坝区", "经度": 106.464025, "纬度": 29.571013, "电话": "023-65303008;023-65312666", "图片标题1": "外景图", "图片地址1": "http://store.is.autonavi.com/showpic/ff476815f43d739b596bb8c78ae38811", "图片标题2": "外景图", "图片地址2": "http://store.is.autonavi.com/showpic/d2bb9aecebf84557a8961ecd563b7900", "图片标题3": "外景图", "图片地址3": "http://store.is.autonavi.com/showpic/3df3c3aa02268296d95c047ce894c25e"}
{"名称": "重庆市第八中学校", "地址": "小龙坎正街96号附3号4-1", "城市": "重庆市", "标签": "科教文化服务;学校;中学", "区域名称": "沙坪坝区", "经度": 106.465491, "纬度": 29.554086, "电话": NaN, "图片标题1": NaN, "图片地址1": "http://store.is.autonavi.com/showpic/714e46c4704470f97ab94eb0bd2473fc", "图片标题2": NaN, "图片地址2": "http://store.is.autonavi.com/showpic/b06c24af6eb438c1884c4a30d1bbc444", "图片标题3": NaN, "图片地址3": "http://store.is.autonavi.com/showpic/28bc9517cd48b7b9e20b007652efeafb"}
{"名称": "重庆一中(汉渝路)", "地址": "沙南街2号", "城市": "重庆市", "标签": "科教文化服务;学校;中学", "区域名称": "沙坪坝区", "经度": 106.465889, "纬度": 29.559964, "电话": "023-65303495;023-65307121", "图片标题1": NaN, "图片地址1": "http://aos-cdn-image.amap.com/sns/ugccomment/4b2b2a01-9060-4718-a7c5-d2e38323d00c.jpg", "图片标题2": NaN, "图片地址2": "http://store.is.autonavi.com/showpic/6404b4357d63d5cd53fd2273602c4732", "图片标题3": NaN, "图片地址3": NaN}
{"名称": "汇育学校", "地址": "土湾学堂湾1号(小龙坎地铁站7B口步行350米)", "城市": "重庆市", "标签": "科教文化服务;学校;中学", "区域名称": "沙坪坝区", "经度": 106.474827, "纬度": 29.551391, "电话": "023-86280818", "图片标题1": NaN, "图片地址1": "http://store.is.autonavi.com/showpic/f043d4ddb226955c92ca9588d6f1eac2", "图片标题2": NaN, "图片地址2": NaN, "图片标题3": NaN, "图片地址3": NaN}
{"名称": "重庆市青木关中学校", "地址": "青木关镇新青路315号", "城市": "重庆市", "标签": "科教文化服务;学校;中学", "区域名称": "沙坪坝区", "经度": 106.300195, "纬度": 29.672973, "电话": "023-65600099;023-65601909", "图片标题1": NaN, "图片地址1": "http://store.is.autonavi.com/showpic/87c8491374be3d3e62a43a79eff66c49", "图片标题2": NaN, "图片地址2": "http://store.is.autonavi.com/showpic/0a45a2ac8e9b639c9746ed9d67dbcf51", "图片标题3": NaN, "图片地址3": NaN}
{"名称": "重庆上桥中学", "地址": "上桥东风新二村9号", "城市": "重庆市", "标签": "科教文化服务;学校;中学", "区域名称": "沙坪坝区", "经度": 106.441828, "纬度": 29.508058, "电话": NaN, "图片标题1": NaN, "图片地址1": "http://store.is.autonavi.com/showpic/d4229fa7bf4e3120bd28326ead32055e", "图片标题2": NaN, "图片地址2": NaN, "图片标题3": NaN, "图片地址3": NaN}
{"名称": "重庆市凤鸣山中学", "地址": "凤天大道150号", "城市": "重庆市", "标签": "科教文化服务;学校;中学", "区域名称": "沙坪坝区", "经度": 106.448721, "纬度": 29.528648, "电话": "023-65201038;023-65209860", "图片标题1": NaN, "图片地址1": "http://store.is.autonavi.com/showpic/b784a59743660e85cb7982935e8b34c1", "图片标题2": NaN, "图片地址2": "http://store.is.autonavi.com/showpic/d306817b8192b30cd43cbb0bd607680a", "图片标题3": NaN, "图片地址3": NaN}
{"名称": "重庆西藏中学校", "地址": "歌乐山街道保育路", "城市": "重庆市", "标签": "科教文化服务;学校;中学", "区域名称": "沙坪坝区", "经度": 106.422284, "纬度": 29.570918, "电话": "023-65503652", "图片标题1": NaN, "图片地址1": "http://store.is.autonavi.com/showpic/a8c27196f94c885caa7674067632deb9", "图片标题2": NaN, "图片地址2": NaN, "图片标题3": NaN, "图片地址3": NaN}
{"名称": "重庆六十八中学", "地址": "大杨公桥150号(杨公桥地铁站4号口步行200米)", "城市": "重庆市", "标签": "科教文化服务;学校;中学", "区域名称": "沙坪坝区", "经度": 106.449082, "纬度": 29.563613, "电话": NaN, "图片标题1": NaN, "图片地址1": "http://store.is.autonavi.com/showpic/962ceb97013e8f52fb20f1a44ac60cae", "图片标题2": NaN, "图片地址2": NaN, "图片标题3": NaN, "图片地址3": NaN}
{"名称": "重庆市沙坪坝实验中学校", "地址": "大公村22号新生村桃花里东侧", "城市": "重庆市", "标签": "科教文化服务;学校;中学", "区域名称": "沙坪坝区", "经度": 106.471121, "纬度": 29.555857, "电话": "023-65001750", "图片标题1": NaN, "图片地址1": "http://store.is.autonavi.com/showpic/504866d6f4f3834f081de91e94da741b", "图片标题2": NaN, "图片地址2": "http://store.is.autonavi.com/showpic/92e3ae2e2a214f663a393ddd78b49415", "图片标题3": NaN, "图片地址3": "http://store.is.autonavi.com/showpic/88844201a36635dbe46d2eae5d424371"}
{"名称": "重庆二塘中学", "地址": "井口先锋街80号", "城市": "重庆市", "标签": "科教文化服务;学校;中学", "区域名称": "沙坪坝区", "经度": 106.455649, "纬度": 29.64918, "电话": "023-65290233", "图片标题1": NaN, "图片地址1": "http://store.is.autonavi.com/showpic/8f9234fec4a1fe09d5a56f2629bad639", "图片标题2": NaN, "图片地址2": NaN, "图片标题3": NaN, "图片地址3": NaN}
{"名称": "重庆市大学城第一中学校", "地址": "虎溪大学城中路", "城市": "重庆市", "标签": "科教文化服务;学校;中学", "区域名称": "沙坪坝区", "经度": 106.311202, "纬度": 29.591382, "电话": NaN, "图片标题1": NaN, "图片地址1": "http://store.is.autonavi.com/showpic/021c5bf4ac710e6b882c07060cbad1f2", "图片标题2": NaN, "图片地址2": "http://store.is.autonavi.com/showpic/dfcf11c3e7a72963034b811632e3da2e", "图片标题3": NaN, "图片地址3": "http://store.is.autonavi.com/showpic/53b8d276c319a9fcb512454b434bc8ae"}
{"名称": "沙坪坝实验外语学校", "地址": "山洞平正村50号重庆市南丁卫生职业学校北边", "城市": "重庆市", "标签": "科教文化服务;学校;中学", "区域名称": "沙坪坝区", "经度": 106.423136, "纬度": 29.517215, "电话": NaN, "图片标题1": NaN, "图片地址1": "http://store.is.autonavi.com/showpic/acb5acdbdf7c3caf7bcd75a72720cbee", "图片标题2": NaN, "图片地址2": "http://store.is.autonavi.com/showpic/5df51deffc9323657c6ca1b653184a24", "图片标题3": NaN, "图片地址3": NaN}
{"名称": "重庆市第七十一中学校", "地址": "马道子95号", "城市": "重庆市", "标签": "科教文化服务;学校;中学", "区域名称": "沙坪坝区", "经度": 106.468604, "纬度": 29.555805, "电话": "023-65420757", "图片标题1": NaN, "图片地址1": "http://store.is.autonavi.com/showpic/52665f510b987756c36ce8213ca67075", "图片标题2": NaN, "图片地址2": "http://store.is.autonavi.com/showpic/beac2cebe2599baef618162780cf6ff7", "图片标题3": NaN, "图片地址3": NaN}
{"名称": "重庆市第三十二中学校高中部", "地址": "双碑街道工农坡22号", "城市": "重庆市", "标签": "科教文化服务;学校;中学", "区域名称": "沙坪坝区", "经度": 106.441365, "纬度": 29.60807, "电话": "023-88051158", "图片标题1": NaN, "图片地址1": "http://store.is.autonavi.com/showpic/2fe629af368da793c87eff13a1b5836b", "图片标题2": NaN, "图片地址2": NaN, "图片标题3": NaN, "图片地址3": NaN}
{"名称": "大学城第一中学初中部", "地址": "思贤路与大学城东路交汇处西北角", "城市": "重庆市", "标签": "科教文化服务;学校;中学", "区域名称": "沙坪坝区", "经度": 106.316765, "纬度": 29.588748, "电话": NaN, "图片标题1": NaN, "图片地址1": "http://store.is.autonavi.com/showpic/230dca7ee3724cb521c138bd2458693e", "图片标题2": NaN, "图片地址2": "http://store.is.autonavi.com/showpic/2c0bf04f0d16d43f5f131b60100c7d09", "图片标题3": NaN, "图片地址3": "http://store.is.autonavi.com/showpic/3bff3fe682c2222f40c5d325025addc4"}
{"名称": "重庆市第一实验中学校", "地址": "高新区大学城南二路750号", "城市": "重庆市", "标签": "科教文化服务;学校;中学", "区域名称": "沙坪坝区", "经度": 106.293758, "纬度": 29.58214, "电话": "023-65912509", "图片标题1": NaN, "图片地址1": "http://store.is.autonavi.com/showpic/0983bf5cd8bbbd092d89e20f80e75262", "图片标题2": NaN, "图片地址2": "http://store.is.autonavi.com/showpic/f60126a826dede5c893d0dc57577bbba", "图片标题3": NaN, "图片地址3": "http://store.is.autonavi.com/showpic/d5b566460fafe59591826e4dea173ec2"}
{"名称": "重庆三十二中初中部", "地址": "双碑长春沟32号", "城市": "重庆市", "标签": "科教文化服务;学校;中学", "区域名称": "沙坪坝区", "经度": 106.438842, "纬度": 29.601752, "电话": "023-88862852", "图片标题1": NaN, "图片地址1": "http://store.is.autonavi.com/showpic/7cae72f051a63b52498a6dc9fd21af89", "图片标题2": NaN, "图片地址2": "http://store.is.autonavi.com/showpic/4b78f07862c4c64e0f030885c51ef0c8", "图片标题3": NaN, "图片地址3": NaN}
{"名称": "重庆大学城第三中学校", "地址": "陈家桥镇环城路", "城市": "重庆市", "标签": "科教文化服务;学校;中学", "区域名称": "沙坪坝区", "经度": 106.344761, "纬度": 29.615816, "电话": "023-65240449", "图片标题1": NaN, "图片地址1": "http://store.is.autonavi.com/showpic/f6b681c34e623a2dc456c1252c0176a8", "图片标题2": NaN, "图片地址2": NaN, "图片标题3": NaN, "图片地址3": NaN}
{"名称": "重庆市名校联合中学校", "地址": "小新街118号", "城市": "重庆市", "标签": "科教文化服务;学校;中学", "区域名称": "沙坪坝区", "经度": 106.463589, "纬度": 29.559968, "电话": "023-86056858", "图片标题1": NaN, "图片地址1": "http://store.is.autonavi.com/showpic/55deb321a31051576112c18b", "图片标题2": NaN, "图片地址2": "http://store.is.autonavi.com/showpic/5728e417d036680b8da74bc450ce6e42", "图片标题3": NaN, "图片地址3": "http://store.is.autonavi.com/showpic/021413c028bccdb9458810a65df78901"}
{"名称": "中粱实验学校(广善校区)", "地址": "中梁镇中新路56号", "城市": "重庆市", "标签": "科教文化服务;学校;中学", "区域名称": "沙坪坝区", "经度": 106.411091, "纬度": 29.640571, "电话": "023-65540918", "图片标题1": NaN, "图片地址1": "http://store.is.autonavi.com/showpic/f5fea834a21f5c0ef24d83ec62003136", "图片标题2": NaN, "图片地址2": "http://store.is.autonavi.com/showpic/1b0071d087fdcd95ae72265c05eb1d50", "图片标题3": NaN, "图片地址3": "http://store.is.autonavi.com/showpic/8ba160a36af800e10502bb939965c480"}
{"名称": "重庆市沙坪坝区新丝路中学校", "地址": "土主正街120号", "城市": "重庆市", "标签": "科教文化服务;学校;中学", "区域名称": "沙坪坝区", "经度": 106.373783, "纬度": 29.634385, "电话": NaN, "图片标题1": NaN, "图片地址1": "http://store.is.autonavi.com/showpic/77658dca487075b61ea71ada2ebdb7a3", "图片标题2": NaN, "图片地址2": "http://store.is.autonavi.com/showpic/1a0eac9b5660150ceaa9338a81bee555", "图片标题3": NaN, "图片地址3": "http://store.is.autonavi.com/showpic/d04d1dc1088e0962ea2a881c2a9cd80b"}
{"名称": "重庆六十四中", "地址": "井口街道井口后街1号", "城市": "重庆市", "标签": "科教文化服务;学校;中学", "区域名称": "沙坪坝区", "经度": 106.447971, "纬度": 29.635888, "电话": "023-65184107", "图片标题1": NaN, "图片地址1": "http://aos-cdn-image.amap.com/sns/ugccomment/54ad5cef-7232-4179-af26-2f993d236fae.jpg", "图片标题2": NaN, "图片地址2": "http://aos-cdn-image.amap.com/sns/ugccomment/1a3ab6ae-255b-499c-9e5a-8e755c424dbc.jpg", "图片标题3": NaN, "图片地址3": NaN}
{"名称": "南开中学", "地址": "沙南街1号", "城市": "重庆市", "标签": "科教文化服务;学校;中学", "区域名称": "沙坪坝区", "经度": 106.459018, "纬度": 29.561335, "电话": "023-65312786;023-65312100", "图片标题1": NaN, "图片地址1": "http://store.is.autonavi.com/showpic/690f967002ce7e2202baa32ce88096f4", "图片标题2": "外景图", "图片地址2": "http://store.is.autonavi.com/showpic/eeab00dfdd8bac961630c370bdb35d13", "图片标题3": "外景图", "图片地址3": "http://store.is.autonavi.com/showpic/8384669149c4bb3d59edf9dc2876717c"}
{"名称": "重庆市天星桥中学", "地址": "天星桥正街82号(高滩岩地铁站4B口步行340米)", "城市": "重庆市", "标签": "科教文化服务;学校;中学", "区域名称": "沙坪坝区", "经度": 106.451914, "纬度": 29.543885, "电话": "023-65304092", "图片标题1": "外景图", "图片地址1": "http://store.is.autonavi.com/showpic/e9b2beb817df4af6dedd9d3b08affaa5", "图片标题2": NaN, "图片地址2": "http://store.is.autonavi.com/showpic/557a9799a3109f1e8a194e79", "图片标题3": NaN, "图片地址3": "http://store.is.autonavi.com/showpic/55de9a74a3105157611296d6"}
{"名称": "重庆市第七中学校", "地址": "沙坪坝北街94号(重庆大学地铁站1B口步行160米)", "城市": "重庆市", "标签": "科教文化服务;学校;中学", "区域名称": "沙坪坝区", "经度": 106.464025, "纬度": 29.571013, "电话": "023-65303008;023-65312666", "图片标题1": "外景图", "图片地址1": "http://store.is.autonavi.com/showpic/ff476815f43d739b596bb8c78ae38811", "图片标题2": "外景图", "图片地址2": "http://store.is.autonavi.com/showpic/d2bb9aecebf84557a8961ecd563b7900", "图片标题3": "外景图", "图片地址3": "http://store.is.autonavi.com/showpic/3df3c3aa02268296d95c047ce894c25e"}
{"名称": "重庆市第八中学校", "地址": "小龙坎正街96号附3号4-1", "城市": "重庆市", "标签": "科教文化服务;学校;中学", "区域名称": "沙坪坝区", "经度": 106.465491, "纬度": 29.554086, "电话": NaN, "图片标题1": NaN, "图片地址1": "http://store.is.autonavi.com/showpic/714e46c4704470f97ab94eb0bd2473fc", "图片标题2": NaN, "图片地址2": "http://store.is.autonavi.com/showpic/b06c24af6eb438c1884c4a30d1bbc444", "图片标题3": NaN, "图片地址3": "http://store.is.autonavi.com/showpic/28bc9517cd48b7b9e20b007652efeafb"}
{"名称": "重庆一中(汉渝路)", "地址": "沙南街2号", "城市": "重庆市", "标签": "科教文化服务;学校;中学", "区域名称": "沙坪坝区", "经度": 106.465889, "纬度": 29.559964, "电话": "023-65303495;023-65307121", "图片标题1": NaN, "图片地址1": "http://aos-cdn-image.amap.com/sns/ugccomment/4b2b2a01-9060-4718-a7c5-d2e38323d00c.jpg", "图片标题2": NaN, "图片地址2": "http://store.is.autonavi.com/showpic/6404b4357d63d5cd53fd2273602c4732", "图片标题3": NaN, "图片地址3": NaN}
{"名称": "汇育学校", "地址": "土湾学堂湾1号(小龙坎地铁站7B口步行350米)", "城市": "重庆市", "标签": "科教文化服务;学校;中学", "区域名称": "沙坪坝区", "经度": 106.474827, "纬度": 29.551391, "电话": "023-86280818", "图片标题1": NaN, "图片地址1": "http://store.is.autonavi.com/showpic/f043d4ddb226955c92ca9588d6f1eac2", "图片标题2": NaN, "图片地址2": NaN, "图片标题3": NaN, "图片地址3": NaN}
{"名称": "重庆市青木关中学校", "地址": "青木关镇新青路315号", "城市": "重庆市", "标签": "科教文化服务;学校;中学", "区域名称": "沙坪坝区", "经度": 106.300195, "纬度": 29.672973, "电话": "023-65600099;023-65601909", "图片标题1": NaN, "图片地址1": "http://store.is.autonavi.com/showpic/87c8491374be3d3e62a43a79eff66c49", "图片标题2": NaN, "图片地址2": "http://store.is.autonavi.com/showpic/0a45a2ac8e9b639c9746ed9d67dbcf51", "图片标题3": NaN, "图片地址3": NaN}
{"名称": "重庆上桥中学", "地址": "上桥东风新二村9号", "城市": "重庆市", "标签": "科教文化服务;学校;中学", "区域名称": "沙坪坝区", "经度": 106.441828, "纬度": 29.508058, "电话": NaN, "图片标题1": NaN, "图片地址1": "http://store.is.autonavi.com/showpic/d4229fa7bf4e3120bd28326ead32055e", "图片标题2": NaN, "图片地址2": NaN, "图片标题3": NaN, "图片地址3": NaN}
{"名称": "重庆市凤鸣山中学", "地址": "凤天大道150号", "城市": "重庆市", "标签": "科教文化服务;学校;中学", "区域名称": "沙坪坝区", "经度": 106.448721, "纬度": 29.528648, "电话": "023-65201038;023-65209860", "图片标题1": NaN, "图片地址1": "http://store.is.autonavi.com/showpic/b784a59743660e85cb7982935e8b34c1", "图片标题2": NaN, "图片地址2": "http://store.is.autonavi.com/showpic/d306817b8192b30cd43cbb0bd607680a", "图片标题3": NaN, "图片地址3": NaN}
{"名称": "重庆西藏中学校", "地址": "歌乐山街道保育路", "城市": "重庆市", "标签": "科教文化服务;学校;中学", "区域名称": "沙坪坝区", "经度": 106.422284, "纬度": 29.570918, "电话": "023-65503652", "图片标题1": NaN, "图片地址1": "http://store.is.autonavi.com/showpic/a8c27196f94c885caa7674067632deb9", "图片标题2": NaN, "图片地址2": NaN, "图片标题3": NaN, "图片地址3": NaN}
{"名称": "重庆六十八中学", "地址": "大杨公桥150号(杨公桥地铁站4号口步行200米)", "城市": "重庆市", "标签": "科教文化服务;学校;中学", "区域名称": "沙坪坝区", "经度": 106.449082, "纬度": 29.563613, "电话": NaN, "图片标题1": NaN, "图片地址1": "http://store.is.autonavi.com/showpic/962ceb97013e8f52fb20f1a44ac60cae", "图片标题2": NaN, "图片地址2": NaN, "图片标题3": NaN, "图片地址3": NaN}
{"名称": "重庆市沙坪坝实验中学校", "地址": "大公村22号新生村桃花里东侧", "城市": "重庆市", "标签": "科教文化服务;学校;中学", "区域名称": "沙坪坝区", "经度": 106.471121, "纬度": 29.555857, "电话": "023-65001750", "图片标题1": NaN, "图片地址1": "http://store.is.autonavi.com/showpic/504866d6f4f3834f081de91e94da741b", "图片标题2": NaN, "图片地址2": "http://store.is.autonavi.com/showpic/92e3ae2e2a214f663a393ddd78b49415", "图片标题3": NaN, "图片地址3": "http://store.is.autonavi.com/showpic/88844201a36635dbe46d2eae5d424371"}
{"名称": "重庆二塘中学", "地址": "井口先锋街80号", "城市": "重庆市", "标签": "科教文化服务;学校;中学", "区域名称": "沙坪坝区", "经度": 106.455649, "纬度": 29.64918, "电话": "023-65290233", "图片标题1": NaN, "图片地址1": "http://store.is.autonavi.com/showpic/8f9234fec4a1fe09d5a56f2629bad639", "图片标题2": NaN, "图片地址2": NaN, "图片标题3": NaN, "图片地址3": NaN}
{"名称": "重庆市大学城第一中学校", "地址": "虎溪大学城中路", "城市": "重庆市", "标签": "科教文化服务;学校;中学", "区域名称": "沙坪坝区", "经度": 106.311202, "纬度": 29.591382, "电话": NaN, "图片标题1": NaN, "图片地址1": "http://store.is.autonavi.com/showpic/021c5bf4ac710e6b882c07060cbad1f2", "图片标题2": NaN, "图片地址2": "http://store.is.autonavi.com/showpic/dfcf11c3e7a72963034b811632e3da2e", "图片标题3": NaN, "图片地址3": "http://store.is.autonavi.com/showpic/53b8d276c319a9fcb512454b434bc8ae"}
{"名称": "沙坪坝实验外语学校", "地址": "山洞平正村50号重庆市南丁卫生职业学校北边", "城市": "重庆市", "标签": "科教文化服务;学校;中学", "区域名称": "沙坪坝区", "经度": 106.423136, "纬度": 29.517215, "电话": NaN, "图片标题1": NaN, "图片地址1": "http://store.is.autonavi.com/showpic/acb5acdbdf7c3caf7bcd75a72720cbee", "图片标题2": NaN, "图片地址2": "http://store.is.autonavi.com/showpic/5df51deffc9323657c6ca1b653184a24", "图片标题3": NaN, "图片地址3": NaN}
{"名称": "重庆市第七十一中学校", "地址": "马道子95号", "城市": "重庆市", "标签": "科教文化服务;学校;中学", "区域名称": "沙坪坝区", "经度": 106.468604, "纬度": 29.555805, "电话": "023-65420757", "图片标题1": NaN, "图片地址1": "http://store.is.autonavi.com/showpic/52665f510b987756c36ce8213ca67075", "图片标题2": NaN, "图片地址2": "http://store.is.autonavi.com/showpic/beac2cebe2599baef618162780cf6ff7", "图片标题3": NaN, "图片地址3": NaN}
{"名称": "重庆市第三十二中学校高中部", "地址": "双碑街道工农坡22号", "城市": "重庆市", "标签": "科教文化服务;学校;中学", "区域名称": "沙坪坝区", "经度": 106.441365, "纬度": 29.60807, "电话": "023-88051158", "图片标题1": NaN, "图片地址1": "http://store.is.autonavi.com/showpic/2fe629af368da793c87eff13a1b5836b", "图片标题2": NaN, "图片地址2": NaN, "图片标题3": NaN, "图片地址3": NaN}
{"名称": "大学城第一中学初中部", "地址": "思贤路与大学城东路交汇处西北角", "城市": "重庆市", "标签": "科教文化服务;学校;中学", "区域名称": "沙坪坝区", "经度": 106.316765, "纬度": 29.588748, "电话": NaN, "图片标题1": NaN, "图片地址1": "http://store.is.autonavi.com/showpic/230dca7ee3724cb521c138bd2458693e", "图片标题2": NaN, "图片地址2": "http://store.is.autonavi.com/showpic/2c0bf04f0d16d43f5f131b60100c7d09", "图片标题3": NaN, "图片地址3": "http://store.is.autonavi.com/showpic/3bff3fe682c2222f40c5d325025addc4"}
{"名称": "重庆市第一实验中学校", "地址": "高新区大学城南二路750号", "城市": "重庆市", "标签": "科教文化服务;学校;中学", "区域名称": "沙坪坝区", "经度": 106.293758, "纬度": 29.58214, "电话": "023-65912509", "图片标题1": NaN, "图片地址1": "http://store.is.autonavi.com/showpic/0983bf5cd8bbbd092d89e20f80e75262", "图片标题2": NaN, "图片地址2": "http://store.is.autonavi.com/showpic/f60126a826dede5c893d0dc57577bbba", "图片标题3": NaN, "图片地址3": "http://store.is.autonavi.com/showpic/d5b566460fafe59591826e4dea173ec2"}
{"名称": "重庆三十二中初中部", "地址": "双碑长春沟32号", "城市": "重庆市", "标签": "科教文化服务;学校;中学", "区域名称": "沙坪坝区", "经度": 106.438842, "纬度": 29.601752, "电话": "023-88862852", "图片标题1": NaN, "图片地址1": "http://store.is.autonavi.com/showpic/7cae72f051a63b52498a6dc9fd21af89", "图片标题2": NaN, "图片地址2": "http://store.is.autonavi.com/showpic/4b78f07862c4c64e0f030885c51ef0c8", "图片标题3": NaN, "图片地址3": NaN}
{"名称": "重庆大学城第三中学校", "地址": "陈家桥镇环城路", "城市": "重庆市", "标签": "科教文化服务;学校;中学", "区域名称": "沙坪坝区", "经度": 106.344761, "纬度": 29.615816, "电话": "023-65240449", "图片标题1": NaN, "图片地址1": "http://store.is.autonavi.com/showpic/f6b681c34e623a2dc456c1252c0176a8", "图片标题2": NaN, "图片地址2": NaN, "图片标题3": NaN, "图片地址3": NaN}
{"名称": "重庆市名校联合中学校", "地址": "小新街118号", "城市": "重庆市", "标签": "科教文化服务;学校;中学", "区域名称": "沙坪坝区", "经度": 106.463589, "纬度": 29.559968, "电话": "023-86056858", "图片标题1": NaN, "图片地址1": "http://store.is.autonavi.com/showpic/55deb321a31051576112c18b", "图片标题2": NaN, "图片地址2": "http://store.is.autonavi.com/showpic/5728e417d036680b8da74bc450ce6e42", "图片标题3": NaN, "图片地址3": "http://store.is.autonavi.com/showpic/021413c028bccdb9458810a65df78901"}
{"名称": "中粱实验学校(广善校区)", "地址": "中梁镇中新路56号", "城市": "重庆市", "标签": "科教文化服务;学校;中学", "区域名称": "沙坪坝区", "经度": 106.411091, "纬度": 29.640571, "电话": "023-65540918", "图片标题1": NaN, "图片地址1": "http://store.is.autonavi.com/showpic/f5fea834a21f5c0ef24d83ec62003136", "图片标题2": NaN, "图片地址2": "http://store.is.autonavi.com/showpic/1b0071d087fdcd95ae72265c05eb1d50", "图片标题3": NaN, "图片地址3": "http://store.is.autonavi.com/showpic/8ba160a36af800e10502bb939965c480"}
{"名称": "重庆市沙坪坝区新丝路中学校", "地址": "土主正街120号", "城市": "重庆市", "标签": "科教文化服务;学校;中学", "区域名称": "沙坪坝区", "经度": 106.373783, "纬度": 29.634385, "电话": NaN, "图片标题1": NaN, "图片地址1": "http://store.is.autonavi.com/showpic/77658dca487075b61ea71ada2ebdb7a3", "图片标题2": NaN, "图片地址2": "http://store.is.autonavi.com/showpic/1a0eac9b5660150ceaa9338a81bee555", "图片标题3": NaN, "图片地址3": "http://store.is.autonavi.com/showpic/d04d1dc1088e0962ea2a881c2a9cd80b"}
{"名称": "重庆六十四中", "地址": "井口街道井口后街1号", "城市": "重庆市", "标签": "科教文化服务;学校;中学", "区域名称": "沙坪坝区", "经度": 106.447971, "纬度": 29.635888, "电话": "023-65184107", "图片标题1": NaN, "图片地址1": "http://aos-cdn-image.amap.com/sns/ugccomment/54ad5cef-7232-4179-af26-2f993d236fae.jpg", "图片标题2": NaN, "图片地址2": "http://aos-cdn-image.amap.com/sns/ugccomment/1a3ab6ae-255b-499c-9e5a-8e755c424dbc.jpg", "图片标题3": NaN, "图片地址3": NaN}
