{"名称": "重庆大学A区", "地址": "沙正街174号", "城市": "重庆市", "标签": "科教文化服务;学校;高等院校", "区域名称": "沙坪坝区", "经度": 106.468812, "纬度": 29.564912, "电话": "023-65102348;023-65102222;023-65102371", "图片标题1": NaN, "图片地址1": "http://store.is.autonavi.com/showpic/1f88b0d8c411f00d9477f38d79e80346", "图片标题2": "外景图", "图片地址2": "http://store.is.autonavi.com/showpic/38c6da60f2a0b3f769c21631d566ffed", "图片标题3": NaN, "图片地址3": "http://store.is.autonavi.com/showpic/734c55db3b53e2a1bd5b8aba94e3952d"}
{"名称": "重庆师范大学沙坪坝校区", "地址": "天陈路12号", "城市": "重庆市", "标签": "科教文化服务;学校;高等院校", "区域名称": "沙坪坝区", "经度": 106.455708, "纬度": 29.556978, "电话": "023-65362555", "图片标题1": NaN, "图片地址1": "http://store.is.autonavi.com/showpic/f6a8391fe0d7a5f51e0b956ebdeffe8a", "图片标题2": NaN, "图片地址2": "http://store.is.autonavi.com/showpic/7002e6b36ce7cb730bd531395b414b9a", "图片标题3": NaN, "图片地址3": "http://store.is.autonavi.com/showpic/8b6e5b16a25a9ad4476b47e98e917297"}
{"名称": "重庆科技学院虎溪校区", "地址": "高新区大学城东路20号", "城市": "重庆市", "标签": "科教文化服务;学校;高等院校", "区域名称": "沙坪坝区", "经度": 106.325665, "纬度": 29.591781, "电话": "023-65022363", "图片标题1": NaN, "图片地址1": "http://store.is.autonavi.com/showpic/0ca7ccb2e996843f23bb9bbbf383451b", "图片标题2": NaN, "图片地址2": NaN, "图片标题3": NaN, "图片地址3": NaN}
{"名称": "重庆师范大学大学城校区", "地址": "虎溪镇大学城中路37号", "城市": "重庆市", "标签": "科教文化服务;学校;高等院校", "区域名称": "沙坪坝区", "经度": 106.29989, "纬度": 29.612734, "电话": "023-65911111", "图片标题1": NaN, "图片地址1": "http://store.is.autonavi.com/showpic/a12c7d4602cc20601cc995a1827ea6e5", "图片标题2": NaN, "图片地址2": "http://store.is.autonavi.com/showpic/eec0abac333f74206ee9588615cd084e", "图片标题3": NaN, "图片地址3": "http://store.is.autonavi.com/showpic/fb35b835184ac6f56333e229fe52d690"}
{"名称": "重庆大学B区", "地址": "沙坪坝正街174号(重庆大学地铁站1A口步行410米)", "城市": "重庆市", "标签": "科教文化服务;学校;高等院校", "区域名称": "沙坪坝区", "经度": 106.459512, "纬度": 29.567318, "电话": "023-65120114", "图片标题1": NaN, "图片地址1": "http://store.is.autonavi.com/showpic/68cb5d2638113aef63d4ed052340ae63", "图片标题2": NaN, "图片地址2": "http://store.is.autonavi.com/showpic/ac0d193728608ce06e4d287b97f77dfe", "图片标题3": NaN, "图片地址3": "http://store.is.autonavi.com/showpic/3ed8c096850cf82cee6dc674f9987bf3"}
{"名称": "重庆医科大学缙云校区", "地址": "虎溪镇大学城中路61号", "城市": "重庆市", "标签": "科教文化服务;学校;高等院校", "区域名称": "沙坪坝区", "经度": 106.303879, "纬度": 29.62448, "电话": NaN, "图片标题1": NaN, "图片地址1": "http://store.is.autonavi.com/showpic/74fcf18f17815be4cb0748ea600df70e", "图片标题2": NaN, "图片地址2": "http://store.is.autonavi.com/showpic/4f06aa5c34ab2f0962b4cef54309ba02", "图片标题3": NaN, "图片地址3": "http://store.is.autonavi.com/showpic/dceeb05135303191f2b4da0349684500"}
{"名称": "四川外国语大学", "地址": "壮志路33号", "城市": "重庆市", "标签": "科教文化服务;学校;高等院校", "区域名称": "沙坪坝区", "经度": 106.43658, "纬度": 29.570161, "电话": "023-65385238", "图片标题1": NaN, "图片地址1": "http://store.is.autonavi.com/showpic/d59bf9d880ea8e98dd0bd034a15dcdea", "图片标题2": NaN, "图片地址2": "http://store.is.autonavi.com/showpic/7e67ce6cb1e98fb251cc965781465d3f", "图片标题3": NaN, "图片地址3": "http://store.is.autonavi.com/showpic/e83486a1c38889e450c1963ef703ce2b"}
{"名称": "重庆大学虎溪校区", "地址": "大学城南路55号", "城市": "重庆市", "标签": "科教文化服务;学校;高等院校", "区域名称": "沙坪坝区", "经度": 106.29859, "纬度": 29.5933, "电话": "023-65671111", "图片标题1": NaN, "图片地址1": "http://store.is.autonavi.com/showpic/2c4c5629b2dbb28299977e06ee05b735", "图片标题2": NaN, "图片地址2": "http://aos-cdn-image.amap.com/sns/ugccomment/fe7b7a28-1a43-49a2-aef1-3177b91dbc72.jpg", "图片标题3": NaN, "图片地址3": "http://store.is.autonavi.com/showpic/377c338aee16943994636c53ec8674b7"}
{"名称": "四川美术学院虎溪校区", "地址": "大学城南路28号", "城市": "重庆市", "标签": "科教文化服务;学校;高等院校", "区域名称": "沙坪坝区", "经度": 106.297347, "纬度": 29.602724, "电话": "023-65921002;023-65921111", "图片标题1": NaN, "图片地址1": "http://store.is.autonavi.com/showpic/5da2313a4cf09fe4e2d1f31046f0c1a1", "图片标题2": NaN, "图片地址2": "http://store.is.autonavi.com/showpic/429fe019e0f6935c41f961974f62468b", "图片标题3": NaN, "图片地址3": "http://store.is.autonavi.com/showpic/6adbd9b240ad69bed11119d84abea0cb"}
{"名称": "重庆大学A区", "地址": "沙正街174号", "城市": "重庆市", "标签": "科教文化服务;学校;高等院校", "区域名称": "沙坪坝区", "经度": 106.468812, "纬度": 29.564912, "电话": "023-65102348;023-65102222;023-65102371", "图片标题1": NaN, "图片地址1": "http://store.is.autonavi.com/showpic/1f88b0d8c411f00d9477f38d79e80346", "图片标题2": "外景图", "图片地址2": "http://store.is.autonavi.com/showpic/38c6da60f2a0b3f769c21631d566ffed", "图片标题3": NaN, "图片地址3": "http://store.is.autonavi.com/showpic/734c55db3b53e2a1bd5b8aba94e3952d"}
{"名称": "重庆师范大学沙坪坝校区", "地址": "天陈路12号", "城市": "重庆市", "标签": "科教文化服务;学校;高等院校", "区域名称": "沙坪坝区", "经度": 106.455708, "纬度": 29.556978, "电话": "023-65362555", "图片标题1": NaN, "图片地址1": "http://store.is.autonavi.com/showpic/f6a8391fe0d7a5f51e0b956ebdeffe8a", "图片标题2": NaN, "图片地址2": "http://store.is.autonavi.com/showpic/7002e6b36ce7cb730bd531395b414b9a", "图片标题3": NaN, "图片地址3": "http://store.is.autonavi.com/showpic/8b6e5b16a25a9ad4476b47e98e917297"}
{"名称": "重庆科技学院虎溪校区", "地址": "高新区大学城东路20号", "城市": "重庆市", "标签": "科教文化服务;学校;高等院校", "区域名称": "沙坪坝区", "经度": 106.325665, "纬度": 29.591781, "电话": "023-65022363", "图片标题1": NaN, "图片地址1": "http://store.is.autonavi.com/showpic/0ca7ccb2e996843f23bb9bbbf383451b", "图片标题2": NaN, "图片地址2": NaN, "图片标题3": NaN, "图片地址3": NaN}
{"名称": "重庆师范大学大学城校区", "地址": "虎溪镇大学城中路37号", "城市": "重庆市", "标签": "科教文化服务;学校;高等院校", "区域名称": "沙坪坝区", "经度": 106.29989, "纬度": 29.612734, "电话": "023-65911111", "图片标题1": NaN, "图片地址1": "http://store.is.autonavi.com/showpic/a12c7d4602cc20601cc995a1827ea6e5", "图片标题2": NaN, "图片地址2": "http://store.is.autonavi.com/showpic/eec0abac333f74206ee9588615cd084e", "图片标题3": NaN, "图片地址3": "http://store.is.autonavi.com/showpic/fb35b835184ac6f56333e229fe52d690"}
{"名称": "重庆大学B区", "地址": "沙坪坝正街174号(重庆大学地铁站1A口步行410米)", "城市": "重庆市", "标签": "科教文化服务;学校;高等院校", "区域名称": "沙坪坝区", "经度": 106.459512, "纬度": 29.567318, "电话": "023-65120114", "图片标题1": NaN, "图片地址1": "http://store.is.autonavi.com/showpic/68cb5d2638113aef63d4ed052340ae63", "图片标题2": NaN, "图片地址2": "http://store.is.autonavi.com/showpic/ac0d193728608ce06e4d287b97f77dfe", "图片标题3": NaN, "图片地址3": "http://store.is.autonavi.com/showpic/3ed8c096850cf82cee6dc674f9987bf3"}
{"名称": "重庆医科大学缙云校区", "地址": "虎溪镇大学城中路61号", "城市": "重庆市", "标签": "科教文化服务;学校;高等院校", "区域名称": "沙坪坝区", "经度": 106.303879, "纬度": 29.62448, "电话": NaN, "图片标题1": NaN, "图片地址1": "http://store.is.autonavi.com/showpic/74fcf18f17815be4cb0748ea600df70e", "图片标题2": NaN, "图片地址2": "http://store.is.autonavi.com/showpic/4f06aa5c34ab2f0962b4cef54309ba02", "图片标题3": NaN, "图片地址3": "http://store.is.autonavi.com/showpic/dceeb05135303191f2b4da0349684500"}
{"名称": "四川外国语大学", "地址": "壮志路33号", "城市": "重庆市", "标签": "科教文化服务;学校;高等院校", "区域名称": "沙坪坝区", "经度": 106.43658, "纬度": 29.570161, "电话": "023-65385238", "图片标题1": NaN, "图片地址1": "http://store.is.autonavi.com/showpic/d59bf9d880ea8e98dd0bd034a15dcdea", "图片标题2": NaN, "图片地址2": "http://store.is.autonavi.com/showpic/7e67ce6cb1e98fb251cc965781465d3f", "图片标题3": NaN, "图片地址3": "http://store.is.autonavi.com/showpic/e83486a1c38889e450c1963ef703ce2b"}
{"名称": "重庆大学虎溪校区", "地址": "大学城南路55号", "城市": "重庆市", "标签": "科教文化服务;学校;高等院校", "区域名称": "沙坪坝区", "经度": 106.29859, "纬度": 29.5933, "电话": "023-65671111", "图片标题1": NaN, "图片地址1": "http://store.is.autonavi.com/showpic/2c4c5629b2dbb28299977e06ee05b735", "图片标题2": NaN, "图片地址2": "http://aos-cdn-image.amap.com/sns/ugccomment/fe7b7a28-1a43-49a2-aef1-3177b91dbc72.jpg", "图片标题3": NaN, "图片地址3": "http://store.is.autonavi.com/showpic/377c338aee16943994636c53ec8674b7"}
{"名称": "四川美术学院虎溪校区", "地址": "大学城南路28号", "城市": "重庆市", "标签": "科教文化服务;学校;高等院校", "区域名称": "沙坪坝区", "经度": 106.297347, "纬度": 29.602724, "电话": "023-65921002;023-65921111", "图片标题1": NaN, "图片地址1": "http://store.is.autonavi.com/showpic/5da2313a4cf09fe4e2d1f31046f0c1a1", "图片标题2": NaN, "图片地址2": "http://store.is.autonavi.com/showpic/429fe019e0f6935c41f961974f62468b", "图片标题3": NaN, "图片地址3": "http://store.is.autonavi.com/showpic/6adbd9b240ad69bed11119d84abea0cb"}
{"名称": "重庆电子工程职业学院", "地址": "大学城东路76号", "城市": "重庆市", "标签": "科教文化服务;学校;高等院校", "区域名称": "沙坪坝区", "经度": 106.324636, "纬度": 29.62065, "电话": "023-65928128", "图片标题1": NaN, "图片地址1": "http://store.is.autonavi.com/showpic/2c392e2ee84346a02b688fd293c8a7e2", "图片标题2": NaN, "图片地址2": "http://store.is.autonavi.com/showpic/c55e410dc41ace5bc6060d5718aeb184", "图片标题3": NaN, "图片地址3": "http://store.is.autonavi.com/showpic/4e9e2900066dba90fac39cae4d74b9df"}
{"名称": "西南政法大学沙坪坝校区", "地址": "壮志路2号(烈士墓地铁站2B口步行210米)", "城市": "重庆市", "标签": "科教文化服务;学校;高等院校", "区域名称": "沙坪坝区", "经度": 106.442386, "纬度": 29.568106, "电话": "023-65382207", "图片标题1": NaN, "图片地址1": "http://store.is.autonavi.com/showpic/e53c4d9ea27a5224bb80cd3ba1e4eb59", "图片标题2": NaN, "图片地址2": "http://store.is.autonavi.com/showpic/90588d406f1e286d811570c5a4374200", "图片标题3": NaN, "图片地址3": NaN}
{"名称": "重庆大学C区", "地址": "渝碚路131号", "城市": "重庆市", "标签": "科教文化服务;学校;高等院校", "区域名称": "沙坪坝区", "经度": 106.453641, "纬度": 29.560138, "电话": "023-65118112", "图片标题1": NaN, "图片地址1": "http://store.is.autonavi.com/showpic/1875570b8112041554a5a213d8c74ac3", "图片标题2": NaN, "图片地址2": "http://store.is.autonavi.com/showpic/e7c9497d8c731d4ab0563ca9194de1f7", "图片标题3": NaN, "图片地址3": "http://store.is.autonavi.com/showpic/8e1ab2f35ff314e486c1f604482c4104"}
{"名称": "重庆大学自动化学院", "地址": "重庆大学A区主教学楼19楼", "城市": "重庆市", "标签": "科教文化服务;学校;高等院校", "区域名称": "沙坪坝区", "经度": 106.468811, "纬度": 29.567789, "电话": "023-65112173;023-65112759", "图片标题1": NaN, "图片地址1": NaN, "图片标题2": NaN, "图片地址2": NaN, "图片标题3": NaN, "图片地址3": NaN}
{"名称": "重庆医药高等专科学校", "地址": "大学城中路", "城市": "重庆市", "标签": "科教文化服务;学校;高等院校", "区域名称": "沙坪坝区", "经度": 106.313178, "纬度": 29.626652, "电话": NaN, "图片标题1": NaN, "图片地址1": "http://store.is.autonavi.com/showpic/c33c9cf5e7db3fc75368a6ea16527da3", "图片标题2": NaN, "图片地址2": "http://store.is.autonavi.com/showpic/3d7c3425d2e5baff1d0b1269b749a49e", "图片标题3": NaN, "图片地址3": "http://store.is.autonavi.com/showpic/57855d81ddd77f569ede3b74d9db4880"}
{"名称": "长征驾校", "地址": "壮志路58附28号附近(烈士墓地铁站2B口步行200米)", "城市": "重庆市", "标签": "科教文化服务;学校;高等院校|科教文化服务;驾校;驾校", "区域名称": "沙坪坝区", "经度": 106.445236, "纬度": 29.570162, "电话": NaN, "图片标题1": NaN, "图片地址1": "http://store.is.autonavi.com/showpic/252afc287cb129389971e87fa30955d1", "图片标题2": NaN, "图片地址2": NaN, "图片标题3": NaN, "图片地址3": NaN}
{"名称": "重庆大学生物工程学院", "地址": "正街174号重庆大学", "城市": "重庆市", "标签": "科教文化服务;学校;高等院校", "区域名称": "沙坪坝区", "经度": 106.471561, "纬度": 29.56514, "电话": NaN, "图片标题1": NaN, "图片地址1": NaN, "图片标题2": NaN, "图片地址2": NaN, "图片标题3": NaN, "图片地址3": NaN}
{"名称": "重庆大学贸易与行政学院", "地址": "沙坪坝正街174号重庆大学", "城市": "重庆市", "标签": "科教文化服务;学校;高等院校", "区域名称": "沙坪坝区", "经度": 106.470763, "纬度": 29.564366, "电话": NaN, "图片标题1": NaN, "图片地址1": NaN, "图片标题2": NaN, "图片地址2": NaN, "图片标题3": NaN, "图片地址3": NaN}
{"名称": "金夫人摄影学院", "地址": "重庆城市管理职业学院普天信息技术学院附近", "城市": "重庆市", "标签": "科教文化服务;学校;高等院校", "区域名称": "沙坪坝区", "经度": 106.301628, "纬度": 29.577079, "电话": NaN, "图片标题1": NaN, "图片地址1": NaN, "图片标题2": NaN, "图片地址2": NaN, "图片标题3": NaN, "图片地址3": NaN}
{"名称": "重庆大学电气工程学院", "地址": "沙正街174号重庆大学A区第六教学大楼", "城市": "重庆市", "标签": "科教文化服务;学校;高等院校", "区域名称": "沙坪坝区", "经度": 106.466144, "纬度": 29.564684, "电话": "023-65102434", "图片标题1": NaN, "图片地址1": "http://store.is.autonavi.com/showpic/1d25d4d074ca44fc09032d7c79ca7693", "图片标题2": NaN, "图片地址2": NaN, "图片标题3": NaN, "图片地址3": NaN}
{"名称": "重庆能源工业技师学院", "地址": "上桥二村11号(上桥地铁站3号口步行160米)", "城市": "重庆市", "标签": "科教文化服务;学校;高等院校", "区域名称": "沙坪坝区", "经度": 106.443197, "纬度": 29.516185, "电话": "023-65200592", "图片标题1": NaN, "图片地址1": "http://store.is.autonavi.com/showpic/819e19269a97a176178226efc6aa5cfc", "图片标题2": NaN, "图片地址2": "http://store.is.autonavi.com/showpic/68b730390d0605eef779ac64a2c6a05f", "图片标题3": NaN, "图片地址3": NaN}
{"名称": "重庆大学C区应用技术学院", "地址": "渝碚路街道渝碚路131号重庆大学C区", "城市": "重庆市", "标签": "科教文化服务;学校;高等院校", "区域名称": "沙坪坝区", "经度": 106.453813, "纬度": 29.559812, "电话": NaN, "图片标题1": NaN, "图片地址1": NaN, "图片标题2": NaN, "图片地址2": NaN, "图片标题3": NaN, "图片地址3": NaN}
{"名称": "四川美术学院行政中心", "地址": "大学城南路28号", "城市": "重庆市", "标签": "科教文化服务;学校;高等院校", "区域名称": "沙坪坝区", "经度": 106.297463, "纬度": 29.602118, "电话": NaN, "图片标题1": NaN, "图片地址1": NaN, "图片标题2": NaN, "图片地址2": NaN, "图片标题3": NaN, "图片地址3": NaN}
{"名称": "中天IT学院", "地址": "欧鹏大厦3楼(重庆大学地铁站1B口旁)", "城市": "重庆市", "标签": "科教文化服务;学校;高等院校", "区域名称": "沙坪坝区", "经度": 106.461923, "纬度": 29.569292, "电话": "023-65127788", "图片标题1": NaN, "图片地址1": NaN, "图片标题2": NaN, "图片地址2": NaN, "图片标题3": NaN, "图片地址3": NaN}
{"名称": "重庆大学航空航天学院", "地址": "沙坪坝街道沙正街174号重庆大学A区", "城市": "重庆市", "标签": "科教文化服务;学校;高等院校", "区域名称": "沙坪坝区", "经度": 106.465124, "纬度": 29.565939, "电话": "023-65102371;023-65102510", "图片标题1": NaN, "图片地址1": NaN, "图片标题2": NaN, "图片地址2": NaN, "图片标题3": NaN, "图片地址3": NaN}
{"名称": "重庆大学国有资产管理办公室", "地址": "沙坪坝正街174号重庆大学", "城市": "重庆市", "标签": "科教文化服务;学校;高等院校", "区域名称": "沙坪坝区", "经度": 106.468875, "纬度": 29.565474, "电话": "023-65106216", "图片标题1": NaN, "图片地址1": NaN, "图片标题2": NaN, "图片地址2": NaN, "图片标题3": NaN, "图片地址3": NaN}
{"名称": "重庆机械电子技师学院B区", "地址": "山洞路256号", "城市": "重庆市", "标签": "科教文化服务;学校;高等院校", "区域名称": "沙坪坝区", "经度": 106.419087, "纬度": 29.527473, "电话": NaN, "图片标题1": NaN, "图片地址1": NaN, "图片标题2": NaN, "图片地址2": NaN, "图片标题3": NaN, "图片地址3": NaN}
{"名称": "重庆科技学院工商管理学院", "地址": "大学城虎溪镇重庆科技学院容园1号", "城市": "重庆市", "标签": "科教文化服务;学校;高等院校", "区域名称": "沙坪坝区", "经度": 106.324731, "纬度": 29.58835, "电话": NaN, "图片标题1": NaN, "图片地址1": "http://store.is.autonavi.com/showpic/a60fc59f61e3d6499abaed096bf1aa5e", "图片标题2": NaN, "图片地址2": NaN, "图片标题3": NaN, "图片地址3": NaN}
{"名称": "通信工程学院教务办", "地址": "大学城北一路重庆电子工程职业学院", "城市": "重庆市", "标签": "科教文化服务;学校;高等院校", "区域名称": "沙坪坝区", "经度": 106.325232, "纬度": 29.624555, "电话": "023-65928080", "图片标题1": NaN, "图片地址1": "http://store.is.autonavi.com/showpic/7a5ccd8cb8a2d9bb20778e56731c6f37", "图片标题2": NaN, "图片地址2": NaN, "图片标题3": NaN, "图片地址3": NaN}
{"名称": "重庆商务职业学院", "地址": "大学城中路81号", "城市": "重庆市", "标签": "科教文化服务;学校;高等院校", "区域名称": "沙坪坝区", "经度": 106.30882, "纬度": 29.635697, "电话": "023-61691001;023-61691077", "图片标题1": NaN, "图片地址1": "http://store.is.autonavi.com/showpic/aa7a42fbcf4ab19c8052a3dd8b39287e", "图片标题2": NaN, "图片地址2": "http://store.is.autonavi.com/showpic/f942d4f36a27dc2d3ba802ea30a6865b", "图片标题3": NaN, "图片地址3": "http://store.is.autonavi.com/showpic/4511e54aeb3c24778969dbb522bc6d4a"}
{"名称": "重庆大学思源社", "地址": "大学城南路55号重庆大学虎溪校区", "城市": "重庆市", "标签": "科教文化服务;学校;高等院校", "区域名称": "沙坪坝区", "经度": 106.299654, "纬度": 29.596025, "电话": NaN, "图片标题1": NaN, "图片地址1": "http://store.is.autonavi.com/showpic/3429825eedb3620a3c61307f023d503f", "图片标题2": NaN, "图片地址2": NaN, "图片标题3": NaN, "图片地址3": NaN}
{"名称": "华龙网新媒体实践基地", "地址": "大学城南路55号重庆大学虎溪校区", "城市": "重庆市", "标签": "科教文化服务;学校;高等院校", "区域名称": "沙坪坝区", "经度": 106.296286, "纬度": 29.595217, "电话": NaN, "图片标题1": NaN, "图片地址1": "http://store.is.autonavi.com/showpic/83da8dbe1ca9763790ae17696d4cd153", "图片标题2": NaN, "图片地址2": NaN, "图片标题3": NaN, "图片地址3": NaN}
{"名称": "重庆大学-统计学", "地址": "大学城南路55号重庆大学虎溪校区", "城市": "重庆市", "标签": "科教文化服务;学校;高等院校", "区域名称": "沙坪坝区", "经度": 106.29695, "纬度": 29.59565, "电话": NaN, "图片标题1": NaN, "图片地址1": "http://store.is.autonavi.com/showpic/5182319e69874b396c40571a1a7f7dda", "图片标题2": NaN, "图片地址2": "http://store.is.autonavi.com/showpic/b6d98a8bc679f8a8113eece18a50271d", "图片标题3": NaN, "图片地址3": NaN}
{"名称": "重庆大学国家助学贷款管理中心", "地址": "沙坪坝正街174号重庆大学", "城市": "重庆市", "标签": "科教文化服务;学校;高等院校", "区域名称": "沙坪坝区", "经度": 106.468139, "纬度": 29.563441, "电话": NaN, "图片标题1": NaN, "图片地址1": NaN, "图片标题2": NaN, "图片地址2": NaN, "图片标题3": NaN, "图片地址3": NaN}
{"名称": "重庆第二师范学院光华教学部", "地址": "歌乐山街道歌乐山山洞路218号", "城市": "重庆市", "标签": "科教文化服务;学校;高等院校", "区域名称": "沙坪坝区", "经度": 106.420825, "纬度": 29.522735, "电话": NaN, "图片标题1": NaN, "图片地址1": NaN, "图片标题2": NaN, "图片地址2": NaN, "图片标题3": NaN, "图片地址3": NaN}
{"名称": "重庆大学毕业生就业指导办公室", "地址": "沙坪坝正街174号重庆大学", "城市": "重庆市", "标签": "科教文化服务;学校;高等院校", "区域名称": "沙坪坝区", "经度": 106.468139, "纬度": 29.563441, "电话": "023-65102385", "图片标题1": NaN, "图片地址1": NaN, "图片标题2": NaN, "图片地址2": NaN, "图片标题3": NaN, "图片地址3": NaN}
{"名称": "重庆师范大学团校", "地址": "虎溪镇大学城中路37号重庆师范大学大学城校区", "城市": "重庆市", "标签": "科教文化服务;学校;高等院校", "区域名称": "沙坪坝区", "经度": 106.299454, "纬度": 29.613656, "电话": NaN, "图片标题1": NaN, "图片地址1": NaN, "图片标题2": NaN, "图片地址2": NaN, "图片标题3": NaN, "图片地址3": NaN}
{"名称": "重庆大学虎溪校区数学与统计学院", "地址": "重庆大学虎溪校区理科大楼", "城市": "重庆市", "标签": "科教文化服务;学校;高等院校", "区域名称": "沙坪坝区", "经度": 106.297011, "纬度": 29.590245, "电话": NaN, "图片标题1": NaN, "图片地址1": NaN, "图片标题2": NaN, "图片地址2": NaN, "图片标题3": NaN, "图片地址3": NaN}
{"名称": "重庆大学建筑城规学院", "地址": "沙中路83号重庆大学B区沙坪坝北街(重庆大学科苑大酒店行政楼西)", "城市": "重庆市", "标签": "科教文化服务;学校;高等院校", "区域名称": "沙坪坝区", "经度": 106.461644, "纬度": 29.568143, "电话": "023-65120700", "图片标题1": NaN, "图片地址1": "http://store.is.autonavi.com/showpic/2c8aeddf045a60c34213462a99069b24", "图片标题2": "外景图", "图片地址2": "http://store.is.autonavi.com/showpic/c35bfcdc650aa36ae6aea4d41e567e3f", "图片标题3": "内景图", "图片地址3": "http://store.is.autonavi.com/showpic/e297901c21c551198fa2251eff84fe75"}
{"名称": "重庆大学信息化办公室", "地址": "沙坪坝正街174号重庆大学", "城市": "重庆市", "标签": "科教文化服务;学校;高等院校", "区域名称": "沙坪坝区", "经度": 106.465741, "纬度": 29.567751, "电话": "023-65111500", "图片标题1": NaN, "图片地址1": NaN, "图片标题2": NaN, "图片地址2": NaN, "图片标题3": NaN, "图片地址3": NaN}
{"名称": "外国语言文学研究编辑部", "地址": "大学城南路与景苑路交叉口西南400米", "城市": "重庆市", "标签": "科教文化服务;学校;高等院校", "区域名称": "沙坪坝区", "经度": 106.298176, "纬度": 29.595955, "电话": NaN, "图片标题1": NaN, "图片地址1": "http://store.is.autonavi.com/showpic/ab1030b97ad8b14782eba0fe656c37f4", "图片标题2": NaN, "图片地址2": NaN, "图片标题3": NaN, "图片地址3": NaN}
{"名称": "重庆大学虎溪校区财务室", "地址": "大学城南路55号重庆大学虎溪校区", "城市": "重庆市", "标签": "科教文化服务;学校;高等院校", "区域名称": "沙坪坝区", "经度": 106.300138, "纬度": 29.595658, "电话": NaN, "图片标题1": NaN, "图片地址1": "http://store.is.autonavi.com/showpic/5c08f44ff06c15a27bcf8ba1afe2c3fe", "图片标题2": NaN, "图片地址2": NaN, "图片标题3": NaN, "图片地址3": NaN}
{"名称": "重庆大学学院教务办公室", "地址": "大学城南路55号重庆大学虎溪校区", "城市": "重庆市", "标签": "科教文化服务;学校;高等院校", "区域名称": "沙坪坝区", "经度": 106.299481, "纬度": 29.596076, "电话": NaN, "图片标题1": NaN, "图片地址1": "http://store.is.autonavi.com/showpic/b873f38a97203199d80e4ccf986c8a7d", "图片标题2": NaN, "图片地址2": NaN, "图片标题3": NaN, "图片地址3": NaN}
{"名称": "重庆邮电大学重庆通信学院办学点", "地址": "山洞路", "城市": "重庆市", "标签": "科教文化服务;学校;高等院校", "区域名称": "沙坪坝区", "经度": 106.422409, "纬度": 29.533992, "电话": NaN, "图片标题1": NaN, "图片地址1": "http://store.is.autonavi.com/showpic/545d33e08f4a8d7b2a5ba45cd5642c0e", "图片标题2": NaN, "图片地址2": NaN, "图片标题3": NaN, "图片地址3": NaN}
{"名称": "重庆科技学院(东门)", "地址": "大学城东一路与香礼路交叉口北240米", "城市": "重庆市", "标签": "科教文化服务;学校;高等院校", "区域名称": "沙坪坝区", "经度": 106.329426, "纬度": 29.594288, "电话": NaN, "图片标题1": NaN, "图片地址1": "http://store.is.autonavi.com/showpic/6280753db328441587186306502cc519", "图片标题2": NaN, "图片地址2": NaN, "图片标题3": NaN, "图片地址3": NaN}
{"名称": "重庆师范大学", "地址": "虎溪镇大学城中路37号", "城市": "重庆市", "标签": "科教文化服务;学校;高等院校", "区域名称": "沙坪坝区", "经度": 106.307233, "纬度": 29.6126, "电话": NaN, "图片标题1": NaN, "图片地址1": "http://store.is.autonavi.com/showpic/492dbf54ebb6f1a686847e7fbfdd4db9", "图片标题2": NaN, "图片地址2": NaN, "图片标题3": NaN, "图片地址3": NaN}
{"名称": "重庆大学药学院", "地址": "大学城南路55号重庆大学虎溪校区", "城市": "重庆市", "标签": "科教文化服务;学校;高等院校", "区域名称": "沙坪坝区", "经度": 106.300263, "纬度": 29.591596, "电话": NaN, "图片标题1": NaN, "图片地址1": NaN, "图片标题2": NaN, "图片地址2": NaN, "图片标题3": NaN, "图片地址3": NaN}
{"名称": "新闻学院电视演播厅", "地址": "大学城南路与大学城西路交叉口东南460米", "城市": "重庆市", "标签": "科教文化服务;学校;高等院校", "区域名称": "沙坪坝区", "经度": 106.296283, "纬度": 29.595248, "电话": NaN, "图片标题1": NaN, "图片地址1": NaN, "图片标题2": NaN, "图片地址2": NaN, "图片标题3": NaN, "图片地址3": NaN}
{"名称": "重庆警察学院", "地址": "陈家桥街道大学城景铮路666号", "城市": "重庆市", "标签": "科教文化服务;学校;高等院校", "区域名称": "沙坪坝区", "经度": 106.319642, "纬度": 29.625682, "电话": NaN, "图片标题1": NaN, "图片地址1": "http://store.is.autonavi.com/showpic/f2ff413c593f4b7249aff2de262e0509", "图片标题2": NaN, "图片地址2": NaN, "图片标题3": NaN, "图片地址3": NaN}
{"名称": "四川外国语大学-重庆法语联盟", "地址": "烈士墓壮志路33号", "城市": "重庆市", "标签": "科教文化服务;学校;高等院校", "区域名称": "沙坪坝区", "经度": 106.438193, "纬度": 29.571672, "电话": "023-65385558", "图片标题1": NaN, "图片地址1": NaN, "图片标题2": NaN, "图片地址2": NaN, "图片标题3": NaN, "图片地址3": NaN}
{"名称": "重庆警察学院大学城校区", "地址": "陈家桥街道大学城景铮路666号", "城市": "重庆市", "标签": "科教文化服务;学校;高等院校", "区域名称": "沙坪坝区", "经度": 106.319562, "纬度": 29.62566, "电话": "023-63964500", "图片标题1": NaN, "图片地址1": "http://store.is.autonavi.com/showpic/2dfc64612c442697d69eb7d28a6f1f32", "图片标题2": NaN, "图片地址2": NaN, "图片标题3": NaN, "图片地址3": NaN}
{"名称": "重庆师范大学研究生委员会", "地址": "虎溪镇大学城中路37号重庆师范大学大学城校区", "城市": "重庆市", "标签": "科教文化服务;学校;高等院校", "区域名称": "沙坪坝区", "经度": 106.306071, "纬度": 29.615289, "电话": NaN, "图片标题1": NaN, "图片地址1": "http://store.is.autonavi.com/showpic/ff4db36767c1490c6f5e6050b867aa39", "图片标题2": NaN, "图片地址2": NaN, "图片标题3": NaN, "图片地址3": NaN}
{"名称": "重庆师范大学研究生工作室", "地址": "大学城北路与景和路交叉口北360米", "城市": "重庆市", "标签": "科教文化服务;学校;高等院校", "区域名称": "沙坪坝区", "经度": 106.303314, "纬度": 29.610523, "电话": NaN, "图片标题1": NaN, "图片地址1": "http://store.is.autonavi.com/showpic/7101226921e7796cc64518f7ac80c5ca", "图片标题2": NaN, "图片地址2": NaN, "图片标题3": NaN, "图片地址3": NaN}
{"名称": "重庆大学现代生命科学实验教学中心", "地址": "沙坪坝正街174号重庆大学", "城市": "重庆市", "标签": "科教文化服务;学校;高等院校", "区域名称": "沙坪坝区", "经度": 106.471562, "纬度": 29.56514, "电话": NaN, "图片标题1": NaN, "图片地址1": NaN, "图片标题2": NaN, "图片地址2": NaN, "图片标题3": NaN, "图片地址3": NaN}
{"名称": "电气工程学院继续教育办公室", "地址": "沙正街121-9号重庆大学内(近明主湖)附近", "城市": "重庆市", "标签": "科教文化服务;学校;高等院校", "区域名称": "沙坪坝区", "经度": 106.466273, "纬度": 29.565047, "电话": NaN, "图片标题1": NaN, "图片地址1": "http://store.is.autonavi.com/showpic/b972c3b25f0037656bd34a11b590e2be", "图片标题2": NaN, "图片地址2": NaN, "图片标题3": NaN, "图片地址3": NaN}
{"名称": "重庆大学学生就业服务中心", "地址": "重庆大学主教", "城市": "重庆市", "标签": "科教文化服务;学校;高等院校", "区域名称": "沙坪坝区", "经度": 106.470542, "纬度": 29.566133, "电话": NaN, "图片标题1": NaN, "图片地址1": NaN, "图片标题2": NaN, "图片地址2": NaN, "图片标题3": NaN, "图片地址3": NaN}
{"名称": "重庆大学土木工程学院", "地址": "重庆大学b区九舍(重庆大学地铁站1A口步行260米)", "城市": "重庆市", "标签": "科教文化服务;学校;高等院校", "区域名称": "沙坪坝区", "经度": 106.461066, "纬度": 29.567561, "电话": "023-65120720", "图片标题1": NaN, "图片地址1": NaN, "图片标题2": NaN, "图片地址2": NaN, "图片标题3": NaN, "图片地址3": NaN}
{"名称": "重庆师范大学化学学院", "地址": "大学城中路37号", "城市": "重庆市", "标签": "科教文化服务;学校;高等院校", "区域名称": "沙坪坝区", "经度": 106.303203, "纬度": 29.611396, "电话": NaN, "图片标题1": NaN, "图片地址1": NaN, "图片标题2": NaN, "图片地址2": NaN, "图片标题3": NaN, "图片地址3": NaN}
{"名称": "重庆大学分析测试中心", "地址": "大学城南路55号重庆大学虎溪校区理科楼", "城市": "重庆市", "标签": "科教文化服务;学校;高等院校", "区域名称": "沙坪坝区", "经度": 106.296588, "纬度": 29.590883, "电话": "023-65678550", "图片标题1": NaN, "图片地址1": NaN, "图片标题2": NaN, "图片地址2": NaN, "图片标题3": NaN, "图片地址3": NaN}
{"名称": "周师傅二手书(四川外语大学)", "地址": "烈士墓壮志路33号四川外语大学山上校区12栋", "城市": "重庆市", "标签": "科教文化服务;学校;高等院校", "区域名称": "沙坪坝区", "经度": 106.433949, "纬度": 29.565579, "电话": NaN, "图片标题1": NaN, "图片地址1": "http://store.is.autonavi.com/showpic/d919e227b1458616326393c0c685cfbe", "图片标题2": NaN, "图片地址2": "http://store.is.autonavi.com/showpic/386f0e726e0232ab200bf4157d3e0655", "图片标题3": NaN, "图片地址3": "http://store.is.autonavi.com/showpic/9f7d858d3be1cba167a5824441865745"}
{"名称": "重庆科技学院", "地址": "学城科苑东门南370米", "城市": "重庆市", "标签": "科教文化服务;学校;高等院校", "区域名称": "沙坪坝区", "经度": 106.329577, "纬度": 29.593829, "电话": NaN, "图片标题1": NaN, "图片地址1": "http://store.is.autonavi.com/showpic/043201edcc0d7655707a890f58e67a95", "图片标题2": NaN, "图片地址2": "http://store.is.autonavi.com/showpic/686163b97d925ae52849eda35e84aa6d", "图片标题3": NaN, "图片地址3": NaN}
{"名称": "重庆大学后勤管理处", "地址": "重庆大学地铁站3号口步行490米", "城市": "重庆市", "标签": "科教文化服务;学校;高等院校", "区域名称": "沙坪坝区", "经度": 106.467031, "纬度": 29.568843, "电话": NaN, "图片标题1": NaN, "图片地址1": NaN, "图片标题2": NaN, "图片地址2": NaN, "图片标题3": NaN, "图片地址3": NaN}
{"名称": "重庆大学", "地址": "松林路西北侧", "城市": "重庆市", "标签": "科教文化服务;学校;高等院校", "区域名称": "沙坪坝区", "经度": 106.472604, "纬度": 29.563815, "电话": NaN, "图片标题1": NaN, "图片地址1": NaN, "图片标题2": NaN, "图片地址2": NaN, "图片标题3": NaN, "图片地址3": NaN}
