{"名称": "重庆市沙坪坝区教师进修学院", "地址": "新体村57-58号", "城市": "重庆市", "标签": "科教文化服务;学校;成人教育", "区域名称": "沙坪坝区", "经度": 106.469416, "纬度": 29.55803, "电话": "023-65333118", "图片标题1": NaN, "图片地址1": "http://store.is.autonavi.com/showpic/802768f38841e92cb48460f8c1d6d204", "图片标题2": NaN, "图片地址2": "http://store.is.autonavi.com/showpic/875a0c8bfadf3a356a72951495c1847f", "图片标题3": NaN, "图片地址3": "http://store.is.autonavi.com/showpic/b266fe7d10957dc232ce67a64818efc5"}
{"名称": "重庆大学继续教育学院", "地址": "渝碚路131号重庆大学C区", "城市": "重庆市", "标签": "科教文化服务;学校;成人教育", "区域名称": "沙坪坝区", "经度": 106.453813, "纬度": 29.559812, "电话": NaN, "图片标题1": NaN, "图片地址1": NaN, "图片标题2": NaN, "图片地址2": NaN, "图片标题3": NaN, "图片地址3": NaN}
{"名称": "重庆大学网络教育学院", "地址": "沙坪坝正街174号重庆大学", "城市": "重庆市", "标签": "科教文化服务;学校;成人教育", "区域名称": "沙坪坝区", "经度": 106.463325, "纬度": 29.567203, "电话": "023-65105585;023-65105586", "图片标题1": NaN, "图片地址1": "http://store.is.autonavi.com/showpic/0c178f38dc6620df694b245a496a53c2", "图片标题2": NaN, "图片地址2": NaN, "图片标题3": NaN, "图片地址3": NaN}
{"名称": "重庆市沙坪坝区教师进修学院", "地址": "新体村57-58号", "城市": "重庆市", "标签": "科教文化服务;学校;成人教育", "区域名称": "沙坪坝区", "经度": 106.469416, "纬度": 29.55803, "电话": "023-65333118", "图片标题1": NaN, "图片地址1": "http://store.is.autonavi.com/showpic/802768f38841e92cb48460f8c1d6d204", "图片标题2": NaN, "图片地址2": "http://store.is.autonavi.com/showpic/875a0c8bfadf3a356a72951495c1847f", "图片标题3": NaN, "图片地址3": "http://store.is.autonavi.com/showpic/b266fe7d10957dc232ce67a64818efc5"}
{"名称": "重庆大学继续教育学院", "地址": "渝碚路131号重庆大学C区", "城市": "重庆市", "标签": "科教文化服务;学校;成人教育", "区域名称": "沙坪坝区", "经度": 106.453813, "纬度": 29.559812, "电话": NaN, "图片标题1": NaN, "图片地址1": NaN, "图片标题2": NaN, "图片地址2": NaN, "图片标题3": NaN, "图片地址3": NaN}
{"名称": "重庆大学网络教育学院", "地址": "沙坪坝正街174号重庆大学", "城市": "重庆市", "标签": "科教文化服务;学校;成人教育", "区域名称": "沙坪坝区", "经度": 106.463325, "纬度": 29.567203, "电话": "023-65105585;023-65105586", "图片标题1": NaN, "图片地址1": "http://store.is.autonavi.com/showpic/0c178f38dc6620df694b245a496a53c2", "图片标题2": NaN, "图片地址2": NaN, "图片标题3": NaN, "图片地址3": NaN}
{"名称": "电气工程学院高等教育自学考试办公室", "地址": "沙坪坝正街与沙坪坝南街交叉口东北440米", "城市": "重庆市", "标签": "科教文化服务;学校;成人教育", "区域名称": "沙坪坝区", "经度": 106.466271, "纬度": 29.56511, "电话": NaN, "图片标题1": NaN, "图片地址1": "http://store.is.autonavi.com/showpic/e27e7914bd2b0a6dc9bd04ac7a2bff93", "图片标题2": NaN, "图片地址2": NaN, "图片标题3": NaN, "图片地址3": NaN}
{"名称": "重庆市沙坪坝区老干部大学", "地址": "天马路99号附8号(天星桥地铁站2号口步行170米)", "城市": "重庆市", "标签": "科教文化服务;学校;成人教育", "区域名称": "沙坪坝区", "经度": 106.457507, "纬度": 29.542676, "电话": NaN, "图片标题1": NaN, "图片地址1": "http://store.is.autonavi.com/showpic/544f1c8a53421613309023d67a2e4029", "图片标题2": NaN, "图片地址2": NaN, "图片标题3": NaN, "图片地址3": NaN}
{"名称": "重庆师范大学-继续教育学院", "地址": "天陈路12号重庆师范大学继续教育学院(三峡广场对面)重庆招办主任专线", "城市": "重庆市", "标签": "科教文化服务;学校;成人教育", "区域名称": "沙坪坝区", "经度": 106.456359, "纬度": 29.55773, "电话": "023-65363435", "图片标题1": NaN, "图片地址1": NaN, "图片标题2": NaN, "图片地址2": NaN, "图片标题3": NaN, "图片地址3": NaN}
{"名称": "重庆科技学院继续教育学院", "地址": "大学城东路20号重庆科技学院虎溪校区", "城市": "重庆市", "标签": "科教文化服务;学校;成人教育", "区域名称": "沙坪坝区", "经度": 106.3247, "纬度": 29.587996, "电话": "023-65022363;023-65026868", "图片标题1": NaN, "图片地址1": "http://store.is.autonavi.com/showpic/fd160295952261afcbd1b286d3b45a2d", "图片标题2": NaN, "图片地址2": NaN, "图片标题3": NaN, "图片地址3": NaN}
{"名称": "中颐康养总院老年大学", "地址": "矿柏公路附近", "城市": "重庆市", "标签": "科教文化服务;学校;成人教育", "区域名称": "沙坪坝区", "经度": 106.409151, "纬度": 29.56895, "电话": NaN, "图片标题1": NaN, "图片地址1": "http://store.is.autonavi.com/showpic/2d038bf436793fbfb64cae52409e31f9", "图片标题2": NaN, "图片地址2": NaN, "图片标题3": NaN, "图片地址3": NaN}
{"名称": "科学城老年科技大学", "地址": "虎溪街道文化服务中心", "城市": "重庆市", "标签": "科教文化服务;学校;成人教育", "区域名称": "沙坪坝区", "经度": 106.292587, "纬度": 29.606326, "电话": NaN, "图片标题1": NaN, "图片地址1": NaN, "图片标题2": NaN, "图片地址2": NaN, "图片标题3": NaN, "图片地址3": NaN}
{"名称": "重庆广播电视大学(沙坪坝区分校)", "地址": "新体村57-58号", "城市": "重庆市", "标签": "科教文化服务;学校;成人教育", "区域名称": "沙坪坝区", "经度": 106.469991, "纬度": 29.557854, "电话": "023-65422788", "图片标题1": NaN, "图片地址1": "http://store.is.autonavi.com/showpic/5a9f8eccebd4b977990d91df4b7fc23e", "图片标题2": NaN, "图片地址2": NaN, "图片标题3": NaN, "图片地址3": NaN}
{"名称": "西南政法大学继续教育学院", "地址": "壮志路2号西南政法大学沙坪坝校区附近", "城市": "重庆市", "标签": "科教文化服务;学校;成人教育", "区域名称": "沙坪坝区", "经度": 106.44251, "纬度": 29.568248, "电话": NaN, "图片标题1": NaN, "图片地址1": "http://store.is.autonavi.com/showpic/b2dfd2a4729eed4a23823c49259f1af6", "图片标题2": NaN, "图片地址2": NaN, "图片标题3": NaN, "图片地址3": NaN}
{"名称": "重庆市沙坪坝区大学城", "地址": "大学城南路", "城市": "重庆市", "标签": "科教文化服务;学校;成人教育", "区域名称": "沙坪坝区", "经度": 106.314348, "纬度": 29.601991, "电话": NaN, "图片标题1": NaN, "图片地址1": NaN, "图片标题2": NaN, "图片地址2": NaN, "图片标题3": NaN, "图片地址3": NaN}
{"名称": "重庆市沙坪坝区文化馆老年大学", "地址": "渝碚路30-3号附近", "城市": "重庆市", "标签": "科教文化服务;学校;成人教育", "区域名称": "沙坪坝区", "经度": 106.462869, "纬度": 29.557515, "电话": NaN, "图片标题1": NaN, "图片地址1": "http://store.is.autonavi.com/showpic/2e0b0c13f43dde8483a933a6d887b3b0", "图片标题2": NaN, "图片地址2": NaN, "图片标题3": NaN, "图片地址3": NaN}
{"名称": "亚洲城市大学MBA重庆教学中心", "地址": "沙坪坝北街重庆大学B区(重庆大学地铁站1A口步行50米)", "城市": "重庆市", "标签": "科教文化服务;学校;成人教育", "区域名称": "沙坪坝区", "经度": 106.462478, "纬度": 29.568212, "电话": NaN, "图片标题1": NaN, "图片地址1": "http://store.is.autonavi.com/showpic/56568a2ba3104425a5b6b734", "图片标题2": NaN, "图片地址2": "http://store.is.autonavi.com/showpic/56568a2ba3104425a5b6b736", "图片标题3": NaN, "图片地址3": "http://store.is.autonavi.com/showpic/57173d817ac63a0cf2eab06d"}
