{"名称": "长征驾校", "地址": "壮志路58附28号附近(烈士墓地铁站2B口步行200米)", "城市": "重庆市", "标签": "科教文化服务;学校;高等院校|科教文化服务;驾校;驾校", "区域名称": "沙坪坝区", "经度": 106.445236, "纬度": 29.570162, "电话": NaN, "图片标题1": NaN, "图片地址1": "http://store.is.autonavi.com/showpic/beea01984776b1ea4b16d8a7236524ee", "图片标题2": NaN, "图片地址2": "http://store.is.autonavi.com/showpic/252afc287cb129389971e87fa30955d1", "图片标题3": NaN, "图片地址3": NaN}
{"名称": "重庆市机动车驾驶人科目三沙坪坝土主考场(暂停营业)", "地址": "垄安大道大川建材城", "城市": "重庆市", "标签": "科教文化服务;驾校;驾校", "区域名称": "沙坪坝区", "经度": 106.378202, "纬度": 29.659143, "电话": "023-88928001", "图片标题1": NaN, "图片地址1": "http://store.is.autonavi.com/showpic/09a306e2a63cd89b35adae9d0975f9e4", "图片标题2": NaN, "图片地址2": NaN, "图片标题3": NaN, "图片地址3": NaN}
{"名称": "西南驾校(曾家店)", "地址": "曾家镇曾家老街17号", "城市": "重庆市", "标签": "科教文化服务;驾校;驾校", "区域名称": "沙坪坝区", "经度": 106.300789, "纬度": 29.551228, "电话": "15310367311", "图片标题1": NaN, "图片地址1": "http://store.is.autonavi.com/showpic/21aa032686773ceea36b1e63de816982", "图片标题2": NaN, "图片地址2": "http://store.is.autonavi.com/showpic/21aa032686773ceea36b1e63de816982", "图片标题3": NaN, "图片地址3": "http://store.is.autonavi.com/showpic/cabd92e369dda6af0590968629846a87"}
{"名称": "国源驾校(暂停营业)", "地址": "志龙·玖嘉怡西北门南110米", "城市": "重庆市", "标签": "科教文化服务;驾校;驾校", "区域名称": "沙坪坝区", "经度": 106.481646, "纬度": 29.542608, "电话": "13372721339", "图片标题1": NaN, "图片地址1": "http://store.is.autonavi.com/showpic/69c11415b2627c3146ab9bcaa5236207", "图片标题2": NaN, "图片地址2": "http://store.is.autonavi.com/showpic/6e836e715758e501029a197aa13e7146", "图片标题3": NaN, "图片地址3": NaN}
{"名称": "渝通驾校(新兴路)", "地址": "新兴路与新发路交叉口西40米", "城市": "重庆市", "标签": "科教文化服务;驾校;驾校", "区域名称": "沙坪坝区", "经度": 106.413232, "纬度": 29.637364, "电话": NaN, "图片标题1": NaN, "图片地址1": NaN, "图片标题2": NaN, "图片地址2": NaN, "图片标题3": NaN, "图片地址3": NaN}
{"名称": "路音驾校(城管校店)", "地址": "大学城南二路153号附7号", "城市": "重庆市", "标签": "科教文化服务;驾校;驾校|生活服务;生活服务场所;生活服务场所", "区域名称": "沙坪坝区", "经度": 106.301957, "纬度": 29.579547, "电话": "18223428009", "图片标题1": NaN, "图片地址1": "http://store.is.autonavi.com/showpic/9b60bb05af03e19421fc0c0eb9395ea9", "图片标题2": NaN, "图片地址2": NaN, "图片标题3": NaN, "图片地址3": NaN}
{"名称": "重庆合信驾校训练基地", "地址": "丰盛路龙腾丰文-D区北侧", "城市": "重庆市", "标签": "科教文化服务;驾校;驾校", "区域名称": "沙坪坝区", "经度": 106.345927, "纬度": 29.626493, "电话": NaN, "图片标题1": NaN, "图片地址1": "http://store.is.autonavi.com/showpic/fd347c4325c10c1093eb79b6e16d0ad4", "图片标题2": NaN, "图片地址2": NaN, "图片标题3": NaN, "图片地址3": NaN}
{"名称": "昆仑驾校训练基地", "地址": "汉渝路八一宾馆后面", "城市": "重庆市", "标签": "科教文化服务;驾校;驾校", "区域名称": "沙坪坝区", "经度": 106.471793, "纬度": 29.558413, "电话": "18725809681", "图片标题1": NaN, "图片地址1": "http://store.is.autonavi.com/showpic/c3a9975e83abefff9e06d47dc9806516", "图片标题2": NaN, "图片地址2": "http://store.is.autonavi.com/showpic/c3a9975e83abefff9e06d47dc9806516", "图片标题3": NaN, "图片地址3": "http://store.is.autonavi.com/showpic/9079bab96ff7db7c01da1f5ef205aad7"}
{"名称": "照星驾校", "地址": "堆金村477-479-4", "城市": "重庆市", "标签": "科教文化服务;驾校;驾校|生活服务;生活服务场所;生活服务场所", "区域名称": "沙坪坝区", "经度": 106.454832, "纬度": 29.611518, "电话": "023-65190368;18184778181", "图片标题1": NaN, "图片地址1": "http://store.is.autonavi.com/showpic/f661cec255eefda824d71902ccd49599", "图片标题2": NaN, "图片地址2": NaN, "图片标题3": NaN, "图片地址3": NaN}
{"名称": "蓝迪驾校", "地址": "红槽房立交附近", "城市": "重庆市", "标签": "科教文化服务;驾校;驾校", "区域名称": "沙坪坝区", "经度": 106.446951, "纬度": 29.551387, "电话": "023-65630494", "图片标题1": NaN, "图片地址1": "http://aos-cdn-image.amap.com/sns/ugccomment/ec2d8591-dce2-4d01-b5be-d0714a13a823.jpg", "图片标题2": NaN, "图片地址2": "http://aos-cdn-image.amap.com/sns/ugccomment/b39dfafe-3d2f-4532-923b-11bd2bd23e5f.jpg", "图片标题3": NaN, "图片地址3": NaN}
{"名称": "路音驾校(大学城店)", "地址": "大学城东路21号", "城市": "重庆市", "标签": "科教文化服务;驾校;驾校", "区域名称": "沙坪坝区", "经度": 106.318289, "纬度": 29.589919, "电话": "023-65360496", "图片标题1": NaN, "图片地址1": "http://store.is.autonavi.com/showpic/94c6f874baee26abcaf44187bdb44ba1", "图片标题2": NaN, "图片地址2": NaN, "图片标题3": NaN, "图片地址3": NaN}
{"名称": "长征驾校", "地址": "沙坪坝歌乐山严家湾", "城市": "重庆市", "标签": "科教文化服务;驾校;驾校", "区域名称": "沙坪坝区", "经度": 106.411947, "纬度": 29.560661, "电话": NaN, "图片标题1": NaN, "图片地址1": "http://store.is.autonavi.com/showpic/030b055d8f3389e6139b29a4dde57bbe", "图片标题2": NaN, "图片地址2": NaN, "图片标题3": NaN, "图片地址3": NaN}
{"名称": "公运驾校", "地址": "汉渝路与毕业大道交叉口东南480米", "城市": "重庆市", "标签": "科教文化服务;驾校;驾校", "区域名称": "沙坪坝区", "经度": 106.476048, "纬度": 29.556446, "电话": NaN, "图片标题1": NaN, "图片地址1": "http://store.is.autonavi.com/showpic/79c2f85caba6541df7c446f3a9f149dd", "图片标题2": NaN, "图片地址2": NaN, "图片标题3": NaN, "图片地址3": NaN}
{"名称": "全悦驾校", "地址": "凤天路108号(重庆图书馆地铁站2号口步行150米)", "城市": "重庆市", "标签": "科教文化服务;驾校;驾校", "区域名称": "沙坪坝区", "经度": 106.453844, "纬度": 29.531202, "电话": NaN, "图片标题1": NaN, "图片地址1": NaN, "图片标题2": NaN, "图片地址2": NaN, "图片标题3": NaN, "图片地址3": NaN}
{"名称": "佳信驾校", "地址": "自由村10号附3号(双碑地铁站2号口步行470米)", "城市": "重庆市", "标签": "科教文化服务;驾校;驾校", "区域名称": "沙坪坝区", "经度": 106.44675, "纬度": 29.603412, "电话": "15086615231", "图片标题1": NaN, "图片地址1": "http://store.is.autonavi.com/showpic/041e1869707b2416636c94d17c3746c7", "图片标题2": NaN, "图片地址2": NaN, "图片标题3": NaN, "图片地址3": NaN}
{"名称": "福源驾校(金刚坡店)", "地址": "金刚村石门坎社107-2", "城市": "重庆市", "标签": "科教文化服务;驾校;驾校", "区域名称": "沙坪坝区", "经度": 106.413055, "纬度": 29.603509, "电话": NaN, "图片标题1": NaN, "图片地址1": NaN, "图片标题2": NaN, "图片地址2": NaN, "图片标题3": NaN, "图片地址3": NaN}
{"名称": "鼎吉驾校", "地址": "金竹沟88号", "城市": "重庆市", "标签": "科教文化服务;驾校;驾校", "区域名称": "沙坪坝区", "经度": 106.433985, "纬度": 29.533143, "电话": NaN, "图片标题1": NaN, "图片地址1": NaN, "图片标题2": NaN, "图片地址2": NaN, "图片标题3": NaN, "图片地址3": NaN}
{"名称": "渝福驾校训练基地", "地址": "糟房湾", "城市": "重庆市", "标签": "科教文化服务;驾校;驾校", "区域名称": "沙坪坝区", "经度": 106.315818, "纬度": 29.652435, "电话": NaN, "图片标题1": NaN, "图片地址1": "http://store.is.autonavi.com/showpic/de8435fa9553f5a0f058df2462e1984c", "图片标题2": NaN, "图片地址2": NaN, "图片标题3": NaN, "图片地址3": NaN}
{"名称": "昌宏驾校培训基地", "地址": "新桥街道新桥太阳山二小区山下", "城市": "重庆市", "标签": "科教文化服务;驾校;驾校", "区域名称": "沙坪坝区", "经度": 106.439006, "纬度": 29.527937, "电话": "023-65251185;13883831111", "图片标题1": NaN, "图片地址1": "http://store.is.autonavi.com/showpic/44b895ec34c5623f904fe75b425c81e4", "图片标题2": NaN, "图片地址2": NaN, "图片标题3": NaN, "图片地址3": NaN}
{"名称": "蓝迪驾校", "地址": "仁安医院旁边", "城市": "重庆市", "标签": "科教文化服务;驾校;驾校", "区域名称": "沙坪坝区", "经度": 106.322852, "纬度": 29.637858, "电话": NaN, "图片标题1": NaN, "图片地址1": "http://store.is.autonavi.com/showpic/fcb7e2f4ebcb42e294a878d9669099ee", "图片标题2": NaN, "图片地址2": NaN, "图片标题3": NaN, "图片地址3": NaN}
{"名称": "凯森驾校", "地址": "大学城中路52号附107号", "城市": "重庆市", "标签": "科教文化服务;驾校;驾校", "区域名称": "沙坪坝区", "经度": 106.309636, "纬度": 29.624071, "电话": "13272901756;17338346831", "图片标题1": NaN, "图片地址1": "http://store.is.autonavi.com/showpic/ee42284c0206d61148bc14e13c036019", "图片标题2": NaN, "图片地址2": "http://store.is.autonavi.com/showpic/3eeec80f7470a0338a593dd72b0f9f81", "图片标题3": NaN, "图片地址3": "http://store.is.autonavi.com/showpic/d894cbd4c82e1b01b71511a183de91d4"}
{"名称": "仁义驾校(天陈路店)", "地址": "天陈路与公园支路交叉口北100米", "城市": "重庆市", "标签": "科教文化服务;驾校;驾校", "区域名称": "沙坪坝区", "经度": 106.458682, "纬度": 29.550995, "电话": NaN, "图片标题1": NaN, "图片地址1": "http://store.is.autonavi.com/showpic/e529e14af9756d4fe12bc70a7d53baba", "图片标题2": NaN, "图片地址2": "http://store.is.autonavi.com/showpic/f726aa8735758b517397a9e8b955c857", "图片标题3": NaN, "图片地址3": "http://store.is.autonavi.com/showpic/9db78b2ac2a95ba3ac57bf5955384e25"}
{"名称": "重庆至尚驾校", "地址": "国盛鑫汽博城旁500米", "城市": "重庆市", "标签": "科教文化服务;驾校;驾校", "区域名称": "沙坪坝区", "经度": 106.343408, "纬度": 29.630881, "电话": NaN, "图片标题1": NaN, "图片地址1": NaN, "图片标题2": NaN, "图片地址2": NaN, "图片标题3": NaN, "图片地址3": NaN}
{"名称": "路缘驾驶总校训练基地", "地址": "陈家桥景观大道路", "城市": "重庆市", "标签": "科教文化服务;驾校;驾校", "区域名称": "沙坪坝区", "经度": 106.34578, "纬度": 29.610322, "电话": NaN, "图片标题1": NaN, "图片地址1": "http://store.is.autonavi.com/showpic/9a8258f625c68bd5c97cb6c1248df89b", "图片标题2": NaN, "图片地址2": NaN, "图片标题3": NaN, "图片地址3": NaN}
{"名称": "洲鹏驾校训练场", "地址": "富洲路6号东北方向20米", "城市": "重庆市", "标签": "科教文化服务;驾校;驾校", "区域名称": "沙坪坝区", "经度": 106.476106, "纬度": 29.536459, "电话": NaN, "图片标题1": NaN, "图片地址1": "http://store.is.autonavi.com/showpic/7cedab87c34fc260ade862d6b60a0951", "图片标题2": NaN, "图片地址2": NaN, "图片标题3": NaN, "图片地址3": NaN}
{"名称": "长征驾校", "地址": "壮志路58附28号附近(烈士墓地铁站2B口步行200米)", "城市": "重庆市", "标签": "科教文化服务;学校;高等院校|科教文化服务;驾校;驾校", "区域名称": "沙坪坝区", "经度": 106.445236, "纬度": 29.570162, "电话": NaN, "图片标题1": NaN, "图片地址1": "http://store.is.autonavi.com/showpic/beea01984776b1ea4b16d8a7236524ee", "图片标题2": NaN, "图片地址2": "http://store.is.autonavi.com/showpic/252afc287cb129389971e87fa30955d1", "图片标题3": NaN, "图片地址3": NaN}
{"名称": "重庆市机动车驾驶人科目三沙坪坝土主考场(暂停营业)", "地址": "垄安大道大川建材城", "城市": "重庆市", "标签": "科教文化服务;驾校;驾校", "区域名称": "沙坪坝区", "经度": 106.378202, "纬度": 29.659143, "电话": "023-88928001", "图片标题1": NaN, "图片地址1": "http://store.is.autonavi.com/showpic/09a306e2a63cd89b35adae9d0975f9e4", "图片标题2": NaN, "图片地址2": NaN, "图片标题3": NaN, "图片地址3": NaN}
{"名称": "西南驾校(曾家店)", "地址": "曾家镇曾家老街17号", "城市": "重庆市", "标签": "科教文化服务;驾校;驾校", "区域名称": "沙坪坝区", "经度": 106.300789, "纬度": 29.551228, "电话": "15310367311", "图片标题1": NaN, "图片地址1": "http://store.is.autonavi.com/showpic/21aa032686773ceea36b1e63de816982", "图片标题2": NaN, "图片地址2": "http://store.is.autonavi.com/showpic/21aa032686773ceea36b1e63de816982", "图片标题3": NaN, "图片地址3": "http://store.is.autonavi.com/showpic/cabd92e369dda6af0590968629846a87"}
{"名称": "国源驾校(暂停营业)", "地址": "志龙·玖嘉怡西北门南110米", "城市": "重庆市", "标签": "科教文化服务;驾校;驾校", "区域名称": "沙坪坝区", "经度": 106.481646, "纬度": 29.542608, "电话": "13372721339", "图片标题1": NaN, "图片地址1": "http://store.is.autonavi.com/showpic/69c11415b2627c3146ab9bcaa5236207", "图片标题2": NaN, "图片地址2": "http://store.is.autonavi.com/showpic/6e836e715758e501029a197aa13e7146", "图片标题3": NaN, "图片地址3": NaN}
{"名称": "渝通驾校(新兴路)", "地址": "新兴路与新发路交叉口西40米", "城市": "重庆市", "标签": "科教文化服务;驾校;驾校", "区域名称": "沙坪坝区", "经度": 106.413232, "纬度": 29.637364, "电话": NaN, "图片标题1": NaN, "图片地址1": NaN, "图片标题2": NaN, "图片地址2": NaN, "图片标题3": NaN, "图片地址3": NaN}
{"名称": "路音驾校(城管校店)", "地址": "大学城南二路153号附7号", "城市": "重庆市", "标签": "科教文化服务;驾校;驾校|生活服务;生活服务场所;生活服务场所", "区域名称": "沙坪坝区", "经度": 106.301957, "纬度": 29.579547, "电话": "18223428009", "图片标题1": NaN, "图片地址1": "http://store.is.autonavi.com/showpic/9b60bb05af03e19421fc0c0eb9395ea9", "图片标题2": NaN, "图片地址2": NaN, "图片标题3": NaN, "图片地址3": NaN}
{"名称": "重庆合信驾校训练基地", "地址": "丰盛路龙腾丰文-D区北侧", "城市": "重庆市", "标签": "科教文化服务;驾校;驾校", "区域名称": "沙坪坝区", "经度": 106.345927, "纬度": 29.626493, "电话": NaN, "图片标题1": NaN, "图片地址1": "http://store.is.autonavi.com/showpic/fd347c4325c10c1093eb79b6e16d0ad4", "图片标题2": NaN, "图片地址2": NaN, "图片标题3": NaN, "图片地址3": NaN}
{"名称": "昆仑驾校训练基地", "地址": "汉渝路八一宾馆后面", "城市": "重庆市", "标签": "科教文化服务;驾校;驾校", "区域名称": "沙坪坝区", "经度": 106.471793, "纬度": 29.558413, "电话": "18725809681", "图片标题1": NaN, "图片地址1": "http://store.is.autonavi.com/showpic/c3a9975e83abefff9e06d47dc9806516", "图片标题2": NaN, "图片地址2": "http://store.is.autonavi.com/showpic/c3a9975e83abefff9e06d47dc9806516", "图片标题3": NaN, "图片地址3": "http://store.is.autonavi.com/showpic/9079bab96ff7db7c01da1f5ef205aad7"}
{"名称": "照星驾校", "地址": "堆金村477-479-4", "城市": "重庆市", "标签": "科教文化服务;驾校;驾校|生活服务;生活服务场所;生活服务场所", "区域名称": "沙坪坝区", "经度": 106.454832, "纬度": 29.611518, "电话": "023-65190368;18184778181", "图片标题1": NaN, "图片地址1": "http://store.is.autonavi.com/showpic/f661cec255eefda824d71902ccd49599", "图片标题2": NaN, "图片地址2": NaN, "图片标题3": NaN, "图片地址3": NaN}
{"名称": "蓝迪驾校", "地址": "红槽房立交附近", "城市": "重庆市", "标签": "科教文化服务;驾校;驾校", "区域名称": "沙坪坝区", "经度": 106.446951, "纬度": 29.551387, "电话": "023-65630494", "图片标题1": NaN, "图片地址1": "http://aos-cdn-image.amap.com/sns/ugccomment/ec2d8591-dce2-4d01-b5be-d0714a13a823.jpg", "图片标题2": NaN, "图片地址2": "http://aos-cdn-image.amap.com/sns/ugccomment/b39dfafe-3d2f-4532-923b-11bd2bd23e5f.jpg", "图片标题3": NaN, "图片地址3": NaN}
{"名称": "路音驾校(大学城店)", "地址": "大学城东路21号", "城市": "重庆市", "标签": "科教文化服务;驾校;驾校", "区域名称": "沙坪坝区", "经度": 106.318289, "纬度": 29.589919, "电话": "023-65360496", "图片标题1": NaN, "图片地址1": "http://store.is.autonavi.com/showpic/94c6f874baee26abcaf44187bdb44ba1", "图片标题2": NaN, "图片地址2": NaN, "图片标题3": NaN, "图片地址3": NaN}
{"名称": "长征驾校", "地址": "沙坪坝歌乐山严家湾", "城市": "重庆市", "标签": "科教文化服务;驾校;驾校", "区域名称": "沙坪坝区", "经度": 106.411947, "纬度": 29.560661, "电话": NaN, "图片标题1": NaN, "图片地址1": "http://store.is.autonavi.com/showpic/030b055d8f3389e6139b29a4dde57bbe", "图片标题2": NaN, "图片地址2": NaN, "图片标题3": NaN, "图片地址3": NaN}
{"名称": "公运驾校", "地址": "汉渝路与毕业大道交叉口东南480米", "城市": "重庆市", "标签": "科教文化服务;驾校;驾校", "区域名称": "沙坪坝区", "经度": 106.476048, "纬度": 29.556446, "电话": NaN, "图片标题1": NaN, "图片地址1": "http://store.is.autonavi.com/showpic/79c2f85caba6541df7c446f3a9f149dd", "图片标题2": NaN, "图片地址2": NaN, "图片标题3": NaN, "图片地址3": NaN}
{"名称": "全悦驾校", "地址": "凤天路108号(重庆图书馆地铁站2号口步行150米)", "城市": "重庆市", "标签": "科教文化服务;驾校;驾校", "区域名称": "沙坪坝区", "经度": 106.453844, "纬度": 29.531202, "电话": NaN, "图片标题1": NaN, "图片地址1": NaN, "图片标题2": NaN, "图片地址2": NaN, "图片标题3": NaN, "图片地址3": NaN}
{"名称": "佳信驾校", "地址": "自由村10号附3号(双碑地铁站2号口步行470米)", "城市": "重庆市", "标签": "科教文化服务;驾校;驾校", "区域名称": "沙坪坝区", "经度": 106.44675, "纬度": 29.603412, "电话": "15086615231", "图片标题1": NaN, "图片地址1": "http://store.is.autonavi.com/showpic/041e1869707b2416636c94d17c3746c7", "图片标题2": NaN, "图片地址2": NaN, "图片标题3": NaN, "图片地址3": NaN}
{"名称": "福源驾校(金刚坡店)", "地址": "金刚村石门坎社107-2", "城市": "重庆市", "标签": "科教文化服务;驾校;驾校", "区域名称": "沙坪坝区", "经度": 106.413055, "纬度": 29.603509, "电话": NaN, "图片标题1": NaN, "图片地址1": NaN, "图片标题2": NaN, "图片地址2": NaN, "图片标题3": NaN, "图片地址3": NaN}
{"名称": "鼎吉驾校", "地址": "金竹沟88号", "城市": "重庆市", "标签": "科教文化服务;驾校;驾校", "区域名称": "沙坪坝区", "经度": 106.433985, "纬度": 29.533143, "电话": NaN, "图片标题1": NaN, "图片地址1": NaN, "图片标题2": NaN, "图片地址2": NaN, "图片标题3": NaN, "图片地址3": NaN}
{"名称": "渝福驾校训练基地", "地址": "糟房湾", "城市": "重庆市", "标签": "科教文化服务;驾校;驾校", "区域名称": "沙坪坝区", "经度": 106.315818, "纬度": 29.652435, "电话": NaN, "图片标题1": NaN, "图片地址1": "http://store.is.autonavi.com/showpic/de8435fa9553f5a0f058df2462e1984c", "图片标题2": NaN, "图片地址2": NaN, "图片标题3": NaN, "图片地址3": NaN}
{"名称": "昌宏驾校培训基地", "地址": "新桥街道新桥太阳山二小区山下", "城市": "重庆市", "标签": "科教文化服务;驾校;驾校", "区域名称": "沙坪坝区", "经度": 106.439006, "纬度": 29.527937, "电话": "023-65251185;13883831111", "图片标题1": NaN, "图片地址1": "http://store.is.autonavi.com/showpic/44b895ec34c5623f904fe75b425c81e4", "图片标题2": NaN, "图片地址2": NaN, "图片标题3": NaN, "图片地址3": NaN}
{"名称": "蓝迪驾校", "地址": "仁安医院旁边", "城市": "重庆市", "标签": "科教文化服务;驾校;驾校", "区域名称": "沙坪坝区", "经度": 106.322852, "纬度": 29.637858, "电话": NaN, "图片标题1": NaN, "图片地址1": "http://store.is.autonavi.com/showpic/fcb7e2f4ebcb42e294a878d9669099ee", "图片标题2": NaN, "图片地址2": NaN, "图片标题3": NaN, "图片地址3": NaN}
{"名称": "凯森驾校", "地址": "大学城中路52号附107号", "城市": "重庆市", "标签": "科教文化服务;驾校;驾校", "区域名称": "沙坪坝区", "经度": 106.309636, "纬度": 29.624071, "电话": "13272901756;17338346831", "图片标题1": NaN, "图片地址1": "http://store.is.autonavi.com/showpic/ee42284c0206d61148bc14e13c036019", "图片标题2": NaN, "图片地址2": "http://store.is.autonavi.com/showpic/3eeec80f7470a0338a593dd72b0f9f81", "图片标题3": NaN, "图片地址3": "http://store.is.autonavi.com/showpic/d894cbd4c82e1b01b71511a183de91d4"}
{"名称": "仁义驾校(天陈路店)", "地址": "天陈路与公园支路交叉口北100米", "城市": "重庆市", "标签": "科教文化服务;驾校;驾校", "区域名称": "沙坪坝区", "经度": 106.458682, "纬度": 29.550995, "电话": NaN, "图片标题1": NaN, "图片地址1": "http://store.is.autonavi.com/showpic/e529e14af9756d4fe12bc70a7d53baba", "图片标题2": NaN, "图片地址2": "http://store.is.autonavi.com/showpic/f726aa8735758b517397a9e8b955c857", "图片标题3": NaN, "图片地址3": "http://store.is.autonavi.com/showpic/9db78b2ac2a95ba3ac57bf5955384e25"}
{"名称": "重庆至尚驾校", "地址": "国盛鑫汽博城旁500米", "城市": "重庆市", "标签": "科教文化服务;驾校;驾校", "区域名称": "沙坪坝区", "经度": 106.343408, "纬度": 29.630881, "电话": NaN, "图片标题1": NaN, "图片地址1": NaN, "图片标题2": NaN, "图片地址2": NaN, "图片标题3": NaN, "图片地址3": NaN}
{"名称": "路缘驾驶总校训练基地", "地址": "陈家桥景观大道路", "城市": "重庆市", "标签": "科教文化服务;驾校;驾校", "区域名称": "沙坪坝区", "经度": 106.34578, "纬度": 29.610322, "电话": NaN, "图片标题1": NaN, "图片地址1": "http://store.is.autonavi.com/showpic/9a8258f625c68bd5c97cb6c1248df89b", "图片标题2": NaN, "图片地址2": NaN, "图片标题3": NaN, "图片地址3": NaN}
{"名称": "洲鹏驾校训练场", "地址": "富洲路6号东北方向20米", "城市": "重庆市", "标签": "科教文化服务;驾校;驾校", "区域名称": "沙坪坝区", "经度": 106.476106, "纬度": 29.536459, "电话": NaN, "图片标题1": NaN, "图片地址1": "http://store.is.autonavi.com/showpic/7cedab87c34fc260ade862d6b60a0951", "图片标题2": NaN, "图片地址2": NaN, "图片标题3": NaN, "图片地址3": NaN}
{"名称": "华冠驾校总校报名点", "地址": "大学城熙街一期25号楼3-15(小酒馆楼上)", "城市": "重庆市", "标签": "科教文化服务;驾校;驾校", "区域名称": "沙坪坝区", "经度": 106.302986, "纬度": 29.602955, "电话": "023-65082867", "图片标题1": NaN, "图片地址1": "http://store.is.autonavi.com/showpic/3a481c221bec11ae2b8dc7c7319973b7", "图片标题2": NaN, "图片地址2": "http://store.is.autonavi.com/showpic/4e4dbd84e4e564b6be58cbffb0fd4611", "图片标题3": NaN, "图片地址3": "http://store.is.autonavi.com/showpic/411ba13d54e555e247342a4bd37046cd"}
{"名称": "仁义驾校", "地址": "中石油上桥加油站旁(上桥地铁站2号口步行260米)", "城市": "重庆市", "标签": "科教文化服务;驾校;驾校", "区域名称": "沙坪坝区", "经度": 106.443822, "纬度": 29.519421, "电话": NaN, "图片标题1": NaN, "图片地址1": "http://store.is.autonavi.com/showpic/db06745fe9dbfe2900a0fbd4e086edc5", "图片标题2": NaN, "图片地址2": "http://store.is.autonavi.com/showpic/fccb76c69fdf8734e137fcb66234dc72", "图片标题3": NaN, "图片地址3": "http://store.is.autonavi.com/showpic/0028cdf50a0694d2f15cdecd63575ff0"}
{"名称": "金西亚驾校培训基地", "地址": "双碑街72-1号", "城市": "重庆市", "标签": "科教文化服务;驾校;驾校", "区域名称": "沙坪坝区", "经度": 106.43966, "纬度": 29.612067, "电话": NaN, "图片标题1": NaN, "图片地址1": "http://store.is.autonavi.com/showpic/2b10645299c2dbf9d64d6e7cb4bef339", "图片标题2": NaN, "图片地址2": "http://store.is.autonavi.com/showpic/2b10645299c2dbf9d64d6e7cb4bef339", "图片标题3": NaN, "图片地址3": "http://store.is.autonavi.com/showpic/042a57976e0b98a6834c3648e6215431"}
{"名称": "兰花驾校训练场", "地址": "山洞路191号", "城市": "重庆市", "标签": "科教文化服务;驾校;驾校", "区域名称": "沙坪坝区", "经度": 106.420006, "纬度": 29.51974, "电话": "023-68666305", "图片标题1": NaN, "图片地址1": NaN, "图片标题2": NaN, "图片地址2": NaN, "图片标题3": NaN, "图片地址3": NaN}
{"名称": "华润驾校训练基地", "地址": "212国道辅路与嘉勤路交叉口西460米", "城市": "重庆市", "标签": "科教文化服务;驾校;驾校", "区域名称": "沙坪坝区", "经度": 106.438224, "纬度": 29.612724, "电话": NaN, "图片标题1": NaN, "图片地址1": NaN, "图片标题2": NaN, "图片地址2": NaN, "图片标题3": NaN, "图片地址3": NaN}
{"名称": "兰花驾校", "地址": "山峰路与山洞路交叉口西50米", "城市": "重庆市", "标签": "科教文化服务;驾校;驾校", "区域名称": "沙坪坝区", "经度": 106.420011, "纬度": 29.519763, "电话": "023-68180069", "图片标题1": NaN, "图片地址1": "http://store.is.autonavi.com/showpic/4fd98de0c6c265d63d23986de294b2a9", "图片标题2": NaN, "图片地址2": NaN, "图片标题3": NaN, "图片地址3": NaN}
{"名称": "和泰驾校", "地址": "大川花园西1门西北110米", "城市": "重庆市", "标签": "科教文化服务;驾校;驾校", "区域名称": "沙坪坝区", "经度": 106.447659, "纬度": 29.562283, "电话": NaN, "图片标题1": NaN, "图片地址1": "http://store.is.autonavi.com/showpic/5fa3309d91e4a3a09c63f1b408a02040", "图片标题2": NaN, "图片地址2": NaN, "图片标题3": NaN, "图片地址3": NaN}
{"名称": "蓝迪驾校训练场", "地址": "天梨路辅路与红槽房立交交叉口东约140米", "城市": "重庆市", "标签": "科教文化服务;驾校;驾校", "区域名称": "沙坪坝区", "经度": 106.447129, "纬度": 29.551387, "电话": NaN, "图片标题1": NaN, "图片地址1": NaN, "图片标题2": NaN, "图片地址2": NaN, "图片标题3": NaN, "图片地址3": NaN}
{"名称": "大学城摩托车驾校报名处", "地址": "沙坪坝区大学城城北路181号附44龙湖u城sp11", "城市": "重庆市", "标签": "科教文化服务;驾校;驾校", "区域名称": "沙坪坝区", "经度": 106.289032, "纬度": 29.606848, "电话": "13657625031;17784310031", "图片标题1": NaN, "图片地址1": "http://store.is.autonavi.com/showpic/be8b255d82e9165ce98dc3bcec426221", "图片标题2": NaN, "图片地址2": "http://store.is.autonavi.com/showpic/e9578592725246fbcc93fa0a5b259a48", "图片标题3": NaN, "图片地址3": "http://store.is.autonavi.com/showpic/e1c6d0e2b365a006259d1c49b87b2f03"}
{"名称": "福凯驾校沙坪坝校区", "地址": "显丰大道42号附10号", "城市": "重庆市", "标签": "科教文化服务;驾校;驾校", "区域名称": "沙坪坝区", "经度": 106.470872, "纬度": 29.54418, "电话": "15922907577", "图片标题1": NaN, "图片地址1": "http://store.is.autonavi.com/showpic/97f35dd0648387ce17ab8c81593af9dc", "图片标题2": NaN, "图片地址2": "http://store.is.autonavi.com/showpic/52b7786592cf5ebabf284e0964570688", "图片标题3": NaN, "图片地址3": "http://store.is.autonavi.com/showpic/db152f9efdbd2a74d2085963fa328bb3"}
{"名称": "安顺驾校", "地址": "凤天大道东50米(重庆图书馆地铁站2号口步行400米)", "城市": "重庆市", "标签": "科教文化服务;驾校;驾校", "区域名称": "沙坪坝区", "经度": 106.453334, "纬度": 29.528155, "电话": NaN, "图片标题1": NaN, "图片地址1": "http://store.is.autonavi.com/showpic/0dc39a43a1942d0e3fddcbeb849f11ec", "图片标题2": NaN, "图片地址2": NaN, "图片标题3": NaN, "图片地址3": NaN}
{"名称": "西南驾校(总校训练场)", "地址": "陈家桥街道电机厂内", "城市": "重庆市", "标签": "科教文化服务;驾校;驾校", "区域名称": "沙坪坝区", "经度": 106.325894, "纬度": 29.610552, "电话": NaN, "图片标题1": NaN, "图片地址1": "http://store.is.autonavi.com/showpic/ec48a15661c2783cc81df09c00418523", "图片标题2": NaN, "图片地址2": NaN, "图片标题3": NaN, "图片地址3": NaN}
{"名称": "兰花驾校", "地址": "童家桥正街辅路与童家桥正街交叉口西南约40米", "城市": "重庆市", "标签": "科教文化服务;驾校;驾校", "区域名称": "沙坪坝区", "经度": 106.445218, "纬度": 29.57037, "电话": NaN, "图片标题1": NaN, "图片地址1": NaN, "图片标题2": NaN, "图片地址2": NaN, "图片标题3": NaN, "图片地址3": NaN}
{"名称": "悦途驾校", "地址": "新桥正街新桥小学旁边", "城市": "重庆市", "标签": "科教文化服务;驾校;驾校", "区域名称": "沙坪坝区", "经度": 106.441401, "纬度": 29.52307, "电话": NaN, "图片标题1": NaN, "图片地址1": "https://aos-comment.amap.com/B0IAXZ2A4L/headerImg/e7ddfa8606cb5df8c514ab4a21245de1_2048_2048_80.jpg", "图片标题2": NaN, "图片地址2": "https://aos-comment.amap.com/B0IAXZ2A4L/headerImg/7c757559733a335e9d07f91bf5e32c34_2048_2048_80.jpg", "图片标题3": NaN, "图片地址3": "https://aos-comment.amap.com/B0IAXZ2A4L/headerImg/ab0b9854dc0b89f21083d3095b96ecee_2048_2048_80.jpg"}
{"名称": "蓝光驾校(暂停营业)", "地址": "凤天大道筑梦庭", "城市": "重庆市", "标签": "科教文化服务;驾校;驾校", "区域名称": "沙坪坝区", "经度": 106.453955, "纬度": 29.527506, "电话": "023-65264232;18983386189", "图片标题1": NaN, "图片地址1": "http://store.is.autonavi.com/showpic/e4861e20fc02b43824fff45da734110a", "图片标题2": NaN, "图片地址2": NaN, "图片标题3": NaN, "图片地址3": NaN}
{"名称": "路丰驾校(总校)", "地址": "西科大道富康新城", "城市": "重庆市", "标签": "科教文化服务;驾校;驾校", "区域名称": "沙坪坝区", "经度": 106.381612, "纬度": 29.581615, "电话": "15923640333", "图片标题1": NaN, "图片地址1": "http://store.is.autonavi.com/showpic/ec8b45e808750155e9b30deb0140f0fe", "图片标题2": NaN, "图片地址2": NaN, "图片标题3": NaN, "图片地址3": NaN}
{"名称": "建华驾校", "地址": "景苑路与艺德路交叉口南80米", "城市": "重庆市", "标签": "科教文化服务;驾校;驾校", "区域名称": "沙坪坝区", "经度": 106.301283, "纬度": 29.599971, "电话": NaN, "图片标题1": NaN, "图片地址1": "http://store.is.autonavi.com/showpic/0f6d9f7109e18640936bf5adb2e22d5f", "图片标题2": NaN, "图片地址2": NaN, "图片标题3": NaN, "图片地址3": NaN}
{"名称": "极享机车培训学院总部", "地址": "土主镇泰康路和垄安大道交界处", "城市": "重庆市", "标签": "科教文化服务;驾校;驾校", "区域名称": "沙坪坝区", "经度": 106.374337, "纬度": 29.635709, "电话": "18623197767", "图片标题1": NaN, "图片地址1": "http://store.is.autonavi.com/showpic/030cc2ce326a4b4bb9ecfb3d2a546ee1", "图片标题2": NaN, "图片地址2": "http://store.is.autonavi.com/showpic/c9b9628f32db87e45f5323503c4c6804", "图片标题3": NaN, "图片地址3": "http://store.is.autonavi.com/showpic/fd5b7b0c6a93797d743bc90d66158c89"}
{"名称": "渝都驾校总校", "地址": "新桥工业园金竹沟36号", "城市": "重庆市", "标签": "科教文化服务;驾校;驾校", "区域名称": "沙坪坝区", "经度": 106.432479, "纬度": 29.531032, "电话": NaN, "图片标题1": NaN, "图片地址1": "http://store.is.autonavi.com/showpic/a4064b4fc7de919849d1473948017f78", "图片标题2": NaN, "图片地址2": "http://store.is.autonavi.com/showpic/35b87c1daa372268fbb18fab65ef942f", "图片标题3": NaN, "图片地址3": NaN}
{"名称": "贵峰驾校", "地址": "212国道与井口正街交叉口西160米", "城市": "重庆市", "标签": "科教文化服务;驾校;驾校", "区域名称": "沙坪坝区", "经度": 106.443247, "纬度": 29.636329, "电话": NaN, "图片标题1": NaN, "图片地址1": "http://store.is.autonavi.com/showpic/a361be4636a669da8ed47763a675087f", "图片标题2": NaN, "图片地址2": NaN, "图片标题3": NaN, "图片地址3": NaN}
{"名称": "翰阳驾校", "地址": "小龙坎正街133号(小龙坎地铁站4号口旁)", "城市": "重庆市", "标签": "科教文化服务;驾校;驾校", "区域名称": "沙坪坝区", "经度": 106.466551, "纬度": 29.553422, "电话": "18580462683", "图片标题1": NaN, "图片地址1": "http://store.is.autonavi.com/showpic/55e4728a9c86dcbbe51a76514c06dcc1", "图片标题2": NaN, "图片地址2": NaN, "图片标题3": NaN, "图片地址3": NaN}
{"名称": "西南驾校", "地址": "G5001(重庆绕城高速)", "城市": "重庆市", "标签": "科教文化服务;驾校;驾校", "区域名称": "沙坪坝区", "经度": 106.287669, "纬度": 29.543964, "电话": NaN, "图片标题1": NaN, "图片地址1": "http://store.is.autonavi.com/showpic/73422ccbf3477aecf3bc3fb9c396c8c6", "图片标题2": NaN, "图片地址2": NaN, "图片标题3": NaN, "图片地址3": NaN}
{"名称": "指上学车第一训练场", "地址": "曾家镇火钳沟(金科廊桥水乡前行500米)", "城市": "重庆市", "标签": "科教文化服务;驾校;驾校", "区域名称": "沙坪坝区", "经度": 106.273464, "纬度": 29.582551, "电话": NaN, "图片标题1": NaN, "图片地址1": NaN, "图片标题2": NaN, "图片地址2": NaN, "图片标题3": NaN, "图片地址3": NaN}
{"名称": "和泰驾校", "地址": "沙坪坝井口青龙嘴900号", "城市": "重庆市", "标签": "科教文化服务;驾校;驾校", "区域名称": "沙坪坝区", "经度": 106.435218, "纬度": 29.624367, "电话": NaN, "图片标题1": NaN, "图片地址1": NaN, "图片标题2": NaN, "图片地址2": NaN, "图片标题3": NaN, "图片地址3": NaN}
{"名称": "西南驾校总校", "地址": "龙湖好城时光西南门北230米", "城市": "重庆市", "标签": "科教文化服务;驾校;驾校", "区域名称": "沙坪坝区", "经度": 106.365415, "纬度": 29.612044, "电话": NaN, "图片标题1": NaN, "图片地址1": "http://store.is.autonavi.com/showpic/b371fa1569ded1c7ca90efd88a6f54cf", "图片标题2": NaN, "图片地址2": NaN, "图片标题3": NaN, "图片地址3": NaN}
{"名称": "顺欣驾校训练场", "地址": "康城北路23号", "城市": "重庆市", "标签": "科教文化服务;驾校;驾校", "区域名称": "沙坪坝区", "经度": 106.31159, "纬度": 29.577008, "电话": "18680811878", "图片标题1": NaN, "图片地址1": "http://store.is.autonavi.com/showpic/54162271fa604d322bf12055ea515f7b", "图片标题2": NaN, "图片地址2": "http://store.is.autonavi.com/showpic/cdd70c34ccbc1a8f4eae8d8233309a46", "图片标题3": NaN, "图片地址3": "http://store.is.autonavi.com/showpic/330d99555f5cf8cd7da8ec8a44e658c3"}
{"名称": "赛达大车驾校", "地址": "陈南路与陈西路交叉口东20米", "城市": "重庆市", "标签": "科教文化服务;驾校;驾校", "区域名称": "沙坪坝区", "经度": 106.334858, "纬度": 29.618355, "电话": NaN, "图片标题1": NaN, "图片地址1": "http://store.is.autonavi.com/showpic/3ae80faef8793d840ef6616442296515", "图片标题2": NaN, "图片地址2": NaN, "图片标题3": NaN, "图片地址3": NaN}
{"名称": "九城驾校招生办公室", "地址": "双碑首创城嘉汇路35号附70号", "城市": "重庆市", "标签": "科教文化服务;驾校;驾校", "区域名称": "沙坪坝区", "经度": 106.452699, "纬度": 29.603091, "电话": NaN, "图片标题1": NaN, "图片地址1": "http://store.is.autonavi.com/showpic/185a5bcac192a3c17fb284d7c17abd2e", "图片标题2": NaN, "图片地址2": "http://store.is.autonavi.com/showpic/83384612651b24085223531264bf08fe", "图片标题3": NaN, "图片地址3": NaN}
{"名称": "锦富驾校训练基地", "地址": "盛德路与大学城东一路交叉口西南360米", "城市": "重庆市", "标签": "科教文化服务;驾校;驾校", "区域名称": "沙坪坝区", "经度": 106.327998, "纬度": 29.612126, "电话": NaN, "图片标题1": NaN, "图片地址1": NaN, "图片标题2": NaN, "图片地址2": NaN, "图片标题3": NaN, "图片地址3": NaN}
{"名称": "仁杰驾校(沙坪坝总校)", "地址": "凤天大道49号附1号", "城市": "重庆市", "标签": "科教文化服务;驾校;驾校", "区域名称": "沙坪坝区", "经度": 106.457243, "纬度": 29.53456, "电话": NaN, "图片标题1": NaN, "图片地址1": "http://store.is.autonavi.com/showpic/590470af7b056bee86d712aab0e8a248", "图片标题2": NaN, "图片地址2": NaN, "图片标题3": NaN, "图片地址3": NaN}
{"名称": "重庆华润驾校训练场", "地址": "陈丰路105号", "城市": "重庆市", "标签": "科教文化服务;驾校;驾校", "区域名称": "沙坪坝区", "经度": 106.345848, "纬度": 29.626099, "电话": NaN, "图片标题1": NaN, "图片地址1": "http://store.is.autonavi.com/showpic/6368ab45d475711a82e6022551a807b3", "图片标题2": NaN, "图片地址2": NaN, "图片标题3": NaN, "图片地址3": NaN}
{"名称": "松龙驾校", "地址": "重庆图书馆地铁站2号口步行340米", "城市": "重庆市", "标签": "科教文化服务;驾校;驾校", "区域名称": "沙坪坝区", "经度": 106.452922, "纬度": 29.528882, "电话": NaN, "图片标题1": NaN, "图片地址1": NaN, "图片标题2": NaN, "图片地址2": NaN, "图片标题3": NaN, "图片地址3": NaN}
{"名称": "温纳驾校", "地址": "双碑中心湾亚特", "城市": "重庆市", "标签": "科教文化服务;驾校;驾校", "区域名称": "沙坪坝区", "经度": 106.44353, "纬度": 29.595913, "电话": "13251376426", "图片标题1": NaN, "图片地址1": "http://store.is.autonavi.com/showpic/6745c0babfc598f572bb2e30ed3dcd7d", "图片标题2": NaN, "图片地址2": NaN, "图片标题3": NaN, "图片地址3": NaN}
{"名称": "长运驾培集团", "地址": "梨新路汽车检测站南侧190米", "城市": "重庆市", "标签": "科教文化服务;驾校;驾校", "区域名称": "沙坪坝区", "经度": 106.433828, "纬度": 29.543342, "电话": NaN, "图片标题1": NaN, "图片地址1": NaN, "图片标题2": NaN, "图片地址2": NaN, "图片标题3": NaN, "图片地址3": NaN}
{"名称": "西南驾校", "地址": "青凤路与青东路交叉口南300米", "城市": "重庆市", "标签": "科教文化服务;驾校;驾校", "区域名称": "沙坪坝区", "经度": 106.312216, "纬度": 29.671972, "电话": NaN, "图片标题1": NaN, "图片地址1": "http://store.is.autonavi.com/showpic/3a03cb55474c71b3594c17506e7b0d4e", "图片标题2": NaN, "图片地址2": NaN, "图片标题3": NaN, "图片地址3": NaN}
{"名称": "九城驾校", "地址": "大学城中路与大学城南二路交叉路口往东约190米", "城市": "重庆市", "标签": "科教文化服务;驾校;驾校", "区域名称": "沙坪坝区", "经度": 106.30944, "纬度": 29.57988, "电话": NaN, "图片标题1": NaN, "图片地址1": NaN, "图片标题2": NaN, "图片地址2": NaN, "图片标题3": NaN, "图片地址3": NaN}
{"名称": "鼎吉驾校(熙街服务店)", "地址": "景苑路8号附517号", "城市": "重庆市", "标签": "科教文化服务;驾校;驾校", "区域名称": "沙坪坝区", "经度": 106.301455, "纬度": 29.604989, "电话": "18008309085", "图片标题1": NaN, "图片地址1": "http://store.is.autonavi.com/showpic/8e516d4bd221115dccd1cda686f31ed8", "图片标题2": NaN, "图片地址2": "http://store.is.autonavi.com/showpic/e37ec2095ce5b0483be7ccfd355c5751", "图片标题3": NaN, "图片地址3": "http://store.is.autonavi.com/showpic/62983c41f3e3892042d64c9d9dcb7777"}
{"名称": "鼎吉驾校大学城训练基地", "地址": "陈家桥地铁站1号出口处", "城市": "重庆市", "标签": "科教文化服务;驾校;驾校", "区域名称": "沙坪坝区", "经度": 106.329147, "纬度": 29.607734, "电话": "023-67303999", "图片标题1": NaN, "图片地址1": "http://store.is.autonavi.com/showpic/f78a212964db339c0b08c4632eacbdb4", "图片标题2": NaN, "图片地址2": NaN, "图片标题3": NaN, "图片地址3": NaN}
{"名称": "顺欣驾校总校", "地址": "碧水云天西南侧约210米", "城市": "重庆市", "标签": "科教文化服务;驾校;驾校", "区域名称": "沙坪坝区", "经度": 106.329775, "纬度": 29.61113, "电话": "023-65906878;17729617818", "图片标题1": NaN, "图片地址1": "http://store.is.autonavi.com/showpic/c30f3148a5aa81e305c2cc63742221c4", "图片标题2": NaN, "图片地址2": "http://store.is.autonavi.com/showpic/2db57d4d9915db9b62f13ce44ab71a81", "图片标题3": NaN, "图片地址3": "http://store.is.autonavi.com/showpic/b084d5f847338f21003cab57e07f1c3e"}
{"名称": "九城驾校总校", "地址": "新青路与青云街交叉口西南20米", "城市": "重庆市", "标签": "科教文化服务;驾校;驾校", "区域名称": "沙坪坝区", "经度": 106.305567, "纬度": 29.673034, "电话": "13399892485;15025431553", "图片标题1": NaN, "图片地址1": "http://store.is.autonavi.com/showpic/d2ecfdd35e93e527e2283f02c16c1877", "图片标题2": NaN, "图片地址2": NaN, "图片标题3": NaN, "图片地址3": NaN}
{"名称": "渝川驾校高九路培训基地", "地址": "经纬大道1106号", "城市": "重庆市", "标签": "科教文化服务;驾校;驾校", "区域名称": "沙坪坝区", "经度": 106.478188, "纬度": 29.545677, "电话": "13983381569;15802352997", "图片标题1": NaN, "图片地址1": "http://store.is.autonavi.com/showpic/befbf9c8748ca60b222368bb40a4f381", "图片标题2": NaN, "图片地址2": "http://store.is.autonavi.com/showpic/dbcaf5197ae67f4c34f4713bf15ee998", "图片标题3": NaN, "图片地址3": "http://store.is.autonavi.com/showpic/012a20628460e103b30621f857aeed3a"}
{"名称": "首飞驾校", "地址": "中兴街与曾家商业步行街交叉口北50米", "城市": "重庆市", "标签": "科教文化服务;驾校;驾校", "区域名称": "沙坪坝区", "经度": 106.302395, "纬度": 29.551281, "电话": NaN, "图片标题1": NaN, "图片地址1": "http://store.is.autonavi.com/showpic/67337af0484649f56bbba166b8f3b7c8", "图片标题2": NaN, "图片地址2": "http://store.is.autonavi.com/showpic/92a6f8f20a3a860a151749b1a756ba11", "图片标题3": NaN, "图片地址3": NaN}
{"名称": "和瑞驾驶训练基地", "地址": "梨树湾火车货运站后面300米(乘坐267交通车梨树湾二手车市场站下)", "城市": "重庆市", "标签": "科教文化服务;驾校;驾校", "区域名称": "沙坪坝区", "经度": 106.433841, "纬度": 29.543508, "电话": "023-65036888;023-65036999", "图片标题1": NaN, "图片地址1": "http://store.is.autonavi.com/showpic/f23e550e42d5da7e3ab35e0f09f0cf5c", "图片标题2": NaN, "图片地址2": NaN, "图片标题3": NaN, "图片地址3": NaN}
{"名称": "奥体驾校", "地址": "陈电路与陈南路交叉口西南180米", "城市": "重庆市", "标签": "科教文化服务;驾校;驾校", "区域名称": "沙坪坝区", "经度": 106.336274, "纬度": 29.615098, "电话": NaN, "图片标题1": NaN, "图片地址1": "http://store.is.autonavi.com/showpic/bc5771c073407b3cad7fa98a1936d856", "图片标题2": NaN, "图片地址2": NaN, "图片标题3": NaN, "图片地址3": NaN}
{"名称": "华冠驾校电子校训练场", "地址": "大学城东一路与盛德路交叉口南360米", "城市": "重庆市", "标签": "科教文化服务;驾校;驾校", "区域名称": "沙坪坝区", "经度": 106.330026, "纬度": 29.611227, "电话": NaN, "图片标题1": NaN, "图片地址1": "http://store.is.autonavi.com/showpic/e212f8324b23b83041b86800d405d2f6", "图片标题2": NaN, "图片地址2": NaN, "图片标题3": NaN, "图片地址3": NaN}
{"名称": "云学车驾考中心", "地址": "重庆市重庆市沙坪坝区", "城市": "重庆市", "标签": "科教文化服务;驾校;驾校", "区域名称": "沙坪坝区", "经度": 106.310446, "纬度": 29.632856, "电话": NaN, "图片标题1": NaN, "图片地址1": "http://store.is.autonavi.com/showpic/5343dbc89163a0e56ed037a078131f83", "图片标题2": NaN, "图片地址2": "http://store.is.autonavi.com/showpic/c9b1fe84a597f75e0212afbea228cff2", "图片标题3": NaN, "图片地址3": "http://store.is.autonavi.com/showpic/2235e93b45e0899023f4a6053a3d3190"}
{"名称": "华润驾培总部", "地址": "仟百汇东门西90米", "城市": "重庆市", "标签": "科教文化服务;驾校;驾校", "区域名称": "沙坪坝区", "经度": 106.318833, "纬度": 29.607662, "电话": NaN, "图片标题1": NaN, "图片地址1": NaN, "图片标题2": NaN, "图片地址2": NaN, "图片标题3": NaN, "图片地址3": NaN}
{"名称": "重庆和泰驾校总校", "地址": "茅山峡公路北100米", "城市": "重庆市", "标签": "科教文化服务;驾校;驾校", "区域名称": "沙坪坝区", "经度": 106.434775, "纬度": 29.624263, "电话": "13320285815", "图片标题1": NaN, "图片地址1": "http://store.is.autonavi.com/showpic/e3f064be0a8327ea2a5ac7f652177b14", "图片标题2": NaN, "图片地址2": "http://store.is.autonavi.com/showpic/1648989c7281a1111ea78ab93ddb9764", "图片标题3": NaN, "图片地址3": NaN}
{"名称": "沙坪坝摩托车驾校", "地址": "小龙坎正街2号附8嘉祥招待所楼下", "城市": "重庆市", "标签": "科教文化服务;驾校;驾校", "区域名称": "沙坪坝区", "经度": 106.469887, "纬度": 29.553211, "电话": "13677667377", "图片标题1": NaN, "图片地址1": "http://store.is.autonavi.com/showpic/23eac0734c4f6de9a9becae725be7793", "图片标题2": NaN, "图片地址2": "http://store.is.autonavi.com/showpic/8f87403845dc3aac4e2abdae3c5d5c3f", "图片标题3": NaN, "图片地址3": "http://store.is.autonavi.com/showpic/2985b0faf65b725c70c6526a908dd36e"}
{"名称": "捷信驾校双碑训练场", "地址": "双碑西立交与双碑街交叉口东140米(双碑地铁站1号口旁)", "城市": "重庆市", "标签": "科教文化服务;驾校;驾校", "区域名称": "沙坪坝区", "经度": 106.444199, "纬度": 29.6056, "电话": NaN, "图片标题1": NaN, "图片地址1": "https://aos-comment.amap.com/B0HRVL5TT7/headerImg/content_media_external_images_media_39718_1657031517522_865e3fc8.jpg", "图片标题2": NaN, "图片地址2": "https://aos-comment.amap.com/B0HRVL5TT7/headerImg/content_media_external_images_media_39717_1657031517522_5123748f.jpg", "图片标题3": NaN, "图片地址3": "https://aos-comment.amap.com/B0HRVL5TT7/headerImg/content_media_external_images_media_39719_1657031517522_c188acd8.jpg"}
{"名称": "红安驾校", "地址": "曾家镇红安驾校", "城市": "重庆市", "标签": "科教文化服务;驾校;驾校", "区域名称": "沙坪坝区", "经度": 106.303314, "纬度": 29.545904, "电话": "18523007579", "图片标题1": NaN, "图片地址1": "http://aos-cdn-image.amap.com/sns/ugccomment/8fb8391d-168a-4f21-a3d1-628a0125404a.jpg", "图片标题2": NaN, "图片地址2": "http://store.is.autonavi.com/showpic/16eef26fd5c6929a36776843df735c4f", "图片标题3": NaN, "图片地址3": NaN}
{"名称": "仁义驾校凤鸣山训练基地", "地址": "万科金色悦城一期2号门(上桥地铁站2号口步行240米)", "城市": "重庆市", "标签": "科教文化服务;驾校;驾校", "区域名称": "沙坪坝区", "经度": 106.44381, "纬度": 29.519472, "电话": NaN, "图片标题1": NaN, "图片地址1": "http://store.is.autonavi.com/showpic/4551e024a59ed036e7aa2ba9b07b4441", "图片标题2": NaN, "图片地址2": "http://store.is.autonavi.com/showpic/06937d65c9d87f9a80cb3c6df42aea01", "图片标题3": NaN, "图片地址3": "http://store.is.autonavi.com/showpic/49b486f8d4039c44797aa0bbb5227a33"}
{"名称": "重庆至尚驾校(川外总部)", "地址": "川外校内33号1-3半山腰彩云梯左侧", "城市": "重庆市", "标签": "科教文化服务;驾校;驾校", "区域名称": "沙坪坝区", "经度": 106.436504, "纬度": 29.570551, "电话": "023-65322549;023-65468960;18580505524", "图片标题1": NaN, "图片地址1": "http://store.is.autonavi.com/showpic/32c933f5891ae228da053d5eb4287249", "图片标题2": NaN, "图片地址2": "http://store.is.autonavi.com/showpic/a37ad1b32f6a2e49faec1f34757a3426", "图片标题3": NaN, "图片地址3": "http://store.is.autonavi.com/showpic/c1e8f9c78a0863fffc500fc4729a1c76"}
{"名称": "顺欣驾校(双碑训练基地)", "地址": "双碑汇景雅居旁", "城市": "重庆市", "标签": "科教文化服务;驾校;驾校", "区域名称": "沙坪坝区", "经度": 106.438103, "纬度": 29.612733, "电话": NaN, "图片标题1": NaN, "图片地址1": "http://store.is.autonavi.com/showpic/eb2be787ae3198e1e2212fc8e0514a2b", "图片标题2": NaN, "图片地址2": "http://store.is.autonavi.com/showpic/8d90c942663fb06be2a3f73d2cb5a6fd", "图片标题3": NaN, "图片地址3": NaN}
{"名称": "路音驾校", "地址": "文兴大道与开中路交叉口西北100米", "城市": "重庆市", "标签": "科教文化服务;驾校;驾校", "区域名称": "沙坪坝区", "经度": 106.354183, "纬度": 29.639728, "电话": "15923000456", "图片标题1": NaN, "图片地址1": "http://store.is.autonavi.com/showpic/7557b3bdd0ab5a8c8550bdb9ae2a6d33", "图片标题2": NaN, "图片地址2": "http://store.is.autonavi.com/showpic/327417dc72903c705ffaca6f73bb8e36", "图片标题3": NaN, "图片地址3": "http://store.is.autonavi.com/showpic/97ccf6572883c65922214ed6f1bdc2f0"}
{"名称": "九城驾校(井口训练基地)", "地址": "井口工业园区井盛路13号209公交车终点站站旁", "城市": "重庆市", "标签": "科教文化服务;驾校;驾校", "区域名称": "沙坪坝区", "经度": 106.449722, "纬度": 29.657782, "电话": NaN, "图片标题1": NaN, "图片地址1": "http://store.is.autonavi.com/showpic/21c574451a8df03f11906eabde33ad8a", "图片标题2": NaN, "图片地址2": "http://store.is.autonavi.com/showpic/699f335c5b93a862b42dca8c0d8dbdb5", "图片标题3": NaN, "图片地址3": NaN}
{"名称": "九城驾校(学府悦园校区)", "地址": "学府悦园C2组团2号门东90米", "城市": "重庆市", "标签": "科教文化服务;驾校;驾校", "区域名称": "沙坪坝区", "经度": 106.337179, "纬度": 29.630618, "电话": NaN, "图片标题1": NaN, "图片地址1": "http://store.is.autonavi.com/showpic/1c7316a1a25bc713929c2757f46493cd", "图片标题2": NaN, "图片地址2": "http://store.is.autonavi.com/showpic/d59ca8935915d8696fc51c37baf17ced", "图片标题3": NaN, "图片地址3": NaN}
{"名称": "路音驾校", "地址": "盛德路与大学城东一路交叉口西南420米", "城市": "重庆市", "标签": "科教文化服务;驾校;驾校", "区域名称": "沙坪坝区", "经度": 106.327207, "纬度": 29.612028, "电话": NaN, "图片标题1": NaN, "图片地址1": NaN, "图片标题2": NaN, "图片地址2": NaN, "图片标题3": NaN, "图片地址3": NaN}
{"名称": "功成驾校", "地址": "平安大道美丽·阳光家园", "城市": "重庆市", "标签": "科教文化服务;驾校;驾校", "区域名称": "沙坪坝区", "经度": 106.444831, "纬度": 29.6433, "电话": "023-67907662;18166475565", "图片标题1": NaN, "图片地址1": "http://store.is.autonavi.com/showpic/b003c77377253cb368b47c1431319c6a", "图片标题2": NaN, "图片地址2": NaN, "图片标题3": NaN, "图片地址3": NaN}
{"名称": "九城驾校", "地址": "惠民小区西门南50米", "城市": "重庆市", "标签": "科教文化服务;驾校;驾校", "区域名称": "沙坪坝区", "经度": 106.374755, "纬度": 29.633522, "电话": "18983482321", "图片标题1": NaN, "图片地址1": "http://store.is.autonavi.com/showpic/74f24659710c2c594f642ddb8c8b9c7f", "图片标题2": NaN, "图片地址2": NaN, "图片标题3": NaN, "图片地址3": NaN}
{"名称": "路正驾校", "地址": "716县道西侧", "城市": "重庆市", "标签": "科教文化服务;驾校;驾校", "区域名称": "沙坪坝区", "经度": 106.417373, "纬度": 29.505067, "电话": NaN, "图片标题1": NaN, "图片地址1": "http://store.is.autonavi.com/showpic/1985ec7c04ef04a7b69261f66e7c5a5f", "图片标题2": NaN, "图片地址2": NaN, "图片标题3": NaN, "图片地址3": NaN}
{"名称": "九城驾校总校", "地址": "大学城城管校后门", "城市": "重庆市", "标签": "科教文化服务;驾校;驾校", "区域名称": "沙坪坝区", "经度": 106.296411, "纬度": 29.674788, "电话": NaN, "图片标题1": NaN, "图片地址1": "http://store.is.autonavi.com/showpic/41aa8093a53c20719f683538399fd104", "图片标题2": NaN, "图片地址2": NaN, "图片标题3": NaN, "图片地址3": NaN}
{"名称": "照星驾校", "地址": "麒麟香山西南门旁", "城市": "重庆市", "标签": "科教文化服务;驾校;驾校", "区域名称": "沙坪坝区", "经度": 106.415447, "纬度": 29.636286, "电话": "15909342989", "图片标题1": NaN, "图片地址1": "http://store.is.autonavi.com/showpic/ec00a4a407ee1b56030beff5c5ee8df0", "图片标题2": NaN, "图片地址2": NaN, "图片标题3": NaN, "图片地址3": NaN}
{"名称": "华冠驾校总校曾家训练基地", "地址": "景观大道南40米", "城市": "重庆市", "标签": "科教文化服务;驾校;驾校", "区域名称": "沙坪坝区", "经度": 106.292645, "纬度": 29.541609, "电话": NaN, "图片标题1": NaN, "图片地址1": "http://store.is.autonavi.com/showpic/bd92582a9f223465561f0903ba1b5401", "图片标题2": NaN, "图片地址2": "http://store.is.autonavi.com/showpic/809ed04bb3f0d4752b859bdde348bed1", "图片标题3": NaN, "图片地址3": NaN}
{"名称": "重庆大学B区-福瑞熙驾校", "地址": "沙杨路78号附近", "城市": "重庆市", "标签": "科教文化服务;驾校;驾校", "区域名称": "沙坪坝区", "经度": 106.458308, "纬度": 29.564634, "电话": NaN, "图片标题1": NaN, "图片地址1": "http://store.is.autonavi.com/showpic/23a9e8a58e9178adedbe9c0d886b1292", "图片标题2": NaN, "图片地址2": NaN, "图片标题3": NaN, "图片地址3": NaN}
{"名称": "高速驾培大学城校区", "地址": "G5013渝蓉高速入口与212国道交叉口西南360米", "城市": "重庆市", "标签": "科教文化服务;驾校;驾校", "区域名称": "沙坪坝区", "经度": 106.316936, "纬度": 29.637825, "电话": NaN, "图片标题1": NaN, "图片地址1": "http://store.is.autonavi.com/showpic/d0c08d429144d19e33a10297300cd911", "图片标题2": NaN, "图片地址2": "http://store.is.autonavi.com/showpic/2310792d86ebf26df2071c69ffd3547f", "图片标题3": NaN, "图片地址3": NaN}
{"名称": "路正驾校", "地址": "土主中路127号路正驾校", "城市": "重庆市", "标签": "科教文化服务;驾校;驾校", "区域名称": "沙坪坝区", "经度": 106.369899, "纬度": 29.631863, "电话": NaN, "图片标题1": NaN, "图片地址1": "http://store.is.autonavi.com/showpic/00208452c0ef9da426245afcd7e69e0b", "图片标题2": NaN, "图片地址2": NaN, "图片标题3": NaN, "图片地址3": NaN}
{"名称": "重庆大学大学汽车驾驶培训中心", "地址": "沙坪坝正街174号重庆大学", "城市": "重庆市", "标签": "科教文化服务;驾校;驾校|科教文化服务;培训机构;培训机构", "区域名称": "沙坪坝区", "经度": 106.469901, "纬度": 29.566801, "电话": "023-65102428", "图片标题1": NaN, "图片地址1": NaN, "图片标题2": NaN, "图片地址2": NaN, "图片标题3": NaN, "图片地址3": NaN}
{"名称": "至尚优学车驾培(科二训练场)", "地址": "陈家桥街道丰文", "城市": "重庆市", "标签": "科教文化服务;驾校;驾校", "区域名称": "沙坪坝区", "经度": 106.343112, "纬度": 29.630943, "电话": NaN, "图片标题1": NaN, "图片地址1": "http://store.is.autonavi.com/showpic/13fce80315432945953db4bb4c3546b2", "图片标题2": NaN, "图片地址2": "http://store.is.autonavi.com/showpic/f1301121a5d71f184cdbda81800cd94d", "图片标题3": NaN, "图片地址3": NaN}
{"名称": "重庆大学B区-文艺广告玉祥驾校", "地址": "沙坪坝北街与思源路交叉口东南360米", "城市": "重庆市", "标签": "科教文化服务;驾校;驾校", "区域名称": "沙坪坝区", "经度": 106.463002, "纬度": 29.567998, "电话": NaN, "图片标题1": NaN, "图片地址1": NaN, "图片标题2": NaN, "图片地址2": NaN, "图片标题3": NaN, "图片地址3": NaN}
{"名称": "重庆公交驾校(沙坪坝小车驾培基地)", "地址": "华宇金沙时代南苑北150米", "城市": "重庆市", "标签": "科教文化服务;驾校;驾校", "区域名称": "沙坪坝区", "经度": 106.476161, "纬度": 29.556646, "电话": "023-65832558", "图片标题1": NaN, "图片地址1": "http://store.is.autonavi.com/showpic/ff2afd4b6531a297a7fa57a975f26bd3", "图片标题2": NaN, "图片地址2": "http://store.is.autonavi.com/showpic/7291694023be696d8f69426cccd0d48e", "图片标题3": NaN, "图片地址3": "http://store.is.autonavi.com/showpic/18b472e860da336d5d4810dfa3397e29"}
{"名称": "优学车驾培(曾家科二训练场)", "地址": "曾家镇清明村退役军人服务站西侧50米", "城市": "重庆市", "标签": "科教文化服务;驾校;驾校", "区域名称": "沙坪坝区", "经度": 106.292963, "纬度": 29.541232, "电话": NaN, "图片标题1": NaN, "图片地址1": "http://store.is.autonavi.com/showpic/f0f6a2577901548088cfcb1f93358f32", "图片标题2": NaN, "图片地址2": "http://store.is.autonavi.com/showpic/b838d3c1a2c0cef60a7e3d81e0f6a551", "图片标题3": NaN, "图片地址3": NaN}
{"名称": "路音驾培集团大学城第三训练场", "地址": "学苑西路与学苑北路交叉口西200米", "城市": "重庆市", "标签": "科教文化服务;驾校;驾校", "区域名称": "沙坪坝区", "经度": 106.30134, "纬度": 29.628609, "电话": NaN, "图片标题1": NaN, "图片地址1": "http://store.is.autonavi.com/showpic/4c6a04f9a6f1b759ca111b9702f17600", "图片标题2": NaN, "图片地址2": NaN, "图片标题3": NaN, "图片地址3": NaN}
{"名称": "路音驾校(陈青路店)(暂停营业)", "地址": "陈新村沿河路与陈南路交叉口东20米", "城市": "重庆市", "标签": "科教文化服务;驾校;驾校", "区域名称": "沙坪坝区", "经度": 106.338132, "纬度": 29.615897, "电话": NaN, "图片标题1": NaN, "图片地址1": "http://store.is.autonavi.com/showpic/7dc56b949b359836ff93d1228f36acc8", "图片标题2": NaN, "图片地址2": NaN, "图片标题3": NaN, "图片地址3": NaN}
{"名称": "重庆博通汽车驾驶培训有限公司", "地址": "富力城科创星公寓1栋710", "城市": "重庆市", "标签": "科教文化服务;驾校;驾校", "区域名称": "沙坪坝区", "经度": 106.313063, "纬度": 29.608093, "电话": NaN, "图片标题1": NaN, "图片地址1": "http://store.is.autonavi.com/showpic/6f5b2a09125af7ae849f007a1d7aaa4f", "图片标题2": NaN, "图片地址2": "http://store.is.autonavi.com/showpic/2dd3ddf04b1f1a0dfeccbc6caa8251d5", "图片标题3": NaN, "图片地址3": "http://store.is.autonavi.com/showpic/643b7d95297831ffc3ca4bcec8fd236c"}
{"名称": "泰安驾校训练基地(沙坪坝旗舰店)", "地址": "党校路(天梨路地铁站4号口步行280米)", "城市": "重庆市", "标签": "科教文化服务;驾校;驾校", "区域名称": "沙坪坝区", "经度": 106.453265, "纬度": 29.552911, "电话": NaN, "图片标题1": NaN, "图片地址1": "http://store.is.autonavi.com/showpic/cba3e46ac1f69572b2a3c7a64b831c73", "图片标题2": NaN, "图片地址2": "http://store.is.autonavi.com/showpic/4cb3a3879e9dd9d6d2d9f70660b7d426", "图片标题3": NaN, "图片地址3": NaN}
{"名称": "维格特瑞驾驶培训学校(暂停营业)", "地址": "学府支路与健康东环路交叉口东北220米", "城市": "重庆市", "标签": "科教文化服务;驾校;驾校", "区域名称": "沙坪坝区", "经度": 106.440077, "纬度": 29.523872, "电话": NaN, "图片标题1": NaN, "图片地址1": "http://store.is.autonavi.com/showpic/4bac884174e9375228cfa5ee05701b1a", "图片标题2": NaN, "图片地址2": NaN, "图片标题3": NaN, "图片地址3": NaN}
{"名称": "渝悦驾校总校(新桥凤鸣山训练场)", "地址": "凤中路192号", "城市": "重庆市", "标签": "科教文化服务;驾校;驾校", "区域名称": "沙坪坝区", "经度": 106.443657, "纬度": 29.522667, "电话": NaN, "图片标题1": NaN, "图片地址1": "http://store.is.autonavi.com/showpic/c7bceaead5d1b7a868da1fa0e52992e2", "图片标题2": NaN, "图片地址2": "http://store.is.autonavi.com/showpic/c7bceaead5d1b7a868da1fa0e52992e2", "图片标题3": NaN, "图片地址3": "http://store.is.autonavi.com/showpic/78770ee213eae7fe42887def22da6d93"}
{"名称": "起点驾校(石井坡地铁站店)", "地址": "石井坡264号附832-(地铁站1出口)", "城市": "重庆市", "标签": "科教文化服务;驾校;驾校", "区域名称": "沙坪坝区", "经度": 106.444602, "纬度": 29.589563, "电话": "023-67968278;18983234092", "图片标题1": NaN, "图片地址1": "http://store.is.autonavi.com/showpic/eaf2f4826596afa962f88ec2f82afd22", "图片标题2": NaN, "图片地址2": "http://store.is.autonavi.com/showpic/eaf2f4826596afa962f88ec2f82afd22", "图片标题3": NaN, "图片地址3": "http://store.is.autonavi.com/showpic/19702616591f32b693c966f487b60a81"}
{"名称": "博通驾校总校(陈家桥龙腾丰文训练场)", "地址": "西林大道与桥东路交叉口东北280米", "城市": "重庆市", "标签": "科教文化服务;驾校;驾校", "区域名称": "沙坪坝区", "经度": 106.345317, "纬度": 29.626487, "电话": NaN, "图片标题1": NaN, "图片地址1": "http://store.is.autonavi.com/showpic/6b4f8101751dcd5e5f2bf7624a72362b", "图片标题2": NaN, "图片地址2": NaN, "图片标题3": NaN, "图片地址3": NaN}
{"名称": "华冠驾校重庆医科大学后门训练基地", "地址": "学苑西路与学苑北路交叉口西140米", "城市": "重庆市", "标签": "科教文化服务;驾校;驾校", "区域名称": "沙坪坝区", "经度": 106.302074, "纬度": 29.628815, "电话": NaN, "图片标题1": NaN, "图片地址1": "http://store.is.autonavi.com/showpic/150aa58e70035c0f55d1369183fae626", "图片标题2": NaN, "图片地址2": NaN, "图片标题3": NaN, "图片地址3": NaN}
{"名称": "重庆至尚驾校总部(重庆至尚驾校川外总部)", "地址": "川外半山腰33号1-3彩云梯旁", "城市": "重庆市", "标签": "科教文化服务;驾校;驾校", "区域名称": "沙坪坝区", "经度": 106.436574, "纬度": 29.57046, "电话": NaN, "图片标题1": NaN, "图片地址1": NaN, "图片标题2": NaN, "图片地址2": NaN, "图片标题3": NaN, "图片地址3": NaN}
{"名称": "西南驾培集团(非凡高校集团小兵智能学车)", "地址": "景阳路与大学城北路交叉口西北100米", "城市": "重庆市", "标签": "科教文化服务;驾校;驾校", "区域名称": "沙坪坝区", "经度": 106.312976, "纬度": 29.608091, "电话": "023-67303999", "图片标题1": NaN, "图片地址1": "http://store.is.autonavi.com/showpic/0368278bfedf3ab21ea1f790d74088e2", "图片标题2": NaN, "图片地址2": "http://store.is.autonavi.com/showpic/896fe8ce9cd6cd12e1163e1ca1963282", "图片标题3": NaN, "图片地址3": "http://store.is.autonavi.com/showpic/2dbab25fdbb8cf92dc6a91d2d8ed644e"}
{"名称": "重庆市机动车驾驶人科目二·沙坪坝大学城考场", "地址": "陈东路附近", "城市": "重庆市", "标签": "科教文化服务;驾校;驾校", "区域名称": "沙坪坝区", "经度": 106.346381, "纬度": 29.620358, "电话": "023-65000683", "图片标题1": NaN, "图片地址1": "http://store.is.autonavi.com/showpic/6411812d3a959cbe6d373f7187e19058", "图片标题2": NaN, "图片地址2": NaN, "图片标题3": NaN, "图片地址3": NaN}
{"名称": "渝运驾校培训基地", "地址": "上桥新街76号", "城市": "重庆市", "标签": "科教文化服务;驾校;驾校", "区域名称": "沙坪坝区", "经度": 106.43971, "纬度": 29.510365, "电话": "023-62830344;023-65209675", "图片标题1": NaN, "图片地址1": "http://store.is.autonavi.com/showpic/5becfb563bcfe4f56a74ab39fc547056", "图片标题2": NaN, "图片地址2": NaN, "图片标题3": NaN, "图片地址3": NaN}
{"名称": "重庆驾驶员考试训练中心", "地址": "歌乐山天池村严家湾", "城市": "重庆市", "标签": "科教文化服务;驾校;驾校", "区域名称": "沙坪坝区", "经度": 106.411588, "纬度": 29.560213, "电话": NaN, "图片标题1": NaN, "图片地址1": NaN, "图片标题2": NaN, "图片地址2": NaN, "图片标题3": NaN, "图片地址3": NaN}
