{"名称": "沙坪坝小学", "地址": "沙坪坝正街72号(重庆大学地铁站3号口步行280米)", "城市": "重庆市", "标签": "科教文化服务;学校;小学", "区域名称": "沙坪坝区", "经度": 106.464101, "纬度": 29.564829, "电话": "023-65313417;023-65350233", "图片标题1": NaN, "图片地址1": "http://store.is.autonavi.com/showpic/be92e8441a7bc6810c3bf48d9ac0776e", "图片标题2": NaN, "图片地址2": "http://store.is.autonavi.com/showpic/95025d3a35bf1e9b11547a7fdd0258b9", "图片标题3": NaN, "图片地址3": NaN}
{"名称": "上桥南开小学", "地址": "上桥二村24号(上桥地铁站3号口步行420米)", "城市": "重庆市", "标签": "科教文化服务;学校;小学", "区域名称": "沙坪坝区", "经度": 106.443937, "纬度": 29.514666, "电话": NaN, "图片标题1": NaN, "图片地址1": "http://store.is.autonavi.com/showpic/af0d2eeb526ba03ca8108439258816cb", "图片标题2": NaN, "图片地址2": NaN, "图片标题3": NaN, "图片地址3": NaN}
{"名称": "森林实验小学", "地址": "香榭街50号", "城市": "重庆市", "标签": "科教文化服务;学校;小学", "区域名称": "沙坪坝区", "经度": 106.479458, "纬度": 29.542666, "电话": "023-61969603", "图片标题1": NaN, "图片地址1": "http://store.is.autonavi.com/showpic/18d1203e03df82095b1fdd786bc6298f", "图片标题2": NaN, "图片地址2": "http://store.is.autonavi.com/showpic/d1e67836d7854472a40333aad46976bc", "图片标题3": NaN, "图片地址3": NaN}
{"名称": "山洞小学", "地址": "山洞路105号", "城市": "重庆市", "标签": "科教文化服务;学校;小学", "区域名称": "沙坪坝区", "经度": 106.419669, "纬度": 29.513353, "电话": "023-65531869", "图片标题1": NaN, "图片地址1": "http://store.is.autonavi.com/showpic/fc052fc1fe4190b1977e222f2bde3813", "图片标题2": NaN, "图片地址2": NaN, "图片标题3": NaN, "图片地址3": NaN}
{"名称": "育英小学", "地址": "沙坪坝北街22号(重庆大学地铁站1B口步行60米)", "城市": "重庆市", "标签": "科教文化服务;学校;小学", "区域名称": "沙坪坝区", "经度": 106.463989, "纬度": 29.568911, "电话": "023-86056668", "图片标题1": NaN, "图片地址1": "http://store.is.autonavi.com/showpic/11395387f8a23dd51dd742b01791ad71", "图片标题2": NaN, "图片地址2": NaN, "图片标题3": NaN, "图片地址3": NaN}
{"名称": "莲光小学", "地址": "石井坡街道光荣坡248号", "城市": "重庆市", "标签": "科教文化服务;学校;小学", "区域名称": "沙坪坝区", "经度": 106.440625, "纬度": 29.596672, "电话": "023-65169716", "图片标题1": NaN, "图片地址1": "http://store.is.autonavi.com/showpic/248e66330a727d79590a073c6280c6ce", "图片标题2": NaN, "图片地址2": "http://store.is.autonavi.com/showpic/f08875d20e00c3223436ba054b2966ef", "图片标题3": NaN, "图片地址3": NaN}
{"名称": "覃家岗小学", "地址": "都市花园西路8号(高滩岩地铁站4B口步行100米)", "城市": "重庆市", "标签": "科教文化服务;学校;小学", "区域名称": "沙坪坝区", "经度": 106.450052, "纬度": 29.540626, "电话": NaN, "图片标题1": NaN, "图片地址1": "http://store.is.autonavi.com/showpic/55e5b4d7a310f1fe8ea48a5a", "图片标题2": NaN, "图片地址2": "http://store.is.autonavi.com/showpic/2d641a4fc50e1eb3b66db35b5253c309", "图片标题3": NaN, "图片地址3": NaN}
{"名称": "高滩岩小学", "地址": "高滩岩正街53号", "城市": "重庆市", "标签": "科教文化服务;学校;小学", "区域名称": "沙坪坝区", "经度": 106.448559, "纬度": 29.532828, "电话": "023-65326236", "图片标题1": NaN, "图片地址1": "http://store.is.autonavi.com/showpic/504d2591f4184fcf315b1fdbf5c8f64f", "图片标题2": NaN, "图片地址2": NaN, "图片标题3": NaN, "图片地址3": NaN}
{"名称": "南开小学", "地址": "渝碚路向乐村155号", "城市": "重庆市", "标签": "科教文化服务;学校;小学", "区域名称": "沙坪坝区", "经度": 106.456022, "纬度": 29.563458, "电话": NaN, "图片标题1": NaN, "图片地址1": "http://store.is.autonavi.com/showpic/8a49ba3741b0bcb294579da4afc0b7b3", "图片标题2": NaN, "图片地址2": NaN, "图片标题3": NaN, "图片地址3": NaN}
{"名称": "新桥小学", "地址": "上桥地铁站1号口步行320米", "城市": "重庆市", "标签": "科教文化服务;学校;小学", "区域名称": "沙坪坝区", "经度": 106.440743, "纬度": 29.522219, "电话": "023-65653914", "图片标题1": NaN, "图片地址1": "http://store.is.autonavi.com/showpic/dd16489a16bbbb83c862f0347dbbad5b", "图片标题2": NaN, "图片地址2": NaN, "图片标题3": NaN, "图片地址3": NaN}
{"名称": "凤鸣山小学", "地址": "凤天大道152号", "城市": "重庆市", "标签": "科教文化服务;学校;小学", "区域名称": "沙坪坝区", "经度": 106.449002, "纬度": 29.529866, "电话": "023-61210309", "图片标题1": NaN, "图片地址1": "http://store.is.autonavi.com/showpic/862eceb8ca45fd0bb288e8dc521a77c2", "图片标题2": NaN, "图片地址2": NaN, "图片标题3": NaN, "图片地址3": NaN}
{"名称": "重庆市沙坪坝区第一实验小学校", "地址": "新村路87号", "城市": "重庆市", "标签": "科教文化服务;学校;小学", "区域名称": "沙坪坝区", "经度": 106.466879, "纬度": 29.55039, "电话": "023-65311194", "图片标题1": NaN, "图片地址1": "http://store.is.autonavi.com/showpic/477ed23b5e954ddf615a2d6656f419de", "图片标题2": NaN, "图片地址2": "http://store.is.autonavi.com/showpic/557a9825a3109f1e8a1979fb", "图片标题3": NaN, "图片地址3": "http://store.is.autonavi.com/showpic/564c45c7a310db76f3459022"}
{"名称": "二塘小学", "地址": "井熙路2号", "城市": "重庆市", "标签": "科教文化服务;学校;小学", "区域名称": "沙坪坝区", "经度": 106.452752, "纬度": 29.650128, "电话": "023-65290313", "图片标题1": NaN, "图片地址1": "http://store.is.autonavi.com/showpic/44841d88a7968e8cd6419aadc4752e8f", "图片标题2": NaN, "图片地址2": NaN, "图片标题3": NaN, "图片地址3": NaN}
{"名称": "重庆大学城人民小学", "地址": "景阳路54号", "城市": "重庆市", "标签": "科教文化服务;学校;小学", "区域名称": "沙坪坝区", "经度": 106.314337, "纬度": 29.60854, "电话": "023-65620367", "图片标题1": NaN, "图片地址1": "http://store.is.autonavi.com/showpic/8cf055803212c248bac84dd84d13b144", "图片标题2": NaN, "图片地址2": NaN, "图片标题3": NaN, "图片地址3": NaN}
{"名称": "树人小学", "地址": "小龙坎新街46号(小龙坎地铁站1号口步行450米)", "城市": "重庆市", "标签": "科教文化服务;学校;小学", "区域名称": "沙坪坝区", "经度": 106.465762, "纬度": 29.556773, "电话": "023-65356518", "图片标题1": NaN, "图片地址1": "http://store.is.autonavi.com/showpic/aa7bcc30c90b92ca96cac0675853393f", "图片标题2": NaN, "图片地址2": "http://store.is.autonavi.com/showpic/c176de9238aadb75a48e8d6a41c6a7e5", "图片标题3": NaN, "图片地址3": NaN}
{"名称": "重庆大学城第二小学校", "地址": "曾家镇安置区春阳路31号", "城市": "重庆市", "标签": "科教文化服务;学校;小学", "区域名称": "沙坪坝区", "经度": 106.302372, "纬度": 29.559684, "电话": NaN, "图片标题1": NaN, "图片地址1": "http://store.is.autonavi.com/showpic/9960b9a029ffae223d4bc10dc17f2537", "图片标题2": NaN, "图片地址2": "http://store.is.autonavi.com/showpic/90ce4a9215eefbf30c5cd77eb9e1e474", "图片标题3": NaN, "图片地址3": NaN}
{"名称": "嘉陵小学", "地址": "双碑街道堆金村1号", "城市": "重庆市", "标签": "科教文化服务;学校;小学", "区域名称": "沙坪坝区", "经度": 106.453551, "纬度": 29.610919, "电话": "023-65192087", "图片标题1": NaN, "图片地址1": "http://aos-cdn-image.amap.com/sns/ugccomment/39699810-abe1-461a-a623-72945266d22b.jpg", "图片标题2": NaN, "图片地址2": NaN, "图片标题3": NaN, "图片地址3": NaN}
{"名称": "树人凤天小学", "地址": "凤天大道128号(重庆图书馆地铁站2号口步行400米)", "城市": "重庆市", "标签": "科教文化服务;学校;小学", "区域名称": "沙坪坝区", "经度": 106.4516, "纬度": 29.528769, "电话": "023-65220198", "图片标题1": NaN, "图片地址1": "http://store.is.autonavi.com/showpic/1cc0d3e747062702f1b8377f52b5fd5a", "图片标题2": NaN, "图片地址2": "http://store.is.autonavi.com/showpic/4ef4f52a292719b448d79c90f1a0111a", "图片标题3": NaN, "图片地址3": NaN}
{"名称": "名校联合外语小学", "地址": "凤鸣山500号", "城市": "重庆市", "标签": "科教文化服务;学校;小学", "区域名称": "沙坪坝区", "经度": 106.460485, "纬度": 29.528576, "电话": "023-65357388;023-86107019", "图片标题1": NaN, "图片地址1": "http://store.is.autonavi.com/showpic/e7ce2de086620e417a2607cee8124947", "图片标题2": NaN, "图片地址2": "http://store.is.autonavi.com/showpic/4c44669e2d1204d5a91eadd62d869a09", "图片标题3": NaN, "图片地址3": NaN}
{"名称": "土湾小学", "地址": "土湾二层岩138号(土湾地铁站1A口步行90米)", "城市": "重庆市", "标签": "科教文化服务;学校;小学", "区域名称": "沙坪坝区", "经度": 106.479393, "纬度": 29.551437, "电话": "023-65314435", "图片标题1": NaN, "图片地址1": NaN, "图片标题2": NaN, "图片地址2": NaN, "图片标题3": NaN, "图片地址3": NaN}
{"名称": "滨江小学", "地址": "土湾工人村3号", "城市": "重庆市", "标签": "科教文化服务;学校;小学", "区域名称": "沙坪坝区", "经度": 106.474508, "纬度": 29.558826, "电话": "023-61765001;023-61765004", "图片标题1": NaN, "图片地址1": "http://store.is.autonavi.com/showpic/4dccce50ef93cafe347fe451048712e5", "图片标题2": NaN, "图片地址2": NaN, "图片标题3": NaN, "图片地址3": NaN}
{"名称": "悟宿小学", "地址": "青北路", "城市": "重庆市", "标签": "科教文化服务;学校;小学", "区域名称": "沙坪坝区", "经度": 106.315381, "纬度": 29.688359, "电话": NaN, "图片标题1": NaN, "图片地址1": NaN, "图片标题2": NaN, "图片地址2": NaN, "图片标题3": NaN, "图片地址3": NaN}
{"名称": "重庆大学城树人小学", "地址": "学智路901号", "城市": "重庆市", "标签": "科教文化服务;学校;小学", "区域名称": "沙坪坝区", "经度": 106.28633, "纬度": 29.600035, "电话": NaN, "图片标题1": NaN, "图片地址1": "http://aos-cdn-image.amap.com/sns/ugccomment/c48eeedd-c1f8-44c9-97dd-441039430b24.jpg", "图片标题2": NaN, "图片地址2": "http://store.is.autonavi.com/showpic/da9028f5f9c299a9b3b20e6b8dac3d27", "图片标题3": NaN, "图片地址3": NaN}
{"名称": "高新区南开景阳小学", "地址": "大学城东路贝蒙天地对面", "城市": "重庆市", "标签": "科教文化服务;学校;小学", "区域名称": "沙坪坝区", "经度": 106.317965, "纬度": 29.595572, "电话": "023-81151200", "图片标题1": NaN, "图片地址1": "http://aos-cdn-image.amap.com/sns/ugccomment/fb110ae8-828d-48a9-92a7-c6ecbcbd2413.jpg", "图片标题2": NaN, "图片地址2": "http://store.is.autonavi.com/showpic/9e81304ce0419f9a913bd6f37b778a9a", "图片标题3": NaN, "图片地址3": NaN}
{"名称": "歌乐山小学", "地址": "森香路(聚盛·逸品森香对面)", "城市": "重庆市", "标签": "科教文化服务;学校;小学", "区域名称": "沙坪坝区", "经度": 106.419635, "纬度": 29.568354, "电话": NaN, "图片标题1": NaN, "图片地址1": "http://store.is.autonavi.com/showpic/79f696f9a68e7fda5b2518ab0abf5f18", "图片标题2": NaN, "图片地址2": NaN, "图片标题3": NaN, "图片地址3": NaN}
{"名称": "沙坪坝小学", "地址": "沙坪坝正街72号(重庆大学地铁站3号口步行280米)", "城市": "重庆市", "标签": "科教文化服务;学校;小学", "区域名称": "沙坪坝区", "经度": 106.464101, "纬度": 29.564829, "电话": "023-65313417;023-65350233", "图片标题1": NaN, "图片地址1": "http://store.is.autonavi.com/showpic/be92e8441a7bc6810c3bf48d9ac0776e", "图片标题2": NaN, "图片地址2": "http://store.is.autonavi.com/showpic/95025d3a35bf1e9b11547a7fdd0258b9", "图片标题3": NaN, "图片地址3": NaN}
{"名称": "上桥南开小学", "地址": "上桥二村24号(上桥地铁站3号口步行420米)", "城市": "重庆市", "标签": "科教文化服务;学校;小学", "区域名称": "沙坪坝区", "经度": 106.443937, "纬度": 29.514666, "电话": NaN, "图片标题1": NaN, "图片地址1": "http://store.is.autonavi.com/showpic/af0d2eeb526ba03ca8108439258816cb", "图片标题2": NaN, "图片地址2": NaN, "图片标题3": NaN, "图片地址3": NaN}
{"名称": "森林实验小学", "地址": "香榭街50号", "城市": "重庆市", "标签": "科教文化服务;学校;小学", "区域名称": "沙坪坝区", "经度": 106.479458, "纬度": 29.542666, "电话": "023-61969603", "图片标题1": NaN, "图片地址1": "http://store.is.autonavi.com/showpic/18d1203e03df82095b1fdd786bc6298f", "图片标题2": NaN, "图片地址2": "http://store.is.autonavi.com/showpic/d1e67836d7854472a40333aad46976bc", "图片标题3": NaN, "图片地址3": NaN}
{"名称": "山洞小学", "地址": "山洞路105号", "城市": "重庆市", "标签": "科教文化服务;学校;小学", "区域名称": "沙坪坝区", "经度": 106.419669, "纬度": 29.513353, "电话": "023-65531869", "图片标题1": NaN, "图片地址1": "http://store.is.autonavi.com/showpic/fc052fc1fe4190b1977e222f2bde3813", "图片标题2": NaN, "图片地址2": NaN, "图片标题3": NaN, "图片地址3": NaN}
{"名称": "育英小学", "地址": "沙坪坝北街22号(重庆大学地铁站1B口步行60米)", "城市": "重庆市", "标签": "科教文化服务;学校;小学", "区域名称": "沙坪坝区", "经度": 106.463989, "纬度": 29.568911, "电话": "023-86056668", "图片标题1": NaN, "图片地址1": "http://store.is.autonavi.com/showpic/11395387f8a23dd51dd742b01791ad71", "图片标题2": NaN, "图片地址2": NaN, "图片标题3": NaN, "图片地址3": NaN}
{"名称": "莲光小学", "地址": "石井坡街道光荣坡248号", "城市": "重庆市", "标签": "科教文化服务;学校;小学", "区域名称": "沙坪坝区", "经度": 106.440625, "纬度": 29.596672, "电话": "023-65169716", "图片标题1": NaN, "图片地址1": "http://store.is.autonavi.com/showpic/248e66330a727d79590a073c6280c6ce", "图片标题2": NaN, "图片地址2": "http://store.is.autonavi.com/showpic/f08875d20e00c3223436ba054b2966ef", "图片标题3": NaN, "图片地址3": NaN}
{"名称": "覃家岗小学", "地址": "都市花园西路8号(高滩岩地铁站4B口步行100米)", "城市": "重庆市", "标签": "科教文化服务;学校;小学", "区域名称": "沙坪坝区", "经度": 106.450052, "纬度": 29.540626, "电话": NaN, "图片标题1": NaN, "图片地址1": "http://store.is.autonavi.com/showpic/55e5b4d7a310f1fe8ea48a5a", "图片标题2": NaN, "图片地址2": "http://store.is.autonavi.com/showpic/2d641a4fc50e1eb3b66db35b5253c309", "图片标题3": NaN, "图片地址3": NaN}
{"名称": "高滩岩小学", "地址": "高滩岩正街53号", "城市": "重庆市", "标签": "科教文化服务;学校;小学", "区域名称": "沙坪坝区", "经度": 106.448559, "纬度": 29.532828, "电话": "023-65326236", "图片标题1": NaN, "图片地址1": "http://store.is.autonavi.com/showpic/504d2591f4184fcf315b1fdbf5c8f64f", "图片标题2": NaN, "图片地址2": NaN, "图片标题3": NaN, "图片地址3": NaN}
{"名称": "南开小学", "地址": "渝碚路向乐村155号", "城市": "重庆市", "标签": "科教文化服务;学校;小学", "区域名称": "沙坪坝区", "经度": 106.456022, "纬度": 29.563458, "电话": NaN, "图片标题1": NaN, "图片地址1": "http://store.is.autonavi.com/showpic/8a49ba3741b0bcb294579da4afc0b7b3", "图片标题2": NaN, "图片地址2": NaN, "图片标题3": NaN, "图片地址3": NaN}
{"名称": "新桥小学", "地址": "上桥地铁站1号口步行320米", "城市": "重庆市", "标签": "科教文化服务;学校;小学", "区域名称": "沙坪坝区", "经度": 106.440743, "纬度": 29.522219, "电话": "023-65653914", "图片标题1": NaN, "图片地址1": "http://store.is.autonavi.com/showpic/dd16489a16bbbb83c862f0347dbbad5b", "图片标题2": NaN, "图片地址2": NaN, "图片标题3": NaN, "图片地址3": NaN}
{"名称": "凤鸣山小学", "地址": "凤天大道152号", "城市": "重庆市", "标签": "科教文化服务;学校;小学", "区域名称": "沙坪坝区", "经度": 106.449002, "纬度": 29.529866, "电话": "023-61210309", "图片标题1": NaN, "图片地址1": "http://store.is.autonavi.com/showpic/862eceb8ca45fd0bb288e8dc521a77c2", "图片标题2": NaN, "图片地址2": NaN, "图片标题3": NaN, "图片地址3": NaN}
{"名称": "重庆市沙坪坝区第一实验小学校", "地址": "新村路87号", "城市": "重庆市", "标签": "科教文化服务;学校;小学", "区域名称": "沙坪坝区", "经度": 106.466879, "纬度": 29.55039, "电话": "023-65311194", "图片标题1": NaN, "图片地址1": "http://store.is.autonavi.com/showpic/477ed23b5e954ddf615a2d6656f419de", "图片标题2": NaN, "图片地址2": "http://store.is.autonavi.com/showpic/557a9825a3109f1e8a1979fb", "图片标题3": NaN, "图片地址3": "http://store.is.autonavi.com/showpic/564c45c7a310db76f3459022"}
{"名称": "二塘小学", "地址": "井熙路2号", "城市": "重庆市", "标签": "科教文化服务;学校;小学", "区域名称": "沙坪坝区", "经度": 106.452752, "纬度": 29.650128, "电话": "023-65290313", "图片标题1": NaN, "图片地址1": "http://store.is.autonavi.com/showpic/44841d88a7968e8cd6419aadc4752e8f", "图片标题2": NaN, "图片地址2": NaN, "图片标题3": NaN, "图片地址3": NaN}
{"名称": "重庆大学城人民小学", "地址": "景阳路54号", "城市": "重庆市", "标签": "科教文化服务;学校;小学", "区域名称": "沙坪坝区", "经度": 106.314337, "纬度": 29.60854, "电话": "023-65620367", "图片标题1": NaN, "图片地址1": "http://store.is.autonavi.com/showpic/8cf055803212c248bac84dd84d13b144", "图片标题2": NaN, "图片地址2": NaN, "图片标题3": NaN, "图片地址3": NaN}
{"名称": "树人小学", "地址": "小龙坎新街46号(小龙坎地铁站1号口步行450米)", "城市": "重庆市", "标签": "科教文化服务;学校;小学", "区域名称": "沙坪坝区", "经度": 106.465762, "纬度": 29.556773, "电话": "023-65356518", "图片标题1": NaN, "图片地址1": "http://store.is.autonavi.com/showpic/aa7bcc30c90b92ca96cac0675853393f", "图片标题2": NaN, "图片地址2": "http://store.is.autonavi.com/showpic/c176de9238aadb75a48e8d6a41c6a7e5", "图片标题3": NaN, "图片地址3": NaN}
{"名称": "重庆大学城第二小学校", "地址": "曾家镇安置区春阳路31号", "城市": "重庆市", "标签": "科教文化服务;学校;小学", "区域名称": "沙坪坝区", "经度": 106.302372, "纬度": 29.559684, "电话": NaN, "图片标题1": NaN, "图片地址1": "http://store.is.autonavi.com/showpic/9960b9a029ffae223d4bc10dc17f2537", "图片标题2": NaN, "图片地址2": "http://store.is.autonavi.com/showpic/90ce4a9215eefbf30c5cd77eb9e1e474", "图片标题3": NaN, "图片地址3": NaN}
{"名称": "嘉陵小学", "地址": "双碑街道堆金村1号", "城市": "重庆市", "标签": "科教文化服务;学校;小学", "区域名称": "沙坪坝区", "经度": 106.453551, "纬度": 29.610919, "电话": "023-65192087", "图片标题1": NaN, "图片地址1": "http://aos-cdn-image.amap.com/sns/ugccomment/39699810-abe1-461a-a623-72945266d22b.jpg", "图片标题2": NaN, "图片地址2": NaN, "图片标题3": NaN, "图片地址3": NaN}
{"名称": "树人凤天小学", "地址": "凤天大道128号(重庆图书馆地铁站2号口步行400米)", "城市": "重庆市", "标签": "科教文化服务;学校;小学", "区域名称": "沙坪坝区", "经度": 106.4516, "纬度": 29.528769, "电话": "023-65220198", "图片标题1": NaN, "图片地址1": "http://store.is.autonavi.com/showpic/1cc0d3e747062702f1b8377f52b5fd5a", "图片标题2": NaN, "图片地址2": "http://store.is.autonavi.com/showpic/4ef4f52a292719b448d79c90f1a0111a", "图片标题3": NaN, "图片地址3": NaN}
{"名称": "名校联合外语小学", "地址": "凤鸣山500号", "城市": "重庆市", "标签": "科教文化服务;学校;小学", "区域名称": "沙坪坝区", "经度": 106.460485, "纬度": 29.528576, "电话": "023-65357388;023-86107019", "图片标题1": NaN, "图片地址1": "http://store.is.autonavi.com/showpic/e7ce2de086620e417a2607cee8124947", "图片标题2": NaN, "图片地址2": "http://store.is.autonavi.com/showpic/4c44669e2d1204d5a91eadd62d869a09", "图片标题3": NaN, "图片地址3": NaN}
{"名称": "土湾小学", "地址": "土湾二层岩138号(土湾地铁站1A口步行90米)", "城市": "重庆市", "标签": "科教文化服务;学校;小学", "区域名称": "沙坪坝区", "经度": 106.479393, "纬度": 29.551437, "电话": "023-65314435", "图片标题1": NaN, "图片地址1": NaN, "图片标题2": NaN, "图片地址2": NaN, "图片标题3": NaN, "图片地址3": NaN}
{"名称": "滨江小学", "地址": "土湾工人村3号", "城市": "重庆市", "标签": "科教文化服务;学校;小学", "区域名称": "沙坪坝区", "经度": 106.474508, "纬度": 29.558826, "电话": "023-61765001;023-61765004", "图片标题1": NaN, "图片地址1": "http://store.is.autonavi.com/showpic/4dccce50ef93cafe347fe451048712e5", "图片标题2": NaN, "图片地址2": NaN, "图片标题3": NaN, "图片地址3": NaN}
{"名称": "悟宿小学", "地址": "青北路", "城市": "重庆市", "标签": "科教文化服务;学校;小学", "区域名称": "沙坪坝区", "经度": 106.315381, "纬度": 29.688359, "电话": NaN, "图片标题1": NaN, "图片地址1": NaN, "图片标题2": NaN, "图片地址2": NaN, "图片标题3": NaN, "图片地址3": NaN}
{"名称": "重庆大学城树人小学", "地址": "学智路901号", "城市": "重庆市", "标签": "科教文化服务;学校;小学", "区域名称": "沙坪坝区", "经度": 106.28633, "纬度": 29.600035, "电话": NaN, "图片标题1": NaN, "图片地址1": "http://aos-cdn-image.amap.com/sns/ugccomment/c48eeedd-c1f8-44c9-97dd-441039430b24.jpg", "图片标题2": NaN, "图片地址2": "http://store.is.autonavi.com/showpic/da9028f5f9c299a9b3b20e6b8dac3d27", "图片标题3": NaN, "图片地址3": NaN}
{"名称": "高新区南开景阳小学", "地址": "大学城东路贝蒙天地对面", "城市": "重庆市", "标签": "科教文化服务;学校;小学", "区域名称": "沙坪坝区", "经度": 106.317965, "纬度": 29.595572, "电话": "023-81151200", "图片标题1": NaN, "图片地址1": "http://aos-cdn-image.amap.com/sns/ugccomment/fb110ae8-828d-48a9-92a7-c6ecbcbd2413.jpg", "图片标题2": NaN, "图片地址2": "http://store.is.autonavi.com/showpic/9e81304ce0419f9a913bd6f37b778a9a", "图片标题3": NaN, "图片地址3": NaN}
{"名称": "歌乐山小学", "地址": "森香路(聚盛·逸品森香对面)", "城市": "重庆市", "标签": "科教文化服务;学校;小学", "区域名称": "沙坪坝区", "经度": 106.419635, "纬度": 29.568354, "电话": NaN, "图片标题1": NaN, "图片地址1": "http://store.is.autonavi.com/showpic/79f696f9a68e7fda5b2518ab0abf5f18", "图片标题2": NaN, "图片地址2": NaN, "图片标题3": NaN, "图片地址3": NaN}
{"名称": "盛德沙坪坝小学", "地址": "大学城东路与盛德路交叉口西南", "城市": "重庆市", "标签": "科教文化服务;学校;小学", "区域名称": "沙坪坝区", "经度": 106.32043, "纬度": 29.613453, "电话": NaN, "图片标题1": NaN, "图片地址1": "http://aos-cdn-image.amap.com/sns/ugccomment/20c3ac2a-9955-4def-bff8-944c5ee6d2ca.jpg", "图片标题2": NaN, "图片地址2": "http://aos-cdn-image.amap.com/sns/ugccomment/4fff3e2b-b454-4f82-af7b-8f1ea6433c79.jpg", "图片标题3": NaN, "图片地址3": "http://aos-cdn-image.amap.com/sns/ugccomment/d980ccfc-c857-4de6-8163-c3abb58c81bd.jpg"}
{"名称": "重庆大学城第一小学校", "地址": "国鑫路", "城市": "重庆市", "标签": "科教文化服务;学校;小学", "区域名称": "沙坪坝区", "经度": 106.335678, "纬度": 29.623302, "电话": "023-65633324", "图片标题1": NaN, "图片地址1": "http://store.is.autonavi.com/showpic/934b179decbbae1196bb862ccf0889b8", "图片标题2": NaN, "图片地址2": NaN, "图片标题3": NaN, "图片地址3": NaN}
{"名称": "磁器口小学", "地址": "磁器口宝轮寺26号", "城市": "重庆市", "标签": "科教文化服务;学校;小学", "区域名称": "沙坪坝区", "经度": 106.450901, "纬度": 29.581115, "电话": "023-65476265", "图片标题1": NaN, "图片地址1": "http://store.is.autonavi.com/showpic/66f44fa062f0f60b904c52f6bbe5e69e", "图片标题2": NaN, "图片地址2": "http://store.is.autonavi.com/showpic/d83818597684093b59691bffd7e54b98", "图片标题3": NaN, "图片地址3": "http://store.is.autonavi.com/showpic/e1f62f89b74c6df1ba38a26b1db2f42c"}
{"名称": "中梁小学", "地址": "中梁镇中梁街23号附1号", "城市": "重庆市", "标签": "科教文化服务;学校;小学", "区域名称": "沙坪坝区", "经度": 106.425494, "纬度": 29.718309, "电话": "023-65541010", "图片标题1": NaN, "图片地址1": "http://store.is.autonavi.com/showpic/8a7fdff7a78c5c691d98b4d4ddfeaebd", "图片标题2": NaN, "图片地址2": "http://store.is.autonavi.com/showpic/f91efe34ba5d5928862ce7b1da417cfa", "图片标题3": NaN, "图片地址3": "http://store.is.autonavi.com/showpic/a69eec73ff251e34699d8c9d87735393"}
{"名称": "富力南开小学", "地址": "大学城南路9号", "城市": "重庆市", "标签": "科教文化服务;学校;小学", "区域名称": "沙坪坝区", "经度": 106.325206, "纬度": 29.599204, "电话": NaN, "图片标题1": NaN, "图片地址1": "http://store.is.autonavi.com/showpic/d26429f48f7335ce31ee9734044194d1", "图片标题2": NaN, "图片地址2": NaN, "图片标题3": NaN, "图片地址3": NaN}
{"名称": "向家湾小学校", "地址": "歌乐山街道附近", "城市": "重庆市", "标签": "科教文化服务;学校;小学", "区域名称": "沙坪坝区", "经度": 106.419467, "纬度": 29.556844, "电话": "023-65504189", "图片标题1": NaN, "图片地址1": "http://store.is.autonavi.com/showpic/b94ac505a6d899d71e8693bf841899d8", "图片标题2": NaN, "图片地址2": NaN, "图片标题3": NaN, "图片地址3": NaN}
{"名称": "重庆大学城沙坪坝小学校", "地址": "大学城中路10号", "城市": "重庆市", "标签": "科教文化服务;学校;小学", "区域名称": "沙坪坝区", "经度": 106.308315, "纬度": 29.587247, "电话": NaN, "图片标题1": NaN, "图片地址1": "http://store.is.autonavi.com/showpic/4356838fd1f128df644fcae77f01c5ba", "图片标题2": NaN, "图片地址2": "http://store.is.autonavi.com/showpic/087b05af3632e99645d36689fd336509", "图片标题3": NaN, "图片地址3": NaN}
{"名称": "中梁实验学校(明德校区)", "地址": "中梁镇中新路99号", "城市": "重庆市", "标签": "科教文化服务;学校;小学", "区域名称": "沙坪坝区", "经度": 106.412744, "纬度": 29.638543, "电话": NaN, "图片标题1": NaN, "图片地址1": "http://store.is.autonavi.com/showpic/9c2b40e5bb3d140c2b2de3391086b6af", "图片标题2": NaN, "图片地址2": NaN, "图片标题3": NaN, "图片地址3": NaN}
{"名称": "重庆市沙坪坝区汉渝路小学校", "地址": "重庆大学柏树林83号", "城市": "重庆市", "标签": "科教文化服务;学校;小学", "区域名称": "沙坪坝区", "经度": 106.470477, "纬度": 29.561563, "电话": "023-86979098", "图片标题1": NaN, "图片地址1": "http://store.is.autonavi.com/showpic/189f4cf76156a065594162d6e0ef44a5", "图片标题2": NaN, "图片地址2": "http://store.is.autonavi.com/showpic/e21c34731c334398dba51002bab8e806", "图片标题3": NaN, "图片地址3": "http://store.is.autonavi.com/showpic/360668f12921c6b51d2d9ddfb35b0f97"}
{"名称": "重庆市沙坪坝区新丝路小学校", "地址": "土主镇和谐街", "城市": "重庆市", "标签": "科教文化服务;学校;小学", "区域名称": "沙坪坝区", "经度": 106.371445, "纬度": 29.633963, "电话": "023-65685093", "图片标题1": NaN, "图片地址1": "http://store.is.autonavi.com/showpic/8c751237ecf16c73165ae670eea2a2ae", "图片标题2": NaN, "图片地址2": "http://store.is.autonavi.com/showpic/cf79ee8415815ef2aa6e7d82a646cca3", "图片标题3": NaN, "图片地址3": NaN}
{"名称": "天星小学", "地址": "小龙坎正街398号", "城市": "重庆市", "标签": "科教文化服务;学校;小学", "区域名称": "沙坪坝区", "经度": 106.458887, "纬度": 29.549645, "电话": NaN, "图片标题1": NaN, "图片地址1": "http://store.is.autonavi.com/showpic/31d0d0092fd3c82163cc5b448372fa5e", "图片标题2": NaN, "图片地址2": NaN, "图片标题3": NaN, "图片地址3": NaN}
{"名称": "天池小学校", "地址": "歌乐山街道天池村", "城市": "重庆市", "标签": "科教文化服务;学校;小学", "区域名称": "沙坪坝区", "经度": 106.410508, "纬度": 29.568478, "电话": "023-65504328", "图片标题1": NaN, "图片地址1": "http://store.is.autonavi.com/showpic/5c3ee2ebf512d07fe0cbebb926b073c0", "图片标题2": NaN, "图片地址2": NaN, "图片标题3": NaN, "图片地址3": NaN}
{"名称": "重庆科学城第一实验小学校", "地址": "西荣路附近", "城市": "重庆市", "标签": "科教文化服务;学校;小学", "区域名称": "沙坪坝区", "经度": 106.366428, "纬度": 29.612876, "电话": NaN, "图片标题1": NaN, "图片地址1": "http://store.is.autonavi.com/showpic/c1633a0add76411aa581472459fe3b72", "图片标题2": NaN, "图片地址2": "http://store.is.autonavi.com/showpic/09d543f761b482ec94f0b8910ab632fc", "图片标题3": NaN, "图片地址3": NaN}
{"名称": "融汇沙坪坝小学", "地址": "印制第一厂附近", "城市": "重庆市", "标签": "科教文化服务;学校;小学", "区域名称": "沙坪坝区", "经度": 106.440961, "纬度": 29.54454, "电话": "023-88929006", "图片标题1": NaN, "图片地址1": "http://store.is.autonavi.com/showpic/d7a4b777fa047c3c23434934eb21c7de", "图片标题2": NaN, "图片地址2": NaN, "图片标题3": NaN, "图片地址3": NaN}
{"名称": "重庆市沙坪坝区第一实验小学", "地址": NaN, "城市": "重庆市", "标签": "科教文化服务;学校;小学", "区域名称": "沙坪坝区", "经度": 106.469252, "纬度": 29.55002, "电话": NaN, "图片标题1": NaN, "图片地址1": "http://aos-cdn-image.amap.com/sns/ugccomment/fef3aba4-66e6-4e2c-af3c-364058ccc90e.jpg", "图片标题2": NaN, "图片地址2": NaN, "图片标题3": NaN, "图片地址3": NaN}
{"名称": "重庆市沙坪坝区方堰塘小学校", "地址": "歌乐街道金刚村", "城市": "重庆市", "标签": "科教文化服务;学校;小学", "区域名称": "沙坪坝区", "经度": 106.411914, "纬度": 29.604422, "电话": NaN, "图片标题1": NaN, "图片地址1": "http://store.is.autonavi.com/showpic/7f0bd092ed92a62013bdd4c27ae0e798", "图片标题2": NaN, "图片地址2": NaN, "图片标题3": NaN, "图片地址3": NaN}
{"名称": "沙坪坝区儿童艺术学校", "地址": "大水井41号(烈士墓地铁站2B口步行350米)", "城市": "重庆市", "标签": "科教文化服务;学校;小学", "区域名称": "沙坪坝区", "经度": 106.446696, "纬度": 29.570844, "电话": "023-65313641", "图片标题1": NaN, "图片地址1": "http://store.is.autonavi.com/showpic/a8778d737504ef77d25c7f99c508d508", "图片标题2": NaN, "图片地址2": "http://store.is.autonavi.com/showpic/3ea1ad59bbb928f0eb9a28b18ff9782a", "图片标题3": NaN, "图片地址3": NaN}
{"名称": "石井坡小学", "地址": "石井坡街道大河沟110号", "城市": "重庆市", "标签": "科教文化服务;学校;小学", "区域名称": "沙坪坝区", "经度": 106.438515, "纬度": 29.587306, "电话": "023-65151964", "图片标题1": NaN, "图片地址1": NaN, "图片标题2": NaN, "图片地址2": NaN, "图片标题3": NaN, "图片地址3": NaN}
{"名称": "红糟房小学校", "地址": "党校路(天梨路地铁站4号口旁)", "城市": "重庆市", "标签": "科教文化服务;学校;小学", "区域名称": "沙坪坝区", "经度": 106.451979, "纬度": 29.551245, "电话": NaN, "图片标题1": NaN, "图片地址1": "http://store.is.autonavi.com/showpic/557a7e32a3109f1e8a18d1b6", "图片标题2": NaN, "图片地址2": "http://store.is.autonavi.com/showpic/6c0f82adddda09cc1fbe53913b6b0737", "图片标题3": NaN, "图片地址3": NaN}
{"名称": "巴县师范附属小学校", "地址": "青木关镇新青路456号", "城市": "重庆市", "标签": "科教文化服务;学校;小学", "区域名称": "沙坪坝区", "经度": 106.29804, "纬度": 29.67509, "电话": NaN, "图片标题1": NaN, "图片地址1": "http://store.is.autonavi.com/showpic/dd7a540cd6b65641a1f045e2a51c17db", "图片标题2": NaN, "图片地址2": "http://store.is.autonavi.com/showpic/51b6244a872dc8be362c165097c242a4", "图片标题3": NaN, "图片地址3": "http://store.is.autonavi.com/showpic/caf0d2a5c15f295681f298f511e09fc0"}
{"名称": "青木镇中心小学校", "地址": "青凤路重庆市沙坪坝区青木镇中心小学校附近", "城市": "重庆市", "标签": "科教文化服务;学校;小学", "区域名称": "沙坪坝区", "经度": 106.313691, "纬度": 29.671947, "电话": "023-65600626", "图片标题1": NaN, "图片地址1": "http://store.is.autonavi.com/showpic/fd4b43bd505e9a65f002c17992ac7cb8", "图片标题2": NaN, "图片地址2": NaN, "图片标题3": NaN, "图片地址3": NaN}
{"名称": "新发明德小学", "地址": "中梁镇中新路99号", "城市": "重庆市", "标签": "科教文化服务;学校;小学", "区域名称": "沙坪坝区", "经度": 106.412865, "纬度": 29.638845, "电话": "023-65540028", "图片标题1": NaN, "图片地址1": "http://store.is.autonavi.com/showpic/3ecbd38b018966bb6f23bb02e23b58d2", "图片标题2": NaN, "图片地址2": NaN, "图片标题3": NaN, "图片地址3": NaN}
{"名称": "高新区康居西城小学", "地址": "康城南路2号附1号", "城市": "重庆市", "标签": "科教文化服务;学校;小学", "区域名称": "沙坪坝区", "经度": 106.312217, "纬度": 29.575163, "电话": NaN, "图片标题1": NaN, "图片地址1": "http://store.is.autonavi.com/showpic/af2b7589931defeec3859e414ae13481", "图片标题2": NaN, "图片地址2": "http://store.is.autonavi.com/showpic/ed6bfeb0d293b074bd174ba74ecf2458", "图片标题3": NaN, "图片地址3": "http://store.is.autonavi.com/showpic/e74a98884493952f601ffc9fffec1ec3"}
{"名称": "高新区西永第一小学", "地址": "西永街道棕树湾社区西城二路102号", "城市": "重庆市", "标签": "科教文化服务;学校;小学", "区域名称": "沙坪坝区", "经度": 106.371904, "纬度": 29.574824, "电话": NaN, "图片标题1": NaN, "图片地址1": "http://store.is.autonavi.com/showpic/42184266bca0ba88f5f4c05d5eb0517d", "图片标题2": NaN, "图片地址2": NaN, "图片标题3": NaN, "图片地址3": NaN}
{"名称": "树人景瑞小学", "地址": "房正街99号附63号", "城市": "重庆市", "标签": "科教文化服务;学校;小学", "区域名称": "沙坪坝区", "经度": 106.44872, "纬度": 29.545696, "电话": NaN, "图片标题1": NaN, "图片地址1": "http://store.is.autonavi.com/showpic/9e95de713a79be250a1513ff22a848c7", "图片标题2": NaN, "图片地址2": NaN, "图片标题3": NaN, "图片地址3": NaN}
{"名称": "重庆科学城南开小学", "地址": "景阳路", "城市": "重庆市", "标签": "科教文化服务;学校;小学", "区域名称": "沙坪坝区", "经度": 106.314762, "纬度": 29.599666, "电话": NaN, "图片标题1": NaN, "图片地址1": "http://store.is.autonavi.com/showpic/301ad0dab7a9fa686bd568c86b0b734b", "图片标题2": NaN, "图片地址2": "http://store.is.autonavi.com/showpic/d8c5505d2071b30be47dea9ea8d32a7f", "图片标题3": NaN, "图片地址3": "http://store.is.autonavi.com/showpic/aeadb363db21de1ddd132cd49ff5abec"}
{"名称": "杨公桥小学", "地址": "杨梨路和睦村42号", "城市": "重庆市", "标签": "科教文化服务;学校;小学", "区域名称": "沙坪坝区", "经度": 106.446249, "纬度": 29.561866, "电话": "023-86277767", "图片标题1": NaN, "图片地址1": "http://store.is.autonavi.com/showpic/9f1a9d85a68fddc21cb706692a9c6dc1", "图片标题2": NaN, "图片地址2": NaN, "图片标题3": NaN, "图片地址3": NaN}
{"名称": "嘉陵实验学校", "地址": "双碑街道双碑自由村2栋下面嘉陵街", "城市": "重庆市", "标签": "科教文化服务;学校;小学", "区域名称": "沙坪坝区", "经度": 106.446847, "纬度": 29.602519, "电话": NaN, "图片标题1": NaN, "图片地址1": "http://store.is.autonavi.com/showpic/a0194254ab21a172d125d636796f714b", "图片标题2": NaN, "图片地址2": NaN, "图片标题3": NaN, "图片地址3": NaN}
{"名称": "大鹏爱心小学校", "地址": "团歇路与车辆路交叉口西北500米", "城市": "重庆市", "标签": "科教文化服务;学校;小学", "区域名称": "沙坪坝区", "经度": 106.385834, "纬度": 29.722948, "电话": NaN, "图片标题1": NaN, "图片地址1": "http://store.is.autonavi.com/showpic/d341e7b46e25542a3ebf527d3107b485", "图片标题2": NaN, "图片地址2": NaN, "图片标题3": NaN, "图片地址3": NaN}
{"名称": "树人景瑞小学校", "地址": "红槽房正街99-265号附近", "城市": "重庆市", "标签": "科教文化服务;学校;小学", "区域名称": "沙坪坝区", "经度": 106.448735, "纬度": 29.545685, "电话": "023-65371299", "图片标题1": NaN, "图片地址1": "http://aos-cdn-image.amap.com/sns/ugccomment/ccdb6f09-ee83-4b11-93d6-2f295caad49a.jpg", "图片标题2": NaN, "图片地址2": "http://store.is.autonavi.com/showpic/07d4ecf07ade6433a4f6f047c7bb18ed", "图片标题3": NaN, "图片地址3": NaN}
{"名称": "树人沙磁小学", "地址": "凤凰村85号", "城市": "重庆市", "标签": "科教文化服务;学校;小学", "区域名称": "沙坪坝区", "经度": 106.458624, "纬度": 29.57631, "电话": NaN, "图片标题1": NaN, "图片地址1": NaN, "图片标题2": NaN, "图片地址2": NaN, "图片标题3": NaN, "图片地址3": NaN}
{"名称": "四川外国语大学附属小学", "地址": "烈士墓壮志路39号(烈士墓地铁站2B口步行250米)", "城市": "重庆市", "标签": "科教文化服务;学校;小学", "区域名称": "沙坪坝区", "经度": 106.442816, "纬度": 29.569465, "电话": "023-86261423", "图片标题1": NaN, "图片地址1": "http://store.is.autonavi.com/showpic/2d6aa29e4f68a4bfe674c56deb005ef5", "图片标题2": NaN, "图片地址2": "http://store.is.autonavi.com/showpic/0bb3f55e8f6e174be23aeaac5652713c", "图片标题3": NaN, "图片地址3": "http://store.is.autonavi.com/showpic/c2c32d455b121ac91ebf6cbc55c7301e"}
{"名称": "回龙坝镇小学", "地址": "回龙坝镇龙旺路169号", "城市": "重庆市", "标签": "科教文化服务;学校;小学", "区域名称": "沙坪坝区", "经度": 106.377561, "纬度": 29.696952, "电话": "023-65650893", "图片标题1": NaN, "图片地址1": "http://store.is.autonavi.com/showpic/42a2532d1fb19a92a1b24d7626d859a4", "图片标题2": NaN, "图片地址2": NaN, "图片标题3": NaN, "图片地址3": NaN}
{"名称": "树人崇文小学", "地址": NaN, "城市": "重庆市", "标签": "科教文化服务;学校;小学", "区域名称": "沙坪坝区", "经度": 106.364586, "纬度": 29.641755, "电话": NaN, "图片标题1": NaN, "图片地址1": "http://store.is.autonavi.com/showpic/a951b8f2a2faeaa8b62791ca94988ad0", "图片标题2": NaN, "图片地址2": "http://store.is.autonavi.com/showpic/c2e5445940964fb30c96ab436f8a0de7", "图片标题3": NaN, "图片地址3": "http://store.is.autonavi.com/showpic/fc89890bf6546ced8b6dfaa44a8df505"}
{"名称": "树人和平小学", "地址": "陈家桥陈丰路41号", "城市": "重庆市", "标签": "科教文化服务;学校;小学", "区域名称": "沙坪坝区", "经度": 106.345743, "纬度": 29.613993, "电话": NaN, "图片标题1": NaN, "图片地址1": "http://store.is.autonavi.com/showpic/42bb814ecbe60ca76dc2f4420a9b8931", "图片标题2": NaN, "图片地址2": NaN, "图片标题3": NaN, "图片地址3": NaN}
{"名称": "重庆市沙坪坝区联芳小学校", "地址": "富洲三支路与富洲路交叉口南320米", "城市": "重庆市", "标签": "科教文化服务;学校;小学", "区域名称": "沙坪坝区", "经度": 106.476811, "纬度": 29.538502, "电话": NaN, "图片标题1": NaN, "图片地址1": "http://store.is.autonavi.com/showpic/b5165c8c214904bb482ce606b31245c7", "图片标题2": NaN, "图片地址2": "http://aos-cdn-image.amap.com/sns/ugccomment/ad378110-ce29-4f3a-a707-230dd691163f.jpg", "图片标题3": NaN, "图片地址3": NaN}
{"名称": "重庆融汇沙坪坝小学(B校区)", "地址": "红糟房正街80号", "城市": "重庆市", "标签": "科教文化服务;学校;小学", "区域名称": "沙坪坝区", "经度": 106.444769, "纬度": 29.548505, "电话": "023-88929006", "图片标题1": NaN, "图片地址1": "http://store.is.autonavi.com/showpic/afe1451d4be6b19db891d933f0413c1f", "图片标题2": NaN, "图片地址2": NaN, "图片标题3": NaN, "图片地址3": NaN}
{"名称": "重庆师范大学附属实验小学", "地址": "大学城西路35号(尖顶坡地铁站1号口步行360米)", "城市": "重庆市", "标签": "科教文化服务;学校;小学", "区域名称": "沙坪坝区", "经度": 106.294853, "纬度": 29.608993, "电话": NaN, "图片标题1": NaN, "图片地址1": "http://store.is.autonavi.com/showpic/dd920cd9d2d75ef8a3ffa768fed1a8e0", "图片标题2": NaN, "图片地址2": NaN, "图片标题3": NaN, "图片地址3": NaN}
{"名称": "重庆大学附属小学校", "地址": "沙坪坝正街174号(重庆大学地铁站1B口步行400米)", "城市": "重庆市", "标签": "科教文化服务;学校;小学", "区域名称": "沙坪坝区", "经度": 106.464051, "纬度": 29.569299, "电话": "023-65112708", "图片标题1": NaN, "图片地址1": "http://store.is.autonavi.com/showpic/8da80e7673e5fa897825ce28677dc5fc", "图片标题2": NaN, "图片地址2": NaN, "图片标题3": NaN, "图片地址3": NaN}
{"名称": "重庆科学城明远未来小学校", "地址": "永青路", "城市": "重庆市", "标签": "科教文化服务;学校;小学", "区域名称": "沙坪坝区", "经度": 106.351936, "纬度": 29.613037, "电话": NaN, "图片标题1": NaN, "图片地址1": "http://store.is.autonavi.com/showpic/b48055418a766dcac764722ba33df1d7", "图片标题2": NaN, "图片地址2": NaN, "图片标题3": NaN, "图片地址3": NaN}
{"名称": "川外附小", "地址": "烈士墓(烈士墓地铁站2B口步行240米)", "城市": "重庆市", "标签": "科教文化服务;学校;小学", "区域名称": "沙坪坝区", "经度": 106.443203, "纬度": 29.569384, "电话": NaN, "图片标题1": NaN, "图片地址1": "http://store.is.autonavi.com/showpic/6cecc1b36e63491a1cf2584b1617c741", "图片标题2": NaN, "图片地址2": "http://store.is.autonavi.com/showpic/00fc63cc13d513e963fd4c6d587c34fa", "图片标题3": NaN, "图片地址3": NaN}
{"名称": "树人思贤小学", "地址": "尚贤路598号", "城市": "重庆市", "标签": "科教文化服务;学校;小学", "区域名称": "沙坪坝区", "经度": 106.297127, "纬度": 29.581732, "电话": NaN, "图片标题1": NaN, "图片地址1": "http://store.is.autonavi.com/showpic/42e09f100476b52480fa0fa0c80dcc79", "图片标题2": NaN, "图片地址2": "http://store.is.autonavi.com/showpic/da97e0fcb933a6f07e364b68a0f0c35b", "图片标题3": NaN, "图片地址3": "http://store.is.autonavi.com/showpic/41c2bb7cf0e2bbf3004b91a8d305474e"}
{"名称": "重庆科学城实验一小西丰小学校", "地址": "西丰路与永祥路交叉口东320米", "城市": "重庆市", "标签": "科教文化服务;学校;小学", "区域名称": "沙坪坝区", "经度": 106.368388, "纬度": 29.607799, "电话": NaN, "图片标题1": NaN, "图片地址1": NaN, "图片标题2": NaN, "图片地址2": NaN, "图片标题3": NaN, "图片地址3": NaN}
{"名称": "重庆市沙坪坝小学·图新小学校", "地址": "沙坪坝小学物流园校区", "城市": "重庆市", "标签": "科教文化服务;学校;小学", "区域名称": "沙坪坝区", "经度": 106.367179, "纬度": 29.653945, "电话": NaN, "图片标题1": NaN, "图片地址1": "https://aos-comment.amap.com/B0H19RN6CT/headerImg/87da009b8fb9b61a9ea56ce006613281_2048_2048_80.jpg", "图片标题2": NaN, "图片地址2": "https://aos-comment.amap.com/B0H19RN6CT/headerImg/f674113ca5b3decfaa790f93e0477a09_2048_2048_80.jpg", "图片标题3": NaN, "图片地址3": "https://aos-comment.amap.com/B0H19RN6CT/headerImg/86d68830c8e5b77119ee024b3628f0c4_2048_2048_80.jpg"}
{"名称": "西永微电园第一小学", "地址": "西永街道棕树湾社区永兴街81号", "城市": "重庆市", "标签": "科教文化服务;学校;小学", "区域名称": "沙坪坝区", "经度": 106.374479, "纬度": 29.586612, "电话": NaN, "图片标题1": NaN, "图片地址1": NaN, "图片标题2": NaN, "图片地址2": NaN, "图片标题3": NaN, "图片地址3": NaN}
{"名称": "曾家安置区小学", "地址": "曾家镇龙荫社区40栋2单元52", "城市": "重庆市", "标签": "科教文化服务;学校;小学", "区域名称": "沙坪坝区", "经度": 106.30374, "纬度": 29.559283, "电话": NaN, "图片标题1": NaN, "图片地址1": NaN, "图片标题2": NaN, "图片地址2": NaN, "图片标题3": NaN, "图片地址3": NaN}
{"名称": "矿山坡小学", "地址": "歌乐山街道矿山坡138号", "城市": "重庆市", "标签": "科教文化服务;学校;小学", "区域名称": "沙坪坝区", "经度": 106.415943, "纬度": 29.590115, "电话": "023-65502833", "图片标题1": NaN, "图片地址1": "http://store.is.autonavi.com/showpic/8d9359b740c8c8790ab360b4518a0c53", "图片标题2": NaN, "图片地址2": "http://store.is.autonavi.com/showpic/81fb720a4cb2739bd7096a98383a82fc", "图片标题3": NaN, "图片地址3": NaN}
{"名称": "重庆市沙坪坝区学府悦园第二小学校", "地址": "丰盛路98号", "城市": "重庆市", "标签": "科教文化服务;学校;小学", "区域名称": "沙坪坝区", "经度": 106.33289, "纬度": 29.628816, "电话": NaN, "图片标题1": NaN, "图片地址1": "http://store.is.autonavi.com/showpic/2068e5402a8d72cf557ddb5c0b9387da", "图片标题2": NaN, "图片地址2": NaN, "图片标题3": NaN, "图片地址3": NaN}
