{"名称": "陆军军医大学第一附属医院西南医院", "地址": "高滩岩正街30号", "城市": "重庆市", "标签": "医疗保健服务;综合医院;三级甲等医院", "区域名称": "沙坪坝区", "经度": 106.452226, "纬度": 29.536801, "电话": "023-65301010;023-68754000", "图片标题1": NaN, "图片地址1": "http://store.is.autonavi.com/showpic/cec5aa03645f049e83ab814ff34ed2e4", "图片标题2": NaN, "图片地址2": "http://store.is.autonavi.com/showpic/5d289c3f87bcbe193401eced00f35b7d", "图片标题3": NaN, "图片地址3": "http://store.is.autonavi.com/showpic/c7a8e1b13de21016fb6ad99fc9abeec7"}
{"名称": "陆军军医大学第二附属医院新桥医院", "地址": "新桥正街183号", "城市": "重庆市", "标签": "医疗保健服务;综合医院;三级甲等医院", "区域名称": "沙坪坝区", "经度": 106.43843, "纬度": 29.519834, "电话": "023-68755114;023-68755000", "图片标题1": NaN, "图片地址1": "http://store.is.autonavi.com/showpic/cb16c73e8e2433cf5d831a4b6f1d3bd7", "图片标题2": NaN, "图片地址2": "http://store.is.autonavi.com/showpic/cb16c73e8e2433cf5d831a4b6f1d3bd7", "图片标题3": NaN, "图片地址3": "http://store.is.autonavi.com/showpic/94cb2a08825df89a2de69dd60950f790"}
{"名称": "爱德华微创诊疗中心", "地址": "天陈路27号(沙坪坝地铁站7号口步行150米)", "城市": "重庆市", "标签": "医疗保健服务;专科医院;专科医院", "区域名称": "沙坪坝区", "经度": 106.458992, "纬度": 29.5529, "电话": "023-65050793;15683704011", "图片标题1": NaN, "图片地址1": "http://store.is.autonavi.com/showpic/d076bceb0bf4761d0a48438244e245a2", "图片标题2": NaN, "图片地址2": "http://store.is.autonavi.com/showpic/557a982ea3109f1e8a197db7", "图片标题3": NaN, "图片地址3": NaN}
{"名称": "重庆市公共卫生医疗救治中心", "地址": "歌乐街道保育路109号", "城市": "重庆市", "标签": "医疗保健服务;专科医院;传染病医院", "区域名称": "沙坪坝区", "经度": 106.423212, "纬度": 29.574139, "电话": "023-65503420;023-65552021", "图片标题1": NaN, "图片地址1": "http://store.is.autonavi.com/showpic/d677141687763492713c2d75e26c2f1a", "图片标题2": NaN, "图片地址2": "http://store.is.autonavi.com/showpic/acefc0bcc2defe3011c93605d3370adf", "图片标题3": NaN, "图片地址3": "http://store.is.autonavi.com/showpic/4c7a0f95d80330c31e9e7f84d54dd17a"}
{"名称": "重庆市沙坪坝区人民医院(三峡广场院区)", "地址": "小龙坎新街44号(小龙坎地铁站1号口步行300米)", "城市": "重庆市", "标签": "医疗保健服务;综合医院;综合医院", "区域名称": "沙坪坝区", "经度": 106.465997, "纬度": 29.555973, "电话": "023-65365120;023-65365130", "图片标题1": NaN, "图片地址1": "http://store.is.autonavi.com/showpic/3576e034668ff8b5d2913a6b1710be05", "图片标题2": NaN, "图片地址2": "http://store.is.autonavi.com/showpic/141a4a3341dc67b0577e817c08d5ffbf", "图片标题3": NaN, "图片地址3": NaN}
{"名称": "重医口腔医院沙南街门诊部", "地址": "沙南街4-8号(市一中大门旁)", "城市": "重庆市", "标签": "医疗保健服务;专科医院;口腔医院", "区域名称": "沙坪坝区", "经度": 106.463219, "纬度": 29.560663, "电话": "023-86396771;023-86396818", "图片标题1": NaN, "图片地址1": "http://store.is.autonavi.com/showpic/570f10517ac63a0efb0a361e", "图片标题2": NaN, "图片地址2": "http://store.is.autonavi.com/showpic/56568a5da3104425a5b6c51a", "图片标题3": NaN, "图片地址3": "http://store.is.autonavi.com/showpic/bc297c553317e875daebd1cf963333b3"}
{"名称": "重庆市沙坪坝区第三人民医院", "地址": "天星桥街道天星桥正街51号", "城市": "重庆市", "标签": "医疗保健服务;综合医院;综合医院", "区域名称": "沙坪坝区", "经度": 106.456083, "纬度": 29.54542, "电话": "023-65304416", "图片标题1": NaN, "图片地址1": "http://store.is.autonavi.com/showpic/557a97a7a3109f1e8a1953b1", "图片标题2": NaN, "图片地址2": "http://store.is.autonavi.com/showpic/557a9795a3109f1e8a194d04", "图片标题3": NaN, "图片地址3": "http://store.is.autonavi.com/showpic/57173ddb7ac63a0cf2ead7d8"}
{"名称": "重庆医科大学附属大学城医院", "地址": "大学城中路55号", "城市": "重庆市", "标签": "医疗保健服务;综合医院;三级甲等医院", "区域名称": "沙坪坝区", "经度": 106.306539, "纬度": 29.618204, "电话": "023-65715700;023-65715757", "图片标题1": NaN, "图片地址1": "http://store.is.autonavi.com/showpic/9cbf9c630a585f3b7d9e3239932ebf9b", "图片标题2": NaN, "图片地址2": "http://store.is.autonavi.com/showpic/be9701c2909073f5761e3fef3e631e47", "图片标题3": NaN, "图片地址3": NaN}
{"名称": "沙坪坝区妇幼保健院", "地址": "天陈路2号附3号世源大厦C栋", "城市": "重庆市", "标签": "医疗保健服务;专科医院;专科医院", "区域名称": "沙坪坝区", "经度": 106.459267, "纬度": 29.557058, "电话": "023-65329642", "图片标题1": NaN, "图片地址1": "http://store.is.autonavi.com/showpic/55ec1196a310f1fe8ea4b276", "图片标题2": NaN, "图片地址2": "http://store.is.autonavi.com/showpic/557a9788a3109f1e8a194b5b", "图片标题3": NaN, "图片地址3": "http://store.is.autonavi.com/showpic/568250c0a310b8c53dfc2f76"}
{"名称": "重庆海吉亚肿瘤医院", "地址": "大学城思贤路200号", "城市": "重庆市", "标签": "医疗保健服务;专科医院;肿瘤医院", "区域名称": "沙坪坝区", "经度": 106.30003, "纬度": 29.585744, "电话": "023-81390808", "图片标题1": NaN, "图片地址1": "http://store.is.autonavi.com/showpic/03a23049ee895218c2decb8feb2f36d8", "图片标题2": NaN, "图片地址2": NaN, "图片标题3": NaN, "图片地址3": NaN}
{"名称": "鸿祥宠物医院", "地址": "大学城中路重庆大学东门正对面三楼", "城市": "重庆市", "标签": "医疗保健服务;动物医疗场所;宠物诊所", "区域名称": "沙坪坝区", "经度": 106.307744, "纬度": 29.594456, "电话": "023-65663763;19946893956", "图片标题1": NaN, "图片地址1": "http://store.is.autonavi.com/showpic/413dabbb7496a3443023d3bdc5965ed6", "图片标题2": NaN, "图片地址2": "http://store.is.autonavi.com/showpic/e975815b3d56e8a3bd4bcaf8e21b013d", "图片标题3": NaN, "图片地址3": "http://store.is.autonavi.com/showpic/e80b9c35b6d850aa1be9a566e761db68"}
{"名称": "重庆友谊骨科医院", "地址": "小龙坎石小路70号(马家岩地铁站2号口步行250米)", "城市": "重庆市", "标签": "医疗保健服务;专科医院;骨科医院", "区域名称": "沙坪坝区", "经度": 106.469223, "纬度": 29.546758, "电话": "023-65420808;023-65421818;023-65423456", "图片标题1": NaN, "图片地址1": "http://store.is.autonavi.com/showpic/ef18ebd5e581d4d3e3bf213ec4b00a63", "图片标题2": NaN, "图片地址2": "http://store.is.autonavi.com/showpic/bd69fce0da7c3ee83f1a1a63e67ed717", "图片标题3": NaN, "图片地址3": "http://store.is.autonavi.com/showpic/65f236ae59ce4689fba4cbf5cac00b4b"}
{"名称": "重庆嘉陵医院", "地址": "双碑自由村100号", "城市": "重庆市", "标签": "医疗保健服务;综合医院;综合医院", "区域名称": "沙坪坝区", "经度": 106.448971, "纬度": 29.60927, "电话": "023-65190120;023-65192469", "图片标题1": NaN, "图片地址1": "http://store.is.autonavi.com/showpic/f62c70ff6ace3b606f9a33a885a12230", "图片标题2": NaN, "图片地址2": "http://store.is.autonavi.com/showpic/afd6558a748265d82ce4f4840f207769", "图片标题3": NaN, "图片地址3": NaN}
{"名称": "重庆通信学院门诊部", "地址": "山洞路林园医院", "城市": "重庆市", "标签": "医疗保健服务;诊所;诊所", "区域名称": "沙坪坝区", "经度": 106.419149, "纬度": 29.529401, "电话": NaN, "图片标题1": NaN, "图片地址1": NaN, "图片标题2": NaN, "图片地址2": NaN, "图片标题3": NaN, "图片地址3": NaN}
{"名称": "重庆东华医院", "地址": "石井坡168号(石井坡地铁站2号口步行400米)", "城市": "重庆市", "标签": "医疗保健服务;综合医院;综合医院", "区域名称": "沙坪坝区", "经度": 106.440896, "纬度": 29.589168, "电话": "023-65137093;023-65137175;023-65138120", "图片标题1": NaN, "图片地址1": "http://store.is.autonavi.com/showpic/b9489ec8bb9bee57ebce8f7d9afb57d0", "图片标题2": NaN, "图片地址2": "http://store.is.autonavi.com/showpic/854851f65fd4d23f9533a1e9c56efb69", "图片标题3": NaN, "图片地址3": "http://store.is.autonavi.com/showpic/8968290c95bb415b8a1f086c10a3b71d"}
{"名称": "万和医药连锁(渝碚路店)", "地址": "渝碚路64号(陈家湾菜市场斜对面)", "城市": "重庆市", "标签": "医疗保健服务;医药保健销售店;药房", "区域名称": "沙坪坝区", "经度": 106.460048, "纬度": 29.558499, "电话": "023-65320232", "图片标题1": NaN, "图片地址1": "http://store.is.autonavi.com/showpic/c10b5aa63230622f04938590ee9fac72", "图片标题2": NaN, "图片地址2": "http://store.is.autonavi.com/showpic/a50829e3b1d4f542f7f90fb00f61d732", "图片标题3": NaN, "图片地址3": "http://store.is.autonavi.com/showpic/387075e907fa4630d8d48d6295401e12"}
{"名称": "宠颐生贝利健宠物医院(沙坪坝分院)", "地址": "汉渝路43号附5号(11中学南门附近)", "城市": "重庆市", "标签": "医疗保健服务;动物医疗场所;宠物诊所", "区域名称": "沙坪坝区", "经度": 106.468803, "纬度": 29.559337, "电话": "023-65706533", "图片标题1": NaN, "图片地址1": "http://store.is.autonavi.com/showpic/9272188536985da06b2772b70f6a2a03", "图片标题2": NaN, "图片地址2": "http://store.is.autonavi.com/showpic/6c559dd49cf8a742d03305fcd2d74cdb", "图片标题3": NaN, "图片地址3": "http://store.is.autonavi.com/showpic/dcea6d7b6e8cdf8313a0d0d347570937"}
{"名称": "西南医院整形美容专科医院", "地址": "高滩岩正街30号(重庆图书馆地铁站4B口步行460米)", "城市": "重庆市", "标签": "医疗保健服务;专科医院;整形美容", "区域名称": "沙坪坝区", "经度": 106.456161, "纬度": 29.537465, "电话": "023-68773091", "图片标题1": NaN, "图片地址1": "http://store.is.autonavi.com/showpic/3196642add21a706516fbeb4a56d1832", "图片标题2": NaN, "图片地址2": NaN, "图片标题3": NaN, "图片地址3": NaN}
{"名称": "沙坪坝区中医院", "地址": "杨公桥168号(烈士墓地铁站1B口步行490米)", "城市": "重庆市", "标签": "医疗保健服务;综合医院;综合医院", "区域名称": "沙坪坝区", "经度": 106.446165, "纬度": 29.564129, "电话": "023-61733002", "图片标题1": NaN, "图片地址1": "http://aos-cdn-image.amap.com/sns/ugccomment/3600dc4f-12bf-4915-98d0-709d40869830.jpg", "图片标题2": NaN, "图片地址2": "http://aos-cdn-image.amap.com/sns/ugccomment/a3c66f75-9415-4ea3-92cf-813055b52ce4.jpg", "图片标题3": NaN, "图片地址3": "http://aos-cdn-image.amap.com/sns/ugccomment/966206d5-4e0c-4b40-a254-4a34cced3e31.jpg"}
{"名称": "四川外国语大学校医院", "地址": "壮志路33号", "城市": "重庆市", "标签": "医疗保健服务;诊所;诊所", "区域名称": "沙坪坝区", "经度": 106.439926, "纬度": 29.570482, "电话": "023-65385345", "图片标题1": NaN, "图片地址1": NaN, "图片标题2": NaN, "图片地址2": NaN, "图片标题3": NaN, "图片地址3": NaN}
{"名称": "德爱中医医院", "地址": "桥东路26号附20号", "城市": "重庆市", "标签": "医疗保健服务;综合医院;综合医院", "区域名称": "沙坪坝区", "经度": 106.345639, "纬度": 29.622585, "电话": "023-65659120", "图片标题1": NaN, "图片地址1": "http://store.is.autonavi.com/showpic/3577117ea164628c5c42753f2f8426b9", "图片标题2": NaN, "图片地址2": "http://store.is.autonavi.com/showpic/01106aa51b1f96a9372b9013bcc415d3", "图片标题3": NaN, "图片地址3": NaN}
{"名称": "中瑞医院", "地址": "桥北路3号附27号附近", "城市": "重庆市", "标签": "医疗保健服务;综合医院;综合医院", "区域名称": "沙坪坝区", "经度": 106.336843, "纬度": 29.620369, "电话": "023-65634007", "图片标题1": NaN, "图片地址1": "http://store.is.autonavi.com/showpic/1e3943c38510510157e8c9fc3ef62db7", "图片标题2": NaN, "图片地址2": "http://store.is.autonavi.com/showpic/76fd3a08799e9d7c3a12fbe45ac27f39", "图片标题3": NaN, "图片地址3": NaN}
{"名称": "重庆好德医院", "地址": "大学城康居西城康城北路2号1-4层", "城市": "重庆市", "标签": "医疗保健服务;综合医院;综合医院", "区域名称": "沙坪坝区", "经度": 106.313622, "纬度": 29.579166, "电话": "023-65185888", "图片标题1": NaN, "图片地址1": "http://store.is.autonavi.com/showpic/98c612abfe2b7f3d2f110a451e1f263b", "图片标题2": NaN, "图片地址2": "http://store.is.autonavi.com/showpic/460c16c18e46847c67f406ab3780d217", "图片标题3": NaN, "图片地址3": NaN}
{"名称": "西门子瑞声达助听器(汉渝路店)", "地址": "沙坪坝汉渝路125-6号", "城市": "重庆市", "标签": "医疗保健服务;医药保健销售店;医疗保健用品", "区域名称": "沙坪坝区", "经度": 106.472852, "纬度": 29.560637, "电话": "023-86262766", "图片标题1": NaN, "图片地址1": "http://store.is.autonavi.com/showpic/775820be27c35392f1628366eff3408f", "图片标题2": NaN, "图片地址2": "http://store.is.autonavi.com/showpic/55325328a6c85ad0a71bada136fd2584", "图片标题3": NaN, "图片地址3": NaN}
{"名称": "唐氏药房(沙坪坝中心店)", "地址": "晒光坪38-39号", "城市": "重庆市", "标签": "医疗保健服务;医药保健销售店;药房", "区域名称": "沙坪坝区", "经度": 106.45456, "纬度": 29.547904, "电话": "023-65457291", "图片标题1": NaN, "图片地址1": "http://store.is.autonavi.com/showpic/99430367a12cc71fb0985d5a326b0c9e", "图片标题2": NaN, "图片地址2": "http://store.is.autonavi.com/showpic/557a7e21a3109f1e8a18cd90", "图片标题3": NaN, "图片地址3": NaN}
{"名称": "陆军军医大学第一附属医院西南医院", "地址": "高滩岩正街30号", "城市": "重庆市", "标签": "医疗保健服务;综合医院;三级甲等医院", "区域名称": "沙坪坝区", "经度": 106.452226, "纬度": 29.536801, "电话": "023-65301010;023-68754000", "图片标题1": NaN, "图片地址1": "http://store.is.autonavi.com/showpic/cec5aa03645f049e83ab814ff34ed2e4", "图片标题2": NaN, "图片地址2": "http://store.is.autonavi.com/showpic/5d289c3f87bcbe193401eced00f35b7d", "图片标题3": NaN, "图片地址3": "http://store.is.autonavi.com/showpic/c7a8e1b13de21016fb6ad99fc9abeec7"}
{"名称": "陆军军医大学第二附属医院新桥医院", "地址": "新桥正街183号", "城市": "重庆市", "标签": "医疗保健服务;综合医院;三级甲等医院", "区域名称": "沙坪坝区", "经度": 106.43843, "纬度": 29.519834, "电话": "023-68755114;023-68755000", "图片标题1": NaN, "图片地址1": "http://store.is.autonavi.com/showpic/cb16c73e8e2433cf5d831a4b6f1d3bd7", "图片标题2": NaN, "图片地址2": "http://store.is.autonavi.com/showpic/cb16c73e8e2433cf5d831a4b6f1d3bd7", "图片标题3": NaN, "图片地址3": "http://store.is.autonavi.com/showpic/94cb2a08825df89a2de69dd60950f790"}
{"名称": "爱德华微创诊疗中心", "地址": "天陈路27号(沙坪坝地铁站7号口步行150米)", "城市": "重庆市", "标签": "医疗保健服务;专科医院;专科医院", "区域名称": "沙坪坝区", "经度": 106.458992, "纬度": 29.5529, "电话": "023-65050793;15683704011", "图片标题1": NaN, "图片地址1": "http://store.is.autonavi.com/showpic/d076bceb0bf4761d0a48438244e245a2", "图片标题2": NaN, "图片地址2": "http://store.is.autonavi.com/showpic/557a982ea3109f1e8a197db7", "图片标题3": NaN, "图片地址3": NaN}
{"名称": "重庆市公共卫生医疗救治中心", "地址": "歌乐街道保育路109号", "城市": "重庆市", "标签": "医疗保健服务;专科医院;传染病医院", "区域名称": "沙坪坝区", "经度": 106.423212, "纬度": 29.574139, "电话": "023-65503420;023-65552021", "图片标题1": NaN, "图片地址1": "http://store.is.autonavi.com/showpic/d677141687763492713c2d75e26c2f1a", "图片标题2": NaN, "图片地址2": "http://store.is.autonavi.com/showpic/acefc0bcc2defe3011c93605d3370adf", "图片标题3": NaN, "图片地址3": "http://store.is.autonavi.com/showpic/4c7a0f95d80330c31e9e7f84d54dd17a"}
{"名称": "重庆市沙坪坝区人民医院(三峡广场院区)", "地址": "小龙坎新街44号(小龙坎地铁站1号口步行300米)", "城市": "重庆市", "标签": "医疗保健服务;综合医院;综合医院", "区域名称": "沙坪坝区", "经度": 106.465997, "纬度": 29.555973, "电话": "023-65365120;023-65365130", "图片标题1": NaN, "图片地址1": "http://store.is.autonavi.com/showpic/3576e034668ff8b5d2913a6b1710be05", "图片标题2": NaN, "图片地址2": "http://store.is.autonavi.com/showpic/141a4a3341dc67b0577e817c08d5ffbf", "图片标题3": NaN, "图片地址3": NaN}
{"名称": "重医口腔医院沙南街门诊部", "地址": "沙南街4-8号(市一中大门旁)", "城市": "重庆市", "标签": "医疗保健服务;专科医院;口腔医院", "区域名称": "沙坪坝区", "经度": 106.463219, "纬度": 29.560663, "电话": "023-86396771;023-86396818", "图片标题1": NaN, "图片地址1": "http://store.is.autonavi.com/showpic/570f10517ac63a0efb0a361e", "图片标题2": NaN, "图片地址2": "http://store.is.autonavi.com/showpic/56568a5da3104425a5b6c51a", "图片标题3": NaN, "图片地址3": "http://store.is.autonavi.com/showpic/bc297c553317e875daebd1cf963333b3"}
{"名称": "重庆市沙坪坝区第三人民医院", "地址": "天星桥街道天星桥正街51号", "城市": "重庆市", "标签": "医疗保健服务;综合医院;综合医院", "区域名称": "沙坪坝区", "经度": 106.456083, "纬度": 29.54542, "电话": "023-65304416", "图片标题1": NaN, "图片地址1": "http://store.is.autonavi.com/showpic/557a97a7a3109f1e8a1953b1", "图片标题2": NaN, "图片地址2": "http://store.is.autonavi.com/showpic/557a9795a3109f1e8a194d04", "图片标题3": NaN, "图片地址3": "http://store.is.autonavi.com/showpic/57173ddb7ac63a0cf2ead7d8"}
{"名称": "重庆医科大学附属大学城医院", "地址": "大学城中路55号", "城市": "重庆市", "标签": "医疗保健服务;综合医院;三级甲等医院", "区域名称": "沙坪坝区", "经度": 106.306539, "纬度": 29.618204, "电话": "023-65715700;023-65715757", "图片标题1": NaN, "图片地址1": "http://store.is.autonavi.com/showpic/9cbf9c630a585f3b7d9e3239932ebf9b", "图片标题2": NaN, "图片地址2": "http://store.is.autonavi.com/showpic/be9701c2909073f5761e3fef3e631e47", "图片标题3": NaN, "图片地址3": NaN}
{"名称": "沙坪坝区妇幼保健院", "地址": "天陈路2号附3号世源大厦C栋", "城市": "重庆市", "标签": "医疗保健服务;专科医院;专科医院", "区域名称": "沙坪坝区", "经度": 106.459267, "纬度": 29.557058, "电话": "023-65329642", "图片标题1": NaN, "图片地址1": "http://store.is.autonavi.com/showpic/55ec1196a310f1fe8ea4b276", "图片标题2": NaN, "图片地址2": "http://store.is.autonavi.com/showpic/557a9788a3109f1e8a194b5b", "图片标题3": NaN, "图片地址3": "http://store.is.autonavi.com/showpic/568250c0a310b8c53dfc2f76"}
{"名称": "重庆海吉亚肿瘤医院", "地址": "大学城思贤路200号", "城市": "重庆市", "标签": "医疗保健服务;专科医院;肿瘤医院", "区域名称": "沙坪坝区", "经度": 106.30003, "纬度": 29.585744, "电话": "023-81390808", "图片标题1": NaN, "图片地址1": "http://store.is.autonavi.com/showpic/03a23049ee895218c2decb8feb2f36d8", "图片标题2": NaN, "图片地址2": NaN, "图片标题3": NaN, "图片地址3": NaN}
{"名称": "鸿祥宠物医院", "地址": "大学城中路重庆大学东门正对面三楼", "城市": "重庆市", "标签": "医疗保健服务;动物医疗场所;宠物诊所", "区域名称": "沙坪坝区", "经度": 106.307744, "纬度": 29.594456, "电话": "023-65663763;19946893956", "图片标题1": NaN, "图片地址1": "http://store.is.autonavi.com/showpic/413dabbb7496a3443023d3bdc5965ed6", "图片标题2": NaN, "图片地址2": "http://store.is.autonavi.com/showpic/e975815b3d56e8a3bd4bcaf8e21b013d", "图片标题3": NaN, "图片地址3": "http://store.is.autonavi.com/showpic/e80b9c35b6d850aa1be9a566e761db68"}
{"名称": "重庆友谊骨科医院", "地址": "小龙坎石小路70号(马家岩地铁站2号口步行250米)", "城市": "重庆市", "标签": "医疗保健服务;专科医院;骨科医院", "区域名称": "沙坪坝区", "经度": 106.469223, "纬度": 29.546758, "电话": "023-65420808;023-65421818;023-65423456", "图片标题1": NaN, "图片地址1": "http://store.is.autonavi.com/showpic/ef18ebd5e581d4d3e3bf213ec4b00a63", "图片标题2": NaN, "图片地址2": "http://store.is.autonavi.com/showpic/bd69fce0da7c3ee83f1a1a63e67ed717", "图片标题3": NaN, "图片地址3": "http://store.is.autonavi.com/showpic/65f236ae59ce4689fba4cbf5cac00b4b"}
{"名称": "重庆嘉陵医院", "地址": "双碑自由村100号", "城市": "重庆市", "标签": "医疗保健服务;综合医院;综合医院", "区域名称": "沙坪坝区", "经度": 106.448971, "纬度": 29.60927, "电话": "023-65190120;023-65192469", "图片标题1": NaN, "图片地址1": "http://store.is.autonavi.com/showpic/f62c70ff6ace3b606f9a33a885a12230", "图片标题2": NaN, "图片地址2": "http://store.is.autonavi.com/showpic/afd6558a748265d82ce4f4840f207769", "图片标题3": NaN, "图片地址3": NaN}
{"名称": "重庆通信学院门诊部", "地址": "山洞路林园医院", "城市": "重庆市", "标签": "医疗保健服务;诊所;诊所", "区域名称": "沙坪坝区", "经度": 106.419149, "纬度": 29.529401, "电话": NaN, "图片标题1": NaN, "图片地址1": NaN, "图片标题2": NaN, "图片地址2": NaN, "图片标题3": NaN, "图片地址3": NaN}
{"名称": "重庆东华医院", "地址": "石井坡168号(石井坡地铁站2号口步行400米)", "城市": "重庆市", "标签": "医疗保健服务;综合医院;综合医院", "区域名称": "沙坪坝区", "经度": 106.440896, "纬度": 29.589168, "电话": "023-65137093;023-65137175;023-65138120", "图片标题1": NaN, "图片地址1": "http://store.is.autonavi.com/showpic/b9489ec8bb9bee57ebce8f7d9afb57d0", "图片标题2": NaN, "图片地址2": "http://store.is.autonavi.com/showpic/854851f65fd4d23f9533a1e9c56efb69", "图片标题3": NaN, "图片地址3": "http://store.is.autonavi.com/showpic/8968290c95bb415b8a1f086c10a3b71d"}
{"名称": "万和医药连锁(渝碚路店)", "地址": "渝碚路64号(陈家湾菜市场斜对面)", "城市": "重庆市", "标签": "医疗保健服务;医药保健销售店;药房", "区域名称": "沙坪坝区", "经度": 106.460048, "纬度": 29.558499, "电话": "023-65320232", "图片标题1": NaN, "图片地址1": "http://store.is.autonavi.com/showpic/c10b5aa63230622f04938590ee9fac72", "图片标题2": NaN, "图片地址2": "http://store.is.autonavi.com/showpic/a50829e3b1d4f542f7f90fb00f61d732", "图片标题3": NaN, "图片地址3": "http://store.is.autonavi.com/showpic/387075e907fa4630d8d48d6295401e12"}
{"名称": "宠颐生贝利健宠物医院(沙坪坝分院)", "地址": "汉渝路43号附5号(11中学南门附近)", "城市": "重庆市", "标签": "医疗保健服务;动物医疗场所;宠物诊所", "区域名称": "沙坪坝区", "经度": 106.468803, "纬度": 29.559337, "电话": "023-65706533", "图片标题1": NaN, "图片地址1": "http://store.is.autonavi.com/showpic/9272188536985da06b2772b70f6a2a03", "图片标题2": NaN, "图片地址2": "http://store.is.autonavi.com/showpic/6c559dd49cf8a742d03305fcd2d74cdb", "图片标题3": NaN, "图片地址3": "http://store.is.autonavi.com/showpic/dcea6d7b6e8cdf8313a0d0d347570937"}
{"名称": "西南医院整形美容专科医院", "地址": "高滩岩正街30号(重庆图书馆地铁站4B口步行460米)", "城市": "重庆市", "标签": "医疗保健服务;专科医院;整形美容", "区域名称": "沙坪坝区", "经度": 106.456161, "纬度": 29.537465, "电话": "023-68773091", "图片标题1": NaN, "图片地址1": "http://store.is.autonavi.com/showpic/3196642add21a706516fbeb4a56d1832", "图片标题2": NaN, "图片地址2": NaN, "图片标题3": NaN, "图片地址3": NaN}
{"名称": "沙坪坝区中医院", "地址": "杨公桥168号(烈士墓地铁站1B口步行490米)", "城市": "重庆市", "标签": "医疗保健服务;综合医院;综合医院", "区域名称": "沙坪坝区", "经度": 106.446165, "纬度": 29.564129, "电话": "023-61733002", "图片标题1": NaN, "图片地址1": "http://aos-cdn-image.amap.com/sns/ugccomment/3600dc4f-12bf-4915-98d0-709d40869830.jpg", "图片标题2": NaN, "图片地址2": "http://aos-cdn-image.amap.com/sns/ugccomment/a3c66f75-9415-4ea3-92cf-813055b52ce4.jpg", "图片标题3": NaN, "图片地址3": "http://aos-cdn-image.amap.com/sns/ugccomment/966206d5-4e0c-4b40-a254-4a34cced3e31.jpg"}
{"名称": "四川外国语大学校医院", "地址": "壮志路33号", "城市": "重庆市", "标签": "医疗保健服务;诊所;诊所", "区域名称": "沙坪坝区", "经度": 106.439926, "纬度": 29.570482, "电话": "023-65385345", "图片标题1": NaN, "图片地址1": NaN, "图片标题2": NaN, "图片地址2": NaN, "图片标题3": NaN, "图片地址3": NaN}
{"名称": "德爱中医医院", "地址": "桥东路26号附20号", "城市": "重庆市", "标签": "医疗保健服务;综合医院;综合医院", "区域名称": "沙坪坝区", "经度": 106.345639, "纬度": 29.622585, "电话": "023-65659120", "图片标题1": NaN, "图片地址1": "http://store.is.autonavi.com/showpic/3577117ea164628c5c42753f2f8426b9", "图片标题2": NaN, "图片地址2": "http://store.is.autonavi.com/showpic/01106aa51b1f96a9372b9013bcc415d3", "图片标题3": NaN, "图片地址3": NaN}
{"名称": "中瑞医院", "地址": "桥北路3号附27号附近", "城市": "重庆市", "标签": "医疗保健服务;综合医院;综合医院", "区域名称": "沙坪坝区", "经度": 106.336843, "纬度": 29.620369, "电话": "023-65634007", "图片标题1": NaN, "图片地址1": "http://store.is.autonavi.com/showpic/1e3943c38510510157e8c9fc3ef62db7", "图片标题2": NaN, "图片地址2": "http://store.is.autonavi.com/showpic/76fd3a08799e9d7c3a12fbe45ac27f39", "图片标题3": NaN, "图片地址3": NaN}
{"名称": "重庆好德医院", "地址": "大学城康居西城康城北路2号1-4层", "城市": "重庆市", "标签": "医疗保健服务;综合医院;综合医院", "区域名称": "沙坪坝区", "经度": 106.313622, "纬度": 29.579166, "电话": "023-65185888", "图片标题1": NaN, "图片地址1": "http://store.is.autonavi.com/showpic/98c612abfe2b7f3d2f110a451e1f263b", "图片标题2": NaN, "图片地址2": "http://store.is.autonavi.com/showpic/460c16c18e46847c67f406ab3780d217", "图片标题3": NaN, "图片地址3": NaN}
{"名称": "西门子瑞声达助听器(汉渝路店)", "地址": "沙坪坝汉渝路125-6号", "城市": "重庆市", "标签": "医疗保健服务;医药保健销售店;医疗保健用品", "区域名称": "沙坪坝区", "经度": 106.472852, "纬度": 29.560637, "电话": "023-86262766", "图片标题1": NaN, "图片地址1": "http://store.is.autonavi.com/showpic/775820be27c35392f1628366eff3408f", "图片标题2": NaN, "图片地址2": "http://store.is.autonavi.com/showpic/55325328a6c85ad0a71bada136fd2584", "图片标题3": NaN, "图片地址3": NaN}
{"名称": "唐氏药房(沙坪坝中心店)", "地址": "晒光坪38-39号", "城市": "重庆市", "标签": "医疗保健服务;医药保健销售店;药房", "区域名称": "沙坪坝区", "经度": 106.45456, "纬度": 29.547904, "电话": "023-65457291", "图片标题1": NaN, "图片地址1": "http://store.is.autonavi.com/showpic/99430367a12cc71fb0985d5a326b0c9e", "图片标题2": NaN, "图片地址2": "http://store.is.autonavi.com/showpic/557a7e21a3109f1e8a18cd90", "图片标题3": NaN, "图片地址3": NaN}
{"名称": "万和医药连锁(沙正街店)", "地址": "沙坪坝正街129-8号(重庆大学地铁站3号口步行60米)", "城市": "重庆市", "标签": "医疗保健服务;医药保健销售店;药房", "区域名称": "沙坪坝区", "经度": 106.463314, "纬度": 29.567632, "电话": "023-65313521", "图片标题1": NaN, "图片地址1": "http://store.is.autonavi.com/showpic/b0964adea20da56a7aaf120afa2ccba3", "图片标题2": NaN, "图片地址2": "http://store.is.autonavi.com/showpic/00485fc6156cba0c1c445dac282bfc00", "图片标题3": NaN, "图片地址3": "http://store.is.autonavi.com/showpic/29425f4b5ff5d869f265fa982c157153"}
{"名称": "重庆汇康医院", "地址": "梨树湾融汇温泉城入口", "城市": "重庆市", "标签": "医疗保健服务;综合医院;综合医院", "区域名称": "沙坪坝区", "经度": 106.441559, "纬度": 29.549181, "电话": "023-86698999;023-88052007", "图片标题1": NaN, "图片地址1": "http://store.is.autonavi.com/showpic/4c7b4daebc7e077bec4efd4b8ccb5032", "图片标题2": NaN, "图片地址2": NaN, "图片标题3": NaN, "图片地址3": NaN}
{"名称": "同泰大药房(安澜镇委员会东南)", "地址": "井口街道先锋街油嘴厂大门口", "城市": "重庆市", "标签": "医疗保健服务;医药保健销售店;药房", "区域名称": "沙坪坝区", "经度": 106.457527, "纬度": 29.657363, "电话": NaN, "图片标题1": NaN, "图片地址1": "http://store.is.autonavi.com/showpic/4e55faa03f3b91c2a2814da87cf47764", "图片标题2": NaN, "图片地址2": NaN, "图片标题3": NaN, "图片地址3": NaN}
{"名称": "重庆神州中医门诊部", "地址": "小龙坎正街333号附14号", "城市": "重庆市", "标签": "医疗保健服务;诊所;诊所", "区域名称": "沙坪坝区", "经度": 106.458628, "纬度": 29.54888, "电话": "023-65450083", "图片标题1": NaN, "图片地址1": "http://store.is.autonavi.com/showpic/557a7e2ba3109f1e8a18d06c", "图片标题2": NaN, "图片地址2": NaN, "图片标题3": NaN, "图片地址3": NaN}
{"名称": "富侨保健(陈青路)", "地址": "陈青路76号", "城市": "重庆市", "标签": "医疗保健服务;医疗保健服务场所;医疗保健服务场所", "区域名称": "沙坪坝区", "经度": 106.340027, "纬度": 29.613915, "电话": NaN, "图片标题1": NaN, "图片地址1": "http://store.is.autonavi.com/showpic/5033193783b40defb1ac4c5108fc3c86", "图片标题2": NaN, "图片地址2": "http://store.is.autonavi.com/showpic/b1bea9b0f33530100fb6498472b430c0", "图片标题3": NaN, "图片地址3": NaN}
{"名称": "新桥医院办公楼", "地址": "新桥正街189号", "城市": "重庆市", "标签": "医疗保健服务;综合医院;三级甲等医院", "区域名称": "沙坪坝区", "经度": 106.43796, "纬度": 29.520997, "电话": NaN, "图片标题1": NaN, "图片地址1": NaN, "图片标题2": NaN, "图片地址2": NaN, "图片标题3": NaN, "图片地址3": NaN}
{"名称": "桐君阁大药房(赖白路店)", "地址": "西园二路29号", "城市": "重庆市", "标签": "医疗保健服务;医药保健销售店;药房", "区域名称": "沙坪坝区", "经度": 106.373042, "纬度": 29.570619, "电话": "15808019448", "图片标题1": NaN, "图片地址1": "http://store.is.autonavi.com/showpic/c71cc4cb6b44a5e198153edc9069b81e", "图片标题2": NaN, "图片地址2": "http://store.is.autonavi.com/showpic/e2cbcebf1544c69fecc6f53741f73bb8", "图片标题3": NaN, "图片地址3": "http://store.is.autonavi.com/showpic/6c4d85cc2a5911c3dae2c5319617f37a"}
{"名称": "桐君阁大药房(土主中路)", "地址": "土主中路118号", "城市": "重庆市", "标签": "医疗保健服务;医药保健销售店;药房", "区域名称": "沙坪坝区", "经度": 106.370006, "纬度": 29.631488, "电话": "18323498718", "图片标题1": NaN, "图片地址1": "http://store.is.autonavi.com/showpic/4bca14dd026327b427e18ce9cbbbffcd", "图片标题2": NaN, "图片地址2": "http://store.is.autonavi.com/showpic/1002d763bd07fa07ae7ff70c51008845", "图片标题3": NaN, "图片地址3": "http://store.is.autonavi.com/showpic/131ed6b450bcfaba218ed2396f223ce0"}
{"名称": "重庆市电力公司-职工医院", "地址": "沙中路沙南街60号", "城市": "重庆市", "标签": "医疗保健服务;综合医院;综合医院", "区域名称": "沙坪坝区", "经度": 106.46468, "纬度": 29.562735, "电话": NaN, "图片标题1": NaN, "图片地址1": NaN, "图片标题2": NaN, "图片地址2": NaN, "图片标题3": NaN, "图片地址3": NaN}
{"名称": "唐氏药房(小龙坎店)", "地址": "小龙坎正街226-2-3号附近", "城市": "重庆市", "标签": "医疗保健服务;医药保健销售店;药房", "区域名称": "沙坪坝区", "经度": 106.464174, "纬度": 29.551308, "电话": "023-65300060", "图片标题1": NaN, "图片地址1": "http://store.is.autonavi.com/showpic/468cab75883daa6b2bf5960b987505d6", "图片标题2": NaN, "图片地址2": NaN, "图片标题3": NaN, "图片地址3": NaN}
{"名称": "洋承宠物医院", "地址": "汉渝路125号附3号", "城市": "重庆市", "标签": "医疗保健服务;动物医疗场所;宠物诊所", "区域名称": "沙坪坝区", "经度": 106.472784, "纬度": 29.560612, "电话": "023-65333278", "图片标题1": NaN, "图片地址1": "http://aos-cdn-image.amap.com/sns/ugccomment/ad51996c-3b75-444c-a1c3-9c6a260697a1.jpg", "图片标题2": NaN, "图片地址2": "http://aos-cdn-image.amap.com/sns/ugccomment/f7d200c5-d400-497c-a9f7-c09b125e4f06.jpg", "图片标题3": NaN, "图片地址3": "http://aos-cdn-image.amap.com/sns/ugccomment/308eebc5-08d0-4584-9331-0460f9af6e71.jpg"}
{"名称": "重庆大学医院", "地址": "沙正街174号(重庆大学地铁站1A口步行180米)", "城市": "重庆市", "标签": "医疗保健服务;诊所;诊所", "区域名称": "沙坪坝区", "经度": 106.462459, "纬度": 29.567876, "电话": "023-65120120", "图片标题1": NaN, "图片地址1": "http://store.is.autonavi.com/showpic/557a7db7a3109f1e8a18b032", "图片标题2": NaN, "图片地址2": "http://store.is.autonavi.com/showpic/15a6f71eb81d56fadd730806bcafdcde", "图片标题3": NaN, "图片地址3": "http://store.is.autonavi.com/showpic/56568a2ba3104425a5b6b722"}
{"名称": "沙坪坝区疾病预防控制中心", "地址": "天星桥都市花园西路121号", "城市": "重庆市", "标签": "医疗保健服务;疾病预防机构;疾病预防", "区域名称": "沙坪坝区", "经度": 106.449947, "纬度": 29.538112, "电话": "023-65461600", "图片标题1": NaN, "图片地址1": "http://store.is.autonavi.com/showpic/30cb1d46b556229d182d7ec789810c0d", "图片标题2": NaN, "图片地址2": NaN, "图片标题3": NaN, "图片地址3": NaN}
{"名称": "重庆贻青中医医院", "地址": "歌乐山林园", "城市": "重庆市", "标签": "医疗保健服务;专科医院;骨科医院", "区域名称": "沙坪坝区", "经度": 106.416341, "纬度": 29.529532, "电话": "023-65551453", "图片标题1": NaN, "图片地址1": NaN, "图片标题2": NaN, "图片地址2": NaN, "图片标题3": NaN, "图片地址3": NaN}
{"名称": "全发大药房(山洞路店)", "地址": "山洞路218号重庆光华女子职业中等专业学校旁", "城市": "重庆市", "标签": "医疗保健服务;医药保健销售店;药房", "区域名称": "沙坪坝区", "经度": 106.420326, "纬度": 29.522735, "电话": NaN, "图片标题1": NaN, "图片地址1": NaN, "图片标题2": NaN, "图片地址2": NaN, "图片标题3": NaN, "图片地址3": NaN}
{"名称": "万鑫药房(沙坪坝新欣药店)", "地址": "新桥石梯沟4-6柏林春天楼下", "城市": "重庆市", "标签": "医疗保健服务;医药保健销售店;药房", "区域名称": "沙坪坝区", "经度": 106.436602, "纬度": 29.524002, "电话": "18166329703", "图片标题1": NaN, "图片地址1": "http://store.is.autonavi.com/showpic/94c852356e66a79a4e761bb654f7083c", "图片标题2": NaN, "图片地址2": NaN, "图片标题3": NaN, "图片地址3": NaN}
{"名称": "重庆市公共卫生医疗救治中心平顶山院区", "地址": "小龙坎黄桷湾1号(小龙坎地铁站6号口步行420米)", "城市": "重庆市", "标签": "医疗保健服务;专科医院;传染病医院", "区域名称": "沙坪坝区", "经度": 106.471062, "纬度": 29.550654, "电话": "023-65510964", "图片标题1": NaN, "图片地址1": "http://store.is.autonavi.com/showpic/c931e2477124b64b075ed3a1f840508d", "图片标题2": NaN, "图片地址2": "http://store.is.autonavi.com/showpic/f75e4f333cf4c3632bfb123a844ca34c", "图片标题3": NaN, "图片地址3": "http://store.is.autonavi.com/showpic/f83ee690b527a95684e4079117a10c23"}
{"名称": "昇辉口腔门诊部", "地址": "小龙坎正街193号(嘉福苑对面)", "城市": "重庆市", "标签": "医疗保健服务;专科医院;口腔医院", "区域名称": "沙坪坝区", "经度": 106.463622, "纬度": 29.551127, "电话": NaN, "图片标题1": NaN, "图片地址1": "http://store.is.autonavi.com/showpic/46c532310e414816c977e536a490b22d", "图片标题2": NaN, "图片地址2": NaN, "图片标题3": NaN, "图片地址3": NaN}
{"名称": "美华宠物医院", "地址": "渝碚路212-7号", "城市": "重庆市", "标签": "医疗保健服务;动物医疗场所;宠物诊所", "区域名称": "沙坪坝区", "经度": 106.455014, "纬度": 29.561977, "电话": "023-65467463;023-66827080", "图片标题1": NaN, "图片地址1": "http://store.is.autonavi.com/showpic/04f55476a019af05ea747afbfea623c6", "图片标题2": NaN, "图片地址2": "http://store.is.autonavi.com/showpic/4964d693580a8b9af331f92b4a6e7c23", "图片标题3": NaN, "图片地址3": NaN}
{"名称": "知蜂堂(沙坪坝站东路)", "地址": "小新街29号(八中斜对面)", "城市": "重庆市", "标签": "医疗保健服务;医药保健销售店;医疗保健用品", "区域名称": "沙坪坝区", "经度": 106.464629, "纬度": 29.554909, "电话": NaN, "图片标题1": NaN, "图片地址1": "http://store.is.autonavi.com/showpic/557a9775a3109f1e8a194401", "图片标题2": NaN, "图片地址2": "http://store.is.autonavi.com/showpic/5d38815221e5c1237e031ad77a703ff1", "图片标题3": NaN, "图片地址3": "http://store.is.autonavi.com/showpic/55ec117ba310f1fe8ea4ac59"}
{"名称": "明星大药房", "地址": "歌乐山街34号", "城市": "重庆市", "标签": "医疗保健服务;医药保健销售店;药房", "区域名称": "沙坪坝区", "经度": 106.418471, "纬度": 29.56761, "电话": NaN, "图片标题1": NaN, "图片地址1": NaN, "图片标题2": NaN, "图片地址2": NaN, "图片标题3": NaN, "图片地址3": NaN}
{"名称": "犬猫专科医院", "地址": "大学城北路龙湖U城听蓝湾(尖顶坡地铁站2号口步行230米)", "城市": "重庆市", "标签": "医疗保健服务;综合医院;综合医院", "区域名称": "沙坪坝区", "经度": 106.290741, "纬度": 29.606939, "电话": NaN, "图片标题1": NaN, "图片地址1": "http://store.is.autonavi.com/showpic/02265466ab049dc8ace97b5e25a65dfa", "图片标题2": NaN, "图片地址2": NaN, "图片标题3": NaN, "图片地址3": NaN}
{"名称": "明星大药房(青柿巷)", "地址": "新青路356号附近", "城市": "重庆市", "标签": "医疗保健服务;医药保健销售店;药房", "区域名称": "沙坪坝区", "经度": 106.298814, "纬度": 29.67446, "电话": NaN, "图片标题1": NaN, "图片地址1": "http://store.is.autonavi.com/showpic/0682aaca74271e5833d9574f5e8c126c", "图片标题2": NaN, "图片地址2": NaN, "图片标题3": NaN, "图片地址3": NaN}
{"名称": "华博健康药房(龙井湾路店)", "地址": "歌乐山街道新开寺村胡家湾65号", "城市": "重庆市", "标签": "医疗保健服务;医药保健销售店;药房", "区域名称": "沙坪坝区", "经度": 106.406546, "纬度": 29.545155, "电话": NaN, "图片标题1": NaN, "图片地址1": "http://store.is.autonavi.com/showpic/a2358745a96d958c71aceb70719e53db", "图片标题2": NaN, "图片地址2": NaN, "图片标题3": NaN, "图片地址3": NaN}
{"名称": "桐君阁大药房(沙坪坝区二十店直营店)", "地址": "市街道汉渝路桐君阁益寿堂龙泉巷3号", "城市": "重庆市", "标签": "医疗保健服务;医药保健销售店;药房", "区域名称": "沙坪坝区", "经度": 106.469747, "纬度": 29.553514, "电话": "023-65313381;18702322598", "图片标题1": NaN, "图片地址1": "http://store.is.autonavi.com/showpic/a4f4a46a965f16702d29f4a44dd1f640", "图片标题2": NaN, "图片地址2": "http://store.is.autonavi.com/showpic/6e98bd2ca0239e7b55ab22ebf06fca15", "图片标题3": NaN, "图片地址3": "http://store.is.autonavi.com/showpic/ff38dc6197320e0d9029ffd18798a977"}
{"名称": "爱宠宠物专业诊所", "地址": "212国道南100米", "城市": "重庆市", "标签": "医疗保健服务;动物医疗场所;宠物诊所", "区域名称": "沙坪坝区", "经度": 106.441716, "纬度": 29.600268, "电话": "13368084569;13883300997", "图片标题1": NaN, "图片地址1": "http://store.is.autonavi.com/showpic/4518bc32839247bfed109e245e019239", "图片标题2": NaN, "图片地址2": "http://store.is.autonavi.com/showpic/742790118063550fe005a42af097e670", "图片标题3": NaN, "图片地址3": NaN}
{"名称": "重庆市公共卫生医疗救治中心门诊大厅", "地址": "凌云路与林海南路交叉口西南240米", "城市": "重庆市", "标签": "医疗保健服务;综合医院;三级甲等医院", "区域名称": "沙坪坝区", "经度": 106.421975, "纬度": 29.574616, "电话": NaN, "图片标题1": NaN, "图片地址1": "http://store.is.autonavi.com/showpic/c921f748eadbcf191b67a1ba313b9b07", "图片标题2": NaN, "图片地址2": NaN, "图片标题3": NaN, "图片地址3": NaN}
{"名称": "药上堂大药房(坤豪药店)", "地址": "站西路88-75号华宇西城丽景", "城市": "重庆市", "标签": "医疗保健服务;医药保健销售店;药房", "区域名称": "沙坪坝区", "经度": 106.447299, "纬度": 29.559143, "电话": NaN, "图片标题1": NaN, "图片地址1": "http://store.is.autonavi.com/showpic/66f6e03dbf31ce49e12bd0e99720177f", "图片标题2": NaN, "图片地址2": NaN, "图片标题3": NaN, "图片地址3": NaN}
{"名称": "肛肠医院", "地址": "沙坪坝地铁站出入口步行300米", "城市": "重庆市", "标签": "医疗保健服务;专科医院;专科医院", "区域名称": "沙坪坝区", "经度": 106.457464, "纬度": 29.559283, "电话": NaN, "图片标题1": NaN, "图片地址1": "http://store.is.autonavi.com/showpic/ed43ce6bc76f3a13ed942930603bce92", "图片标题2": NaN, "图片地址2": NaN, "图片标题3": NaN, "图片地址3": NaN}
{"名称": "重庆云轩中医院", "地址": "红旗弹簧有限公司西北门南50米", "城市": "重庆市", "标签": "医疗保健服务;综合医院;综合医院", "区域名称": "沙坪坝区", "经度": 106.303134, "纬度": 29.554696, "电话": NaN, "图片标题1": NaN, "图片地址1": "http://store.is.autonavi.com/showpic/6e05244cf72f0fb6fb801b99879173c8", "图片标题2": NaN, "图片地址2": "http://store.is.autonavi.com/showpic/d1b87e8697f4f2bd148d09c05a0709a0", "图片标题3": NaN, "图片地址3": NaN}
{"名称": "沙坪坝区陈家桥医院", "地址": "陈东路17号", "城市": "重庆市", "标签": "医疗保健服务;综合医院;综合医院", "区域名称": "沙坪坝区", "经度": 106.342367, "纬度": 29.613634, "电话": "023-81151800;023-81159120", "图片标题1": NaN, "图片地址1": "https://aos-comment.amap.com/B0FFHRNFKB/headerImg/56406d640c548eec23467d371741bc69_2048_2048_80.jpg", "图片标题2": NaN, "图片地址2": "https://aos-comment.amap.com/B0FFHRNFKB/headerImg/b4c6fa379c19420d0c4a8eae80de8ab1_2048_2048_80.jpg", "图片标题3": NaN, "图片地址3": "https://aos-comment.amap.com/B0FFHRNFKB/headerImg/d96c3d8a8ae3a57df8968aa46d3a1396_2048_2048_80.jpg"}
{"名称": "家康医院", "地址": "国鑫路9号附1号", "城市": "重庆市", "标签": "医疗保健服务;综合医院;综合医院", "区域名称": "沙坪坝区", "经度": 106.337009, "纬度": 29.625545, "电话": NaN, "图片标题1": NaN, "图片地址1": "http://aos-cdn-image.amap.com/sns/ugccomment/554aaedc-be1f-4b0b-aace-672bea7e3bd7.jpg", "图片标题2": NaN, "图片地址2": "http://store.is.autonavi.com/showpic/c4c1ebf0889893f0ad11f480ba07d35f", "图片标题3": NaN, "图片地址3": "http://store.is.autonavi.com/showpic/27655ba39b03b4078c3f3f31f0beb91e"}
{"名称": "德华医院", "地址": "天陈路27号(重庆市沙坪坝长途汽车站对面)", "城市": "重庆市", "标签": "医疗保健服务;综合医院;综合医院", "区域名称": "沙坪坝区", "经度": 106.459074, "纬度": 29.552929, "电话": "15683704011", "图片标题1": NaN, "图片地址1": "http://store.is.autonavi.com/showpic/0396728ed36f5127e1632aa79858506c", "图片标题2": NaN, "图片地址2": "http://store.is.autonavi.com/showpic/9d19e70e13f344ad70bd1e3f20cefe92", "图片标题3": NaN, "图片地址3": "http://store.is.autonavi.com/showpic/c91e4ac5cec691dfde983360194a4e16"}
{"名称": "重庆大学医院", "地址": "重庆大学A区东南门南70米", "城市": "重庆市", "标签": "医疗保健服务;综合医院;综合医院", "区域名称": "沙坪坝区", "经度": 106.472268, "纬度": 29.562955, "电话": "023-65102775", "图片标题1": NaN, "图片地址1": "http://store.is.autonavi.com/showpic/19321bcd1192e982bac315350c098d6c", "图片标题2": NaN, "图片地址2": NaN, "图片标题3": NaN, "图片地址3": NaN}
{"名称": "二建医院", "地址": "天星桥正街与天陈路交叉口西120米", "城市": "重庆市", "标签": "医疗保健服务;综合医院;综合医院", "区域名称": "沙坪坝区", "经度": 106.457135, "纬度": 29.549197, "电话": NaN, "图片标题1": NaN, "图片地址1": "http://store.is.autonavi.com/showpic/8f4e05f87c4891e624a4fd81264e8d0d", "图片标题2": NaN, "图片地址2": NaN, "图片标题3": NaN, "图片地址3": NaN}
{"名称": "市属公立医院", "地址": "石小路与202乡道交叉口东北240米", "城市": "重庆市", "标签": "医疗保健服务;综合医院;综合医院", "区域名称": "沙坪坝区", "经度": 106.470985, "纬度": 29.550799, "电话": NaN, "图片标题1": NaN, "图片地址1": "http://store.is.autonavi.com/showpic/1257ec9e5aba133a364df77e0e5253ee", "图片标题2": NaN, "图片地址2": NaN, "图片标题3": NaN, "图片地址3": NaN}
{"名称": "佳河动物医院", "地址": "沙坪坝汉渝路47号佳河动物诊所", "城市": "重庆市", "标签": "医疗保健服务;动物医疗场所;宠物诊所", "区域名称": "沙坪坝区", "经度": 106.468054, "纬度": 29.559036, "电话": "15523450678;18723093459", "图片标题1": NaN, "图片地址1": "http://store.is.autonavi.com/showpic/41da1fa202bc39ef45f086d9e839a0d0", "图片标题2": NaN, "图片地址2": "http://store.is.autonavi.com/showpic/80a028c574b1915d8636d3d5076ec81d", "图片标题3": NaN, "图片地址3": "http://store.is.autonavi.com/showpic/a82375d59e9c2ea9e13948991394acc0"}
{"名称": "西南医院PET-CT中心(核医学科)", "地址": "门诊餐厅马路对面30米拱形玻璃门(文化广场)", "城市": "重庆市", "标签": "医疗保健服务;综合医院;三级甲等医院", "区域名称": "沙坪坝区", "经度": 106.456038, "纬度": 29.5365, "电话": NaN, "图片标题1": NaN, "图片地址1": "http://store.is.autonavi.com/showpic/950d4ae1f6af547fe488aee1a5a57bb6", "图片标题2": NaN, "图片地址2": NaN, "图片标题3": NaN, "图片地址3": NaN}
{"名称": "重庆市癌症中心", "地址": "沙滨路与汉渝路交叉口西280米", "城市": "重庆市", "标签": "医疗保健服务;综合医院;三级甲等医院", "区域名称": "沙坪坝区", "经度": 106.476029, "纬度": 29.560042, "电话": NaN, "图片标题1": NaN, "图片地址1": NaN, "图片标题2": NaN, "图片地址2": NaN, "图片标题3": NaN, "图片地址3": NaN}
{"名称": "重庆人好医院-HPV诊疗中心", "地址": "小龙坎正街333号", "城市": "重庆市", "标签": "医疗保健服务;综合医院;综合医院", "区域名称": "沙坪坝区", "经度": 106.458946, "纬度": 29.548809, "电话": NaN, "图片标题1": NaN, "图片地址1": NaN, "图片标题2": NaN, "图片地址2": NaN, "图片标题3": NaN, "图片地址3": NaN}
{"名称": "鸿瑞医院", "地址": "歌乐山街道歌乐山村矿山坡社132号", "城市": "重庆市", "标签": "医疗保健服务;综合医院;综合医院", "区域名称": "沙坪坝区", "经度": 106.413828, "纬度": 29.589279, "电话": "023-65549819", "图片标题1": NaN, "图片地址1": "http://store.is.autonavi.com/showpic/a2dd75a1950d709f55d8b9537722e1a9", "图片标题2": NaN, "图片地址2": "http://store.is.autonavi.com/showpic/a557f67fde6771f18f21d82d671bf3ea", "图片标题3": NaN, "图片地址3": "http://store.is.autonavi.com/showpic/5a207cb5a95bbaea768c97c357b4dd8b"}
{"名称": "新欧医院", "地址": "西永天街永顺路7号(菁英公寓)", "城市": "重庆市", "标签": "医疗保健服务;综合医院;综合医院", "区域名称": "沙坪坝区", "经度": 106.372989, "纬度": 29.597276, "电话": NaN, "图片标题1": NaN, "图片地址1": "http://store.is.autonavi.com/showpic/b01ab9b98823a821ef72ac5d70f760e1", "图片标题2": NaN, "图片地址2": "http://store.is.autonavi.com/showpic/a05850ab1bc8b098e35c7b58e6efe91e", "图片标题3": NaN, "图片地址3": "http://store.is.autonavi.com/showpic/f04a3a63f640024055228bb7928507be"}
{"名称": "重庆人好医院妇产科", "地址": "小龙坎正街333号", "城市": "重庆市", "标签": "医疗保健服务;综合医院;综合医院", "区域名称": "沙坪坝区", "经度": 106.459072, "纬度": 29.549062, "电话": "023-87873888", "图片标题1": NaN, "图片地址1": "http://store.is.autonavi.com/showpic/0fd7976a1f778a936905054f69c1f8a2", "图片标题2": NaN, "图片地址2": NaN, "图片标题3": NaN, "图片地址3": NaN}
{"名称": "塑形美容专科医院", "地址": "都市花园路与凤天大道交叉口西40米", "城市": "重庆市", "标签": "医疗保健服务;综合医院;综合医院", "区域名称": "沙坪坝区", "经度": 106.456651, "纬度": 29.537562, "电话": NaN, "图片标题1": NaN, "图片地址1": NaN, "图片标题2": NaN, "图片地址2": NaN, "图片标题3": NaN, "图片地址3": NaN}
{"名称": "华博健康药房(建春药店)", "地址": "新山路与新桥正街交叉口西南140米", "城市": "重庆市", "标签": "医疗保健服务;医药保健销售店;药房", "区域名称": "沙坪坝区", "经度": 106.435039, "纬度": 29.521779, "电话": "13637892243", "图片标题1": NaN, "图片地址1": "http://store.is.autonavi.com/showpic/e90bcf3e4fc82e79f3cdca507e154c6c", "图片标题2": NaN, "图片地址2": NaN, "图片标题3": NaN, "图片地址3": NaN}
{"名称": "唯宠动物医院大学城分院", "地址": "虎溪街道大学城北路龙湖U城5组团30栋", "城市": "重庆市", "标签": "医疗保健服务;动物医疗场所;宠物诊所", "区域名称": "沙坪坝区", "经度": 106.290786, "纬度": 29.606884, "电话": "023-65708769;17353279693", "图片标题1": NaN, "图片地址1": "http://store.is.autonavi.com/showpic/976799b3e6a9176b6dfb43769e8770e3", "图片标题2": NaN, "图片地址2": "http://store.is.autonavi.com/showpic/7019332f44b6c73cedba0fc0d614f660", "图片标题3": NaN, "图片地址3": "http://store.is.autonavi.com/showpic/630f8d4bb42f105b9b976ac02cddd36b"}
{"名称": "重庆新欧中西医结合医院", "地址": "永顺路与永安路交叉口西南20米", "城市": "重庆市", "标签": "医疗保健服务;综合医院;综合医院", "区域名称": "沙坪坝区", "经度": 106.373851, "纬度": 29.59731, "电话": NaN, "图片标题1": NaN, "图片地址1": "http://store.is.autonavi.com/showpic/8468612cb35af6e397b2492cbf3a7670", "图片标题2": NaN, "图片地址2": NaN, "图片标题3": NaN, "图片地址3": NaN}
{"名称": "重庆爱德华医院-综合门诊", "地址": "天陈路27号(沙坪坝地铁站7号口步行220米)", "城市": "重庆市", "标签": "医疗保健服务;综合医院;综合医院", "区域名称": "沙坪坝区", "经度": 106.459248, "纬度": 29.552852, "电话": NaN, "图片标题1": NaN, "图片地址1": "http://store.is.autonavi.com/showpic/92934a8a4d01a6e05af6ff435ac61d27", "图片标题2": NaN, "图片地址2": NaN, "图片标题3": NaN, "图片地址3": NaN}
{"名称": "重庆大学心理健康教育与咨询中心", "地址": "重庆大学虎溪校区兰园4栋底楼", "城市": "重庆市", "标签": "医疗保健服务;医疗保健服务场所;医疗保健服务场所", "区域名称": "沙坪坝区", "经度": 106.299374, "纬度": 29.589083, "电话": NaN, "图片标题1": NaN, "图片地址1": NaN, "图片标题2": NaN, "图片地址2": NaN, "图片标题3": NaN, "图片地址3": NaN}
{"名称": "老有宠物诊所", "地址": "大学城中路46-附32号附近", "城市": "重庆市", "标签": "医疗保健服务;动物医疗场所;宠物诊所", "区域名称": "沙坪坝区", "经度": 106.309714, "纬度": 29.611585, "电话": "13452410711", "图片标题1": NaN, "图片地址1": "http://store.is.autonavi.com/showpic/e9a6a7c10ef0a130b1cfd0a03209a767", "图片标题2": NaN, "图片地址2": "http://store.is.autonavi.com/showpic/352185e82b7dde2d7d63f5506e9c789c", "图片标题3": NaN, "图片地址3": "http://store.is.autonavi.com/showpic/cf1203dbc8e8841638bc5c602c4be908"}
{"名称": "沙坪坝区天星桥街道社区卫生服务中心", "地址": "重庆市沙坪坝区天星桥正街51号", "城市": "重庆市", "标签": "医疗保健服务;综合医院;卫生院", "区域名称": "沙坪坝区", "经度": 106.456168, "纬度": 29.545419, "电话": NaN, "图片标题1": NaN, "图片地址1": "http://store.is.autonavi.com/showpic/b50d982daea82f21dc81a00e685556ad", "图片标题2": NaN, "图片地址2": "http://store.is.autonavi.com/showpic/fd46d67cf734b8834d94055c1fa55222", "图片标题3": NaN, "图片地址3": "http://store.is.autonavi.com/showpic/557a97a5a3109f1e8a195334"}
{"名称": "健之佳健康药房(沙坪坝正街店)", "地址": "正街125-4旁边(重庆大学地铁站3号口步行70米)", "城市": "重庆市", "标签": "医疗保健服务;医药保健销售店;药房", "区域名称": "沙坪坝区", "经度": 106.463473, "纬度": 29.566889, "电话": "023-65305756", "图片标题1": NaN, "图片地址1": "http://store.is.autonavi.com/showpic/67227ac34bd958db130aca70dc04e665", "图片标题2": NaN, "图片地址2": "http://store.is.autonavi.com/showpic/f9d0c58db96b4a559ddbfea811b04e5f", "图片标题3": NaN, "图片地址3": NaN}
{"名称": "井口社区卫生服务中心", "地址": "井口镇经济桥61号", "城市": "重庆市", "标签": "医疗保健服务;综合医院;卫生院", "区域名称": "沙坪坝区", "经度": 106.445412, "纬度": 29.636361, "电话": "023-65182044", "图片标题1": NaN, "图片地址1": "http://store.is.autonavi.com/showpic/37d4377209fddb62b93a8afc1641bb36", "图片标题2": NaN, "图片地址2": NaN, "图片标题3": NaN, "图片地址3": NaN}
{"名称": "妇科诊疗中心", "地址": "杨公桥立交与沙杨路交叉口南40米", "城市": "重庆市", "标签": "医疗保健服务;专科医院;专科医院", "区域名称": "沙坪坝区", "经度": 106.454742, "纬度": 29.563376, "电话": NaN, "图片标题1": NaN, "图片地址1": NaN, "图片标题2": NaN, "图片地址2": NaN, "图片标题3": NaN, "图片地址3": NaN}
{"名称": "沙坪坝区覃家岗社区卫生服务中心", "地址": "天马路91号(天星桥地铁站3号口步行480米)", "城市": "重庆市", "标签": "医疗保健服务;综合医院;卫生院", "区域名称": "沙坪坝区", "经度": 106.458449, "纬度": 29.538732, "电话": "023-86260293;023-86660116", "图片标题1": NaN, "图片地址1": "http://store.is.autonavi.com/showpic/668df7460711c7c73be0a8678510b96f", "图片标题2": NaN, "图片地址2": NaN, "图片标题3": NaN, "图片地址3": NaN}
{"名称": "蓝天动物医院(创豪·天泽苑北)", "地址": "小龙坎正街303-附15号附近", "城市": "重庆市", "标签": "医疗保健服务;动物医疗场所;宠物诊所", "区域名称": "沙坪坝区", "经度": 106.460446, "纬度": 29.549749, "电话": "13883132339", "图片标题1": NaN, "图片地址1": "http://store.is.autonavi.com/showpic/2a91248c4d0cb1e6353e6a616fc35e60", "图片标题2": NaN, "图片地址2": "http://store.is.autonavi.com/showpic/564c978453335296d88640ca70d107d7", "图片标题3": NaN, "图片地址3": NaN}
{"名称": "杨洪运诊所", "地址": "中兴街18号附2号", "城市": "重庆市", "标签": "医疗保健服务;诊所;诊所", "区域名称": "沙坪坝区", "经度": 106.301579, "纬度": 29.552082, "电话": "023-65750209", "图片标题1": NaN, "图片地址1": "http://store.is.autonavi.com/showpic/6b61395439c67a7e266ba9e5a6e746e5", "图片标题2": NaN, "图片地址2": "http://store.is.autonavi.com/showpic/390228b13c5fc6a5e4a1f9ac82a91e91", "图片标题3": NaN, "图片地址3": NaN}
{"名称": "沙区中西医结合医院住院部", "地址": "青凤路1号", "城市": "重庆市", "标签": "医疗保健服务;综合医院;综合医院", "区域名称": "沙坪坝区", "经度": 106.314006, "纬度": 29.675072, "电话": NaN, "图片标题1": NaN, "图片地址1": "http://store.is.autonavi.com/showpic/32f344a9f04cf42400c968446173cd52", "图片标题2": NaN, "图片地址2": NaN, "图片标题3": NaN, "图片地址3": NaN}
{"名称": "桐君阁大药房(嘉江路店)", "地址": "双碑嘉陵厂堆金村477-479-3", "城市": "重庆市", "标签": "医疗保健服务;医药保健销售店;药房", "区域名称": "沙坪坝区", "经度": 106.454675, "纬度": 29.611522, "电话": NaN, "图片标题1": NaN, "图片地址1": "http://store.is.autonavi.com/showpic/4c8ce7fe0ef58e2700e42ec6db7599cf", "图片标题2": NaN, "图片地址2": "http://store.is.autonavi.com/showpic/fa0c534bf674b31be397b66654d88187", "图片标题3": NaN, "图片地址3": NaN}
{"名称": "万和医药连锁(金沙店)", "地址": "土湾街道新建二村临街1层10号附39号", "城市": "重庆市", "标签": "医疗保健服务;医药保健销售店;药房", "区域名称": "沙坪坝区", "经度": 106.473845, "纬度": 29.555514, "电话": "023-65001285", "图片标题1": NaN, "图片地址1": "http://store.is.autonavi.com/showpic/35c8d8264d6dba12e78fe1f986328dfd", "图片标题2": NaN, "图片地址2": "http://store.is.autonavi.com/showpic/c3236d304e0e3e8c4b4bba82070dc2f7", "图片标题3": NaN, "图片地址3": "http://store.is.autonavi.com/showpic/9dd018a8855247f2a4b3d257a8d63f96"}
{"名称": "沙坪坝区陈家桥医院门诊部", "地址": "陈东路17号沙坪坝区陈家桥医院", "城市": "重庆市", "标签": "医疗保健服务;综合医院;综合医院", "区域名称": "沙坪坝区", "经度": 106.342934, "纬度": 29.614123, "电话": NaN, "图片标题1": NaN, "图片地址1": "http://store.is.autonavi.com/showpic/ba8f2657ea0c5fb42e997af66a68df38", "图片标题2": NaN, "图片地址2": NaN, "图片标题3": NaN, "图片地址3": NaN}
{"名称": "太极大药房(十七店)", "地址": "劳动路73-14号(沙坪坝街道劳动路社区卫生服务站东)", "城市": "重庆市", "标签": "医疗保健服务;医药保健销售店;药房", "区域名称": "沙坪坝区", "经度": 106.457304, "纬度": 29.573092, "电话": "15923973939", "图片标题1": NaN, "图片地址1": "http://store.is.autonavi.com/showpic/96f322d953e02c08900ec131b3fc109f", "图片标题2": NaN, "图片地址2": "http://store.is.autonavi.com/showpic/fa311d52d6baec1c365299278a3e6f09", "图片标题3": NaN, "图片地址3": NaN}
{"名称": "巧天科技美肤", "地址": "小龙坎新街利得尔大厦", "城市": "重庆市", "标签": "医疗保健服务;专科医院;整形美容|医疗保健服务;专科医院;口腔医院", "区域名称": "沙坪坝区", "经度": 106.463797, "纬度": 29.55542, "电话": NaN, "图片标题1": NaN, "图片地址1": "http://store.is.autonavi.com/showpic/f8cf2e58275f55b2630983eb5a15178c", "图片标题2": NaN, "图片地址2": "http://store.is.autonavi.com/showpic/e03c0c3ee42f6eb60a337c9aade60241", "图片标题3": NaN, "图片地址3": "http://store.is.autonavi.com/showpic/f191eccd574096f0512a00a6f0459c55"}
{"名称": "陆军军医大学第一附属医院西南医院发热门诊", "地址": "都市花园路与都市花园东路交叉口南140米", "城市": "重庆市", "标签": "医疗保健服务;综合医院;三级甲等医院", "区域名称": "沙坪坝区", "经度": 106.455208, "纬度": 29.536666, "电话": "13883371636", "图片标题1": NaN, "图片地址1": NaN, "图片标题2": NaN, "图片地址2": NaN, "图片标题3": NaN, "图片地址3": NaN}
{"名称": "满足里修脚(富洲新城)", "地址": "富洲路5号附10号2-21", "城市": "重庆市", "标签": "医疗保健服务;医疗保健服务场所;医疗保健服务场所", "区域名称": "沙坪坝区", "经度": 106.47455, "纬度": 29.540353, "电话": "18329527451", "图片标题1": NaN, "图片地址1": "http://store.is.autonavi.com/showpic/4375325c9e808cd0b53a0cededcca445", "图片标题2": NaN, "图片地址2": "http://store.is.autonavi.com/showpic/0dc9ac2ef0c1edb60b6ec0a14cb23d60", "图片标题3": NaN, "图片地址3": "http://store.is.autonavi.com/showpic/e563d0046fb9ca37993024c92749bf00"}
{"名称": "全兴药品(小龙坎分店)", "地址": "小龙坎正街86-13号(小龙坎地铁站4号口步行50米)", "城市": "重庆市", "标签": "医疗保健服务;医药保健销售店;药房", "区域名称": "沙坪坝区", "经度": 106.466828, "纬度": 29.553615, "电话": "023-65311679;15123336531", "图片标题1": NaN, "图片地址1": "http://store.is.autonavi.com/showpic/fa9f12bbe066695db9e1694e582fd14c", "图片标题2": NaN, "图片地址2": "http://store.is.autonavi.com/showpic/6dab78e14e652f3761b07782519dd1c3", "图片标题3": NaN, "图片地址3": "http://store.is.autonavi.com/showpic/695ea00dfdb5fdbc51f9f012d445bb38"}
{"名称": "恒瑞大药房(天梨路)", "地址": "晒光坪30-18-50号", "城市": "重庆市", "标签": "医疗保健服务;医药保健销售店;药房", "区域名称": "沙坪坝区", "经度": 106.454975, "纬度": 29.547079, "电话": "13389676866", "图片标题1": NaN, "图片地址1": "http://store.is.autonavi.com/showpic/150df4b9e9a705d3bc4893b0f9de7b38", "图片标题2": NaN, "图片地址2": "http://store.is.autonavi.com/showpic/2ffbbafe61e77b1494c2c3790d701048", "图片标题3": NaN, "图片地址3": NaN}
{"名称": "唯尔美医疗整形", "地址": "覃家岗街道融汇温泉汇泉路1号附86-2F0401", "城市": "重庆市", "标签": "医疗保健服务;专科医院;整形美容", "区域名称": "沙坪坝区", "经度": 106.438528, "纬度": 29.542592, "电话": NaN, "图片标题1": NaN, "图片地址1": "http://store.is.autonavi.com/showpic/87f136f59f3786ae6289966435ad70ae", "图片标题2": NaN, "图片地址2": "http://store.is.autonavi.com/showpic/2b476f888444d7f361f65ed2a7fdfcbb", "图片标题3": NaN, "图片地址3": "http://store.is.autonavi.com/showpic/6477eb80a67a8563c880a4377f38c399"}
{"名称": "满足里修脚(大学城店)", "地址": "大学城南路22号附1号-1", "城市": "重庆市", "标签": "医疗保健服务;医疗保健服务场所;医疗保健服务场所", "区域名称": "沙坪坝区", "经度": 106.30925, "纬度": 29.599018, "电话": "15123427193", "图片标题1": NaN, "图片地址1": "http://store.is.autonavi.com/showpic/4375325c9e808cd0b53a0cededcca445", "图片标题2": NaN, "图片地址2": "http://store.is.autonavi.com/showpic/134153a933678d6e3613b6a4127bfc52", "图片标题3": NaN, "图片地址3": "http://store.is.autonavi.com/showpic/4f54ce2f2cad0f7203c8bcb902e89bd0"}
{"名称": "沙区中西医结合医院发热门诊", "地址": "青凤路1号", "城市": "重庆市", "标签": "医疗保健服务;综合医院;综合医院", "区域名称": "沙坪坝区", "经度": 106.314205, "纬度": 29.674928, "电话": "023-61691666", "图片标题1": NaN, "图片地址1": "http://store.is.autonavi.com/showpic/b5995b518fb179f8d5f4da9dcceebd88", "图片标题2": NaN, "图片地址2": NaN, "图片标题3": NaN, "图片地址3": NaN}
{"名称": "整形美容楼", "地址": "高滩岩正街30号西南医院整形美容专科医院内临凤天大道", "城市": "重庆市", "标签": "医疗保健服务;专科医院;整形美容", "区域名称": "沙坪坝区", "经度": 106.456383, "纬度": 29.537464, "电话": NaN, "图片标题1": NaN, "图片地址1": "http://store.is.autonavi.com/showpic/bdeb532c7c2ed01e93cb308c8303a24a", "图片标题2": NaN, "图片地址2": NaN, "图片标题3": NaN, "图片地址3": NaN}
{"名称": "数字化微创美学诊疗中心", "地址": "溪景路与金悦支路交叉口西220米", "城市": "重庆市", "标签": "医疗保健服务;专科医院;专科医院", "区域名称": "沙坪坝区", "经度": 106.448714, "纬度": 29.569766, "电话": NaN, "图片标题1": NaN, "图片地址1": "http://store.is.autonavi.com/showpic/9a6e6ecb7751896f1ebdd33c120d0973", "图片标题2": NaN, "图片地址2": NaN, "图片标题3": NaN, "图片地址3": NaN}
{"名称": "重庆医药高等专科学校附属医院", "地址": "陈东路17号", "城市": "重庆市", "标签": "医疗保健服务;综合医院;综合医院", "区域名称": "沙坪坝区", "经度": 106.343102, "纬度": 29.613994, "电话": "023-81151865", "图片标题1": NaN, "图片地址1": "http://store.is.autonavi.com/showpic/629fb6bd8b4216f5fe3153c110a2c941", "图片标题2": NaN, "图片地址2": NaN, "图片标题3": NaN, "图片地址3": NaN}
{"名称": "土主社区卫生服务中心", "地址": "和谐街27号", "城市": "重庆市", "标签": "医疗保健服务;综合医院;卫生院", "区域名称": "沙坪坝区", "经度": 106.37164, "纬度": 29.631908, "电话": "023-65681120", "图片标题1": NaN, "图片地址1": "http://store.is.autonavi.com/showpic/79667cb049641e9f60ea49981a7ee000", "图片标题2": NaN, "图片地址2": NaN, "图片标题3": NaN, "图片地址3": NaN}
{"名称": "沙坪坝区陈家桥医院儿科门诊", "地址": "陈东路与康爱路交叉口西北60米", "城市": "重庆市", "标签": "医疗保健服务;综合医院;综合医院", "区域名称": "沙坪坝区", "经度": 106.343458, "纬度": 29.614094, "电话": NaN, "图片标题1": NaN, "图片地址1": NaN, "图片标题2": NaN, "图片地址2": NaN, "图片标题3": NaN, "图片地址3": NaN}
{"名称": "重庆市急救医疗中心技术指导医院", "地址": "嘉勤路与嘉建路交叉口东南220米", "城市": "重庆市", "标签": "医疗保健服务;综合医院;综合医院", "区域名称": "沙坪坝区", "经度": 106.449198, "纬度": 29.609522, "电话": NaN, "图片标题1": NaN, "图片地址1": "http://store.is.autonavi.com/showpic/af98323cf9bebb494853090e5820b7e2", "图片标题2": NaN, "图片地址2": NaN, "图片标题3": NaN, "图片地址3": NaN}
{"名称": "正和大药房(沙坪坝区山洞社区卫生服务站西南)", "地址": "山峰路34号", "城市": "重庆市", "标签": "医疗保健服务;医药保健销售店;药房", "区域名称": "沙坪坝区", "经度": 106.420492, "纬度": 29.511942, "电话": "17384707298", "图片标题1": NaN, "图片地址1": "http://store.is.autonavi.com/showpic/a10cb8193ec3a65f29ce36788afd3616", "图片标题2": NaN, "图片地址2": NaN, "图片标题3": NaN, "图片地址3": NaN}
{"名称": "贺氏正骨", "地址": "建博路与桥东路交叉口北140米", "城市": "重庆市", "标签": "医疗保健服务;专科医院;骨科医院", "区域名称": "沙坪坝区", "经度": 106.341321, "纬度": 29.621946, "电话": NaN, "图片标题1": NaN, "图片地址1": "http://store.is.autonavi.com/showpic/79e2e17ae125a3e77593e08a133b3428", "图片标题2": NaN, "图片地址2": NaN, "图片标题3": NaN, "图片地址3": NaN}
{"名称": "沙坪坝区石井坡诊所", "地址": "石井坡265号附12号", "城市": "重庆市", "标签": "医疗保健服务;诊所;诊所", "区域名称": "沙坪坝区", "经度": 106.44417, "纬度": 29.591577, "电话": NaN, "图片标题1": NaN, "图片地址1": "http://store.is.autonavi.com/showpic/dc60e204b41bb75f45592a948f6dc07c", "图片标题2": NaN, "图片地址2": "http://store.is.autonavi.com/showpic/ce394ba9eab65277c92cab61b59506fc", "图片标题3": NaN, "图片地址3": NaN}
{"名称": "重庆贻青中医院-住院部", "地址": "沙坪坝歌乐山林园196号", "城市": "重庆市", "标签": "医疗保健服务;医疗保健服务场所;医疗保健服务场所", "区域名称": "沙坪坝区", "经度": 106.416005, "纬度": 29.529391, "电话": NaN, "图片标题1": NaN, "图片地址1": NaN, "图片标题2": NaN, "图片地址2": NaN, "图片标题3": NaN, "图片地址3": NaN}
{"名称": "重庆市沙坪坝区第三人民医院门诊", "地址": "天星桥正街51号重庆市沙坪坝区第三人民医院内", "城市": "重庆市", "标签": "医疗保健服务;综合医院;综合医院", "区域名称": "沙坪坝区", "经度": 106.456107, "纬度": 29.545435, "电话": NaN, "图片标题1": NaN, "图片地址1": NaN, "图片标题2": NaN, "图片地址2": NaN, "图片标题3": NaN, "图片地址3": NaN}
{"名称": "昌野药房(西物市场店)", "地址": "凤鸣山西物市场6-17(凤鸣山地铁站2C口步行370米)", "城市": "重庆市", "标签": "医疗保健服务;医药保健销售店;药房", "区域名称": "沙坪坝区", "经度": 106.446818, "纬度": 29.523047, "电话": NaN, "图片标题1": NaN, "图片地址1": "http://store.is.autonavi.com/showpic/ded5d755404f3cdea18870f92b5c49c7", "图片标题2": NaN, "图片地址2": NaN, "图片标题3": NaN, "图片地址3": NaN}
{"名称": "重棉一厂医院", "地址": "上土湾路北150米", "城市": "重庆市", "标签": "医疗保健服务;综合医院;综合医院", "区域名称": "沙坪坝区", "经度": 106.475033, "纬度": 29.553376, "电话": NaN, "图片标题1": NaN, "图片地址1": "http://store.is.autonavi.com/showpic/dec1fd51759502e3fb695e13031b5110", "图片标题2": NaN, "图片地址2": NaN, "图片标题3": NaN, "图片地址3": NaN}
{"名称": "重庆人好医院-性病诊疗中心", "地址": "小龙坎正街333号", "城市": "重庆市", "标签": "医疗保健服务;专科医院;专科医院", "区域名称": "沙坪坝区", "经度": 106.458982, "纬度": 29.548817, "电话": NaN, "图片标题1": NaN, "图片地址1": NaN, "图片标题2": NaN, "图片地址2": NaN, "图片标题3": NaN, "图片地址3": NaN}
{"名称": "李氏风湿特效理疗中心", "地址": "沙杨路14-1号", "城市": "重庆市", "标签": "医疗保健服务;医疗保健服务场所;医疗保健服务场所", "区域名称": "沙坪坝区", "经度": 106.461091, "纬度": 29.562784, "电话": "13140202668", "图片标题1": NaN, "图片地址1": "http://store.is.autonavi.com/showpic/3faf31fa51e9ef31e385c49ce0e5edff", "图片标题2": NaN, "图片地址2": "http://store.is.autonavi.com/showpic/570f0f5a7ac63a0efb09afb9", "图片标题3": NaN, "图片地址3": "http://store.is.autonavi.com/showpic/570f0f5a7ac63a0efb09afb7"}
{"名称": "重庆市沙坪坝区人民医院(新院区)", "地址": "井口街道G212平安大道旁", "城市": "重庆市", "标签": "医疗保健服务;综合医院;综合医院", "区域名称": "沙坪坝区", "经度": 106.440483, "纬度": 29.630269, "电话": NaN, "图片标题1": NaN, "图片地址1": "https://aos-comment.amap.com/B0HRVOE3PF/headerImg/5ccdd84ebee869dda87bdd261bff174a_2048_2048_80.jpg", "图片标题2": NaN, "图片地址2": "https://aos-comment.amap.com/B0HRVOE3PF/headerImg/cdbc697840deef56600ce4c45d44e4c0_2048_2048_80.jpg", "图片标题3": NaN, "图片地址3": "https://aos-comment.amap.com/B0HRVOE3PF/headerImg/0789b89438ddac8cdd8434f117888ea8_2048_2048_80.jpg"}
{"名称": "爱康国宾重庆沙坪坝分院", "地址": "沙中路沙南街60号重庆市电力公司-职工医院", "城市": "重庆市", "标签": "医疗保健服务;医疗保健服务场所;医疗保健服务场所", "区域名称": "沙坪坝区", "经度": 106.464734, "纬度": 29.562817, "电话": "4008100120", "图片标题1": NaN, "图片地址1": "http://img.alicdn.com/i2/2209566269271/O1CN017Waa022IMAjeRq0yV_!!2209566269271-0-koubei.jpg", "图片标题2": NaN, "图片地址2": "http://store.is.autonavi.com/showpic/0639776cee83280cbe6b72ba72ccb246", "图片标题3": NaN, "图片地址3": "http://store.is.autonavi.com/showpic/b34b26578af88c1037e2b4aee7dea9fb"}
{"名称": "东方整形医院", "地址": "小龙坎新街49号附1号正升·自由康都A座11层", "城市": "重庆市", "标签": "医疗保健服务;专科医院;整形美容", "区域名称": "沙坪坝区", "经度": 106.464366, "纬度": 29.556665, "电话": NaN, "图片标题1": NaN, "图片地址1": "http://store.is.autonavi.com/showpic/7c1154936c4f39f3f767e1a6a233b5fb", "图片标题2": NaN, "图片地址2": NaN, "图片标题3": NaN, "图片地址3": NaN}
{"名称": "中医艾灸理疗养生", "地址": "土主镇惠民小区1号附5号", "城市": "重庆市", "标签": "医疗保健服务;医疗保健服务场所;医疗保健服务场所", "区域名称": "沙坪坝区", "经度": 106.37157, "纬度": 29.630985, "电话": "18725892361", "图片标题1": NaN, "图片地址1": "http://store.is.autonavi.com/showpic/dd07949f957ee96e746c62afec0c0344", "图片标题2": NaN, "图片地址2": NaN, "图片标题3": NaN, "图片地址3": NaN}
{"名称": "西南大学附属公卫医院(平顶山院区)", "地址": "小龙坎黄桷湾1号", "城市": "重庆市", "标签": "医疗保健服务;综合医院;综合医院", "区域名称": "沙坪坝区", "经度": 106.471165, "纬度": 29.550484, "电话": NaN, "图片标题1": NaN, "图片地址1": "http://store.is.autonavi.com/showpic/1ba12818b2e5ebb820365d4db5867633", "图片标题2": NaN, "图片地址2": NaN, "图片标题3": NaN, "图片地址3": NaN}
{"名称": "胸痛中心", "地址": "小龙坎新街与沙坪坝站东路交叉口西北120米", "城市": "重庆市", "标签": "医疗保健服务;专科医院;胸科医院", "区域名称": "沙坪坝区", "经度": 106.466041, "纬度": 29.555879, "电话": NaN, "图片标题1": NaN, "图片地址1": "http://store.is.autonavi.com/showpic/827cc803f3d1423b6ab33fbb601e17a5", "图片标题2": NaN, "图片地址2": NaN, "图片标题3": NaN, "图片地址3": NaN}
{"名称": "创新足专业修脚房", "地址": "学善路与思贤路交叉口南100米", "城市": "重庆市", "标签": "医疗保健服务;医疗保健服务场所;医疗保健服务场所", "区域名称": "沙坪坝区", "经度": 106.314941, "纬度": 29.586953, "电话": NaN, "图片标题1": NaN, "图片地址1": "http://store.is.autonavi.com/showpic/57bdfc2091886c9dcebd19ea35d66c27", "图片标题2": NaN, "图片地址2": NaN, "图片标题3": NaN, "图片地址3": NaN}
{"名称": "重庆海吉亚医院门诊楼(建设中)", "地址": "思贤路与大学城南一路交叉口北140米", "城市": "重庆市", "标签": "医疗保健服务;综合医院;综合医院", "区域名称": "沙坪坝区", "经度": 106.30061, "纬度": 29.585307, "电话": NaN, "图片标题1": NaN, "图片地址1": NaN, "图片标题2": NaN, "图片地址2": NaN, "图片标题3": NaN, "图片地址3": NaN}
{"名称": "重庆海吉亚医院住院楼(建设中)", "地址": "思贤路与大学城南一路交叉口西北180米", "城市": "重庆市", "标签": "医疗保健服务;综合医院;综合医院", "区域名称": "沙坪坝区", "经度": 106.299873, "纬度": 29.585355, "电话": NaN, "图片标题1": NaN, "图片地址1": NaN, "图片标题2": NaN, "图片地址2": NaN, "图片标题3": NaN, "图片地址3": NaN}
{"名称": "中医秘方养生馆", "地址": "惠民小区西门北50米", "城市": "重庆市", "标签": "医疗保健服务;医疗保健服务场所;医疗保健服务场所", "区域名称": "沙坪坝区", "经度": 106.374809, "纬度": 29.634329, "电话": NaN, "图片标题1": NaN, "图片地址1": "http://store.is.autonavi.com/showpic/176758bed52896efc62b2ef6fc4e453b", "图片标题2": NaN, "图片地址2": NaN, "图片标题3": NaN, "图片地址3": NaN}
{"名称": "重庆市第十一人民医院精神科心理科", "地址": "梨高路1号重庆市第十一人民医院", "城市": "重庆市", "标签": "医疗保健服务;综合医院;综合医院", "区域名称": "沙坪坝区", "经度": 106.445046, "纬度": 29.538968, "电话": NaN, "图片标题1": NaN, "图片地址1": "http://store.is.autonavi.com/showpic/b12c57919b19845b232956763ffcdf32", "图片标题2": NaN, "图片地址2": NaN, "图片标题3": NaN, "图片地址3": NaN}
{"名称": "洪强修脚房", "地址": "金科·廊桥水乡三组团东北门旁", "城市": "重庆市", "标签": "医疗保健服务;医疗保健服务场所;医疗保健服务场所", "区域名称": "沙坪坝区", "经度": 106.281099, "纬度": 29.583468, "电话": NaN, "图片标题1": NaN, "图片地址1": "http://store.is.autonavi.com/showpic/8f7247f17be3b1d283acc0d97f903248", "图片标题2": NaN, "图片地址2": NaN, "图片标题3": NaN, "图片地址3": NaN}
{"名称": "重庆人好医院医疗美容", "地址": "小龙坎正街333号", "城市": "重庆市", "标签": "医疗保健服务;专科医院;整形美容", "区域名称": "沙坪坝区", "经度": 106.459139, "纬度": 29.549074, "电话": NaN, "图片标题1": NaN, "图片地址1": NaN, "图片标题2": NaN, "图片地址2": NaN, "图片标题3": NaN, "图片地址3": NaN}
{"名称": "桐君阁大药房(大石坝天桥店)", "地址": "欣光家园东北门旁(凤鸣山地铁站1B口步行410米)", "城市": "重庆市", "标签": "医疗保健服务;医药保健销售店;药房", "区域名称": "沙坪坝区", "经度": 106.452688, "纬度": 29.52375, "电话": NaN, "图片标题1": NaN, "图片地址1": "http://store.is.autonavi.com/showpic/21c544f8e6185c1b9fca71c44c0afa89", "图片标题2": NaN, "图片地址2": NaN, "图片标题3": NaN, "图片地址3": NaN}
{"名称": "秀颜康古方保健", "地址": "汇泉路11号附27号6A-1F-03", "城市": "重庆市", "标签": "医疗保健服务;医疗保健服务场所;医疗保健服务场所", "区域名称": "沙坪坝区", "经度": 106.439027, "纬度": 29.544942, "电话": NaN, "图片标题1": NaN, "图片地址1": "http://store.is.autonavi.com/showpic/2e81babc046994d875ebc10ff29d859e", "图片标题2": NaN, "图片地址2": "http://store.is.autonavi.com/showpic/2a367a27588b56be6a99b17758a9d668", "图片标题3": NaN, "图片地址3": "http://store.is.autonavi.com/showpic/0d8e67ffb1650555b8214ca3612be670"}
{"名称": "曾家医院", "地址": "曾家镇曾凤路48号", "城市": "重庆市", "标签": "医疗保健服务;综合医院;卫生院", "区域名称": "沙坪坝区", "经度": 106.303057, "纬度": 29.549852, "电话": "023-65750259", "图片标题1": NaN, "图片地址1": "https://aos-comment.amap.com/B0FFIDCBME/headerImg/8866a893e204ce6b23463f96db541503_2048_2048_80.jpg", "图片标题2": NaN, "图片地址2": "http://store.is.autonavi.com/showpic/2dcdb8accc3a876497d5f96450363321", "图片标题3": NaN, "图片地址3": "http://store.is.autonavi.com/showpic/31210a74e321363e59bd663d32832331"}
{"名称": "中医养生理疗馆", "地址": "土主小学对面", "城市": "重庆市", "标签": "医疗保健服务;医疗保健服务场所;医疗保健服务场所", "区域名称": "沙坪坝区", "经度": 106.372362, "纬度": 29.632758, "电话": "13527455421;15178840282", "图片标题1": NaN, "图片地址1": "http://store.is.autonavi.com/showpic/8b001d91af5b25be15fce09da49a3b6a", "图片标题2": NaN, "图片地址2": NaN, "图片标题3": NaN, "图片地址3": NaN}
{"名称": "厚道修脚", "地址": "学善路与香悦路交叉口南60米", "城市": "重庆市", "标签": "医疗保健服务;医疗保健服务场所;医疗保健服务场所", "区域名称": "沙坪坝区", "经度": 106.314499, "纬度": 29.582364, "电话": NaN, "图片标题1": NaN, "图片地址1": "http://store.is.autonavi.com/showpic/0549ff595b378a6fdf84138382749611", "图片标题2": NaN, "图片地址2": NaN, "图片标题3": NaN, "图片地址3": NaN}
{"名称": "重庆好德医院健康管理(体检)中心", "地址": "康城北路重庆好德医院", "城市": "重庆市", "标签": "医疗保健服务;综合医院;综合医院", "区域名称": "沙坪坝区", "经度": 106.313114, "纬度": 29.578941, "电话": NaN, "图片标题1": NaN, "图片地址1": "http://store.is.autonavi.com/showpic/ee618b91d01a0729547a6001b718c1db", "图片标题2": NaN, "图片地址2": NaN, "图片标题3": NaN, "图片地址3": NaN}
{"名称": "重庆新欧中西医结合医院康复理疗科", "地址": "菁英公寓北门旁", "城市": "重庆市", "标签": "医疗保健服务;综合医院;综合医院", "区域名称": "沙坪坝区", "经度": 106.373436, "纬度": 29.597309, "电话": NaN, "图片标题1": NaN, "图片地址1": "http://store.is.autonavi.com/showpic/8dc6377fb450da3ac25e2327fe96741c", "图片标题2": NaN, "图片地址2": NaN, "图片标题3": NaN, "图片地址3": NaN}
{"名称": "麦克大药房(伍星盛苑南)", "地址": "新开寺工业园A区", "城市": "重庆市", "标签": "医疗保健服务;医药保健销售店;药房", "区域名称": "沙坪坝区", "经度": 106.419526, "纬度": 29.541338, "电话": NaN, "图片标题1": NaN, "图片地址1": "http://store.is.autonavi.com/showpic/d14fd625335f80748054642a7e727bd4", "图片标题2": NaN, "图片地址2": NaN, "图片标题3": NaN, "图片地址3": NaN}
{"名称": "大学城医院门诊", "地址": "城中路55号重庆医科大学附属大学城医院附近", "城市": "重庆市", "标签": "医疗保健服务;综合医院;综合医院", "区域名称": "沙坪坝区", "经度": 106.307084, "纬度": 29.618049, "电话": "023-65715700", "图片标题1": NaN, "图片地址1": NaN, "图片标题2": NaN, "图片地址2": NaN, "图片标题3": NaN, "图片地址3": NaN}
{"名称": "沙坪坝鼎盛综合门诊部", "地址": "双碑街34号鼎盛·新都会百货商场F1层", "城市": "重庆市", "标签": "医疗保健服务;诊所;诊所", "区域名称": "沙坪坝区", "经度": 106.443943, "纬度": 29.603338, "电话": NaN, "图片标题1": NaN, "图片地址1": "http://store.is.autonavi.com/showpic/b8471bdebfb7daa576d93150002109de", "图片标题2": NaN, "图片地址2": NaN, "图片标题3": NaN, "图片地址3": NaN}
{"名称": "刁师傅专业修脚店", "地址": "歌乐山正街与102乡道交叉口东100米", "城市": "重庆市", "标签": "医疗保健服务;医疗保健服务场所;医疗保健服务场所", "区域名称": "沙坪坝区", "经度": 106.418996, "纬度": 29.567175, "电话": "15826176526", "图片标题1": NaN, "图片地址1": "http://store.is.autonavi.com/showpic/a1f7d7ea90a0b6d10568756a08d18b2c", "图片标题2": NaN, "图片地址2": NaN, "图片标题3": NaN, "图片地址3": NaN}
{"名称": "专业修脚", "地址": "二开发区一横街与沿河北路交叉口西北50米", "城市": "重庆市", "标签": "医疗保健服务;医疗保健服务场所;医疗保健服务场所", "区域名称": "沙坪坝区", "经度": 106.3375, "纬度": 29.616764, "电话": NaN, "图片标题1": NaN, "图片地址1": "http://store.is.autonavi.com/showpic/5be3736d09a290ee607f2bbf173acb34", "图片标题2": NaN, "图片地址2": NaN, "图片标题3": NaN, "图片地址3": NaN}
{"名称": "兰祥莉口腔诊所", "地址": "天星桥正街46附6号(高滩岩地铁站4B口步行480米)", "城市": "重庆市", "标签": "医疗保健服务;专科医院;口腔医院", "区域名称": "沙坪坝区", "经度": 106.453465, "纬度": 29.544195, "电话": NaN, "图片标题1": NaN, "图片地址1": "http://store.is.autonavi.com/showpic/827134cfcb8a0570a523c47124f7d954", "图片标题2": NaN, "图片地址2": "http://store.is.autonavi.com/showpic/6c44389fd65875235123a1b12638e355", "图片标题3": NaN, "图片地址3": NaN}
{"名称": "沙坪坝区童家桥社区卫生服务中心", "地址": "大水井1号附716号(磁器口地铁站1号口步行330米)", "城市": "重庆市", "标签": "医疗保健服务;综合医院;卫生院", "区域名称": "沙坪坝区", "经度": 106.446208, "纬度": 29.574082, "电话": "023-65015193", "图片标题1": NaN, "图片地址1": "http://store.is.autonavi.com/showpic/30fcbfa86017988d496143c67db53c47", "图片标题2": NaN, "图片地址2": NaN, "图片标题3": NaN, "图片地址3": NaN}
{"名称": "桐君阁大药房(沙坪坝区一店)", "地址": "小杨公桥118号附184号", "城市": "重庆市", "标签": "医疗保健服务;医药保健销售店;药房", "区域名称": "沙坪坝区", "经度": 106.447014, "纬度": 29.564574, "电话": "023-65019814", "图片标题1": NaN, "图片地址1": "http://store.is.autonavi.com/showpic/5e819fb4ebc4398bf894b6372b325663", "图片标题2": NaN, "图片地址2": "http://store.is.autonavi.com/showpic/cb36d92faa2630ce0a9eb7200a347279", "图片标题3": NaN, "图片地址3": NaN}
{"名称": "唐氏药业(歌乐山店)", "地址": "歌乐山南街7号", "城市": "重庆市", "标签": "医疗保健服务;医药保健销售店;药房", "区域名称": "沙坪坝区", "经度": 106.41849, "纬度": 29.56643, "电话": "023-65256283", "图片标题1": NaN, "图片地址1": "http://store.is.autonavi.com/showpic/d307eb9f218c69033444feee1ae98ca9", "图片标题2": NaN, "图片地址2": NaN, "图片标题3": NaN, "图片地址3": NaN}
{"名称": "嘉陵医院C区", "地址": "嘉新路与嘉江路交叉口北50米", "城市": "重庆市", "标签": "医疗保健服务;综合医院;综合医院", "区域名称": "沙坪坝区", "经度": 106.451437, "纬度": 29.609352, "电话": "023-65190120", "图片标题1": NaN, "图片地址1": "http://store.is.autonavi.com/showpic/2e97f5d71a434ed0cde5f990b3f14517", "图片标题2": NaN, "图片地址2": "http://store.is.autonavi.com/showpic/cef8ca6d68b402a52b6e78415f5e17e8", "图片标题3": NaN, "图片地址3": NaN}
{"名称": "重庆大学附属肿瘤医院-外科大楼", "地址": "汉渝路181号重庆大学附属肿瘤医院", "城市": "重庆市", "标签": "医疗保健服务;专科医院;肿瘤医院", "区域名称": "沙坪坝区", "经度": 106.475661, "纬度": 29.561257, "电话": NaN, "图片标题1": NaN, "图片地址1": "http://store.is.autonavi.com/showpic/0a0a2ef0643f14dbf526549016f8592e", "图片标题2": NaN, "图片地址2": NaN, "图片标题3": NaN, "图片地址3": NaN}
{"名称": "广达康复医院", "地址": "上桥二村11号(上桥地铁站3号口步行270米)", "城市": "重庆市", "标签": "医疗保健服务;专科医院;专科医院|医疗保健服务;综合医院;综合医院", "区域名称": "沙坪坝区", "经度": 106.441799, "纬度": 29.516263, "电话": "023-81391288;18108306196", "图片标题1": NaN, "图片地址1": "http://store.is.autonavi.com/showpic/6FFDB19281E04CF2BFD17FEB640FAE01", "图片标题2": NaN, "图片地址2": "http://store.is.autonavi.com/showpic/0cdeaf703359a754a483141346cf9a2d", "图片标题3": NaN, "图片地址3": NaN}
{"名称": "重庆东华医院外科楼", "地址": "石井坡168号重庆东华医院", "城市": "重庆市", "标签": "医疗保健服务;综合医院;综合医院", "区域名称": "沙坪坝区", "经度": 106.440776, "纬度": 29.588784, "电话": NaN, "图片标题1": NaN, "图片地址1": NaN, "图片标题2": NaN, "图片地址2": NaN, "图片标题3": NaN, "图片地址3": NaN}
{"名称": "重庆嘉陵医院门诊大楼", "地址": "双碑自由村100号重庆嘉陵医院内", "城市": "重庆市", "标签": "医疗保健服务;综合医院;综合医院", "区域名称": "沙坪坝区", "经度": 106.449152, "纬度": 29.609133, "电话": NaN, "图片标题1": NaN, "图片地址1": NaN, "图片标题2": NaN, "图片地址2": NaN, "图片标题3": NaN, "图片地址3": NaN}
{"名称": "重庆嘉陵医院-内科", "地址": "双碑自由村100号重庆嘉陵医院", "城市": "重庆市", "标签": "医疗保健服务;综合医院;综合医院", "区域名称": "沙坪坝区", "经度": 106.449152, "纬度": 29.609133, "电话": NaN, "图片标题1": NaN, "图片地址1": NaN, "图片标题2": NaN, "图片地址2": NaN, "图片标题3": NaN, "图片地址3": NaN}
{"名称": "嘉陵医院-康复理疗科", "地址": "双碑自由村100号重庆嘉陵医院", "城市": "重庆市", "标签": "医疗保健服务;综合医院;综合医院", "区域名称": "沙坪坝区", "经度": 106.44865, "纬度": 29.609207, "电话": NaN, "图片标题1": NaN, "图片地址1": NaN, "图片标题2": NaN, "图片地址2": NaN, "图片标题3": NaN, "图片地址3": NaN}
{"名称": "中颐颐康医院", "地址": "歌乐山镇天池村", "城市": "重庆市", "标签": "医疗保健服务;综合医院;综合医院", "区域名称": "沙坪坝区", "经度": 106.410364, "纬度": 29.567939, "电话": NaN, "图片标题1": NaN, "图片地址1": NaN, "图片标题2": NaN, "图片地址2": NaN, "图片标题3": NaN, "图片地址3": NaN}
{"名称": "桐君阁大药房(沙坪坝区十四店)", "地址": "小龙坎正街311号附3号", "城市": "重庆市", "标签": "医疗保健服务;医药保健销售店;药房", "区域名称": "沙坪坝区", "经度": 106.460136, "纬度": 29.549833, "电话": NaN, "图片标题1": NaN, "图片地址1": "http://store.is.autonavi.com/showpic/873f0a8881e600b9bcb6ea94af83462f", "图片标题2": NaN, "图片地址2": "http://store.is.autonavi.com/showpic/873f0a8881e600b9bcb6ea94af83462f", "图片标题3": NaN, "图片地址3": "http://store.is.autonavi.com/showpic/c147892673404013d2ed2c12e6913eb0"}
{"名称": "和平药房(沙中心店)", "地址": "天陈路9号三峡广场商厦B1层南面", "城市": "重庆市", "标签": "医疗保健服务;医药保健销售店;药房", "区域名称": "沙坪坝区", "经度": 106.462594, "纬度": 29.558945, "电话": "023-61574447", "图片标题1": NaN, "图片地址1": "http://store.is.autonavi.com/showpic/b1831c76ee6061de5ddede45e7dbde73", "图片标题2": NaN, "图片地址2": "http://store.is.autonavi.com/showpic/210d0a546f8c291bde0c3385055af127", "图片标题3": NaN, "图片地址3": "http://store.is.autonavi.com/showpic/557a9907a3109f1e8a19c0bf"}
{"名称": "重庆(中美)海吉亚肿瘤医院门诊", "地址": "思贤路与大学城南一路交叉口北200米", "城市": "重庆市", "标签": "医疗保健服务;专科医院;专科医院", "区域名称": "沙坪坝区", "经度": 106.300854, "纬度": 29.585814, "电话": NaN, "图片标题1": NaN, "图片地址1": "http://store.is.autonavi.com/showpic/57c1bd80abcae328e9703d9643712f13", "图片标题2": NaN, "图片地址2": "http://store.is.autonavi.com/showpic/1fd4a8280a11590596f25d8482c86496", "图片标题3": NaN, "图片地址3": NaN}
{"名称": "重庆大学附属肿瘤医院", "地址": "汉渝路181号", "城市": "重庆市", "标签": "医疗保健服务;专科医院;肿瘤医院|医疗保健服务;综合医院;三级甲等医院", "区域名称": "沙坪坝区", "经度": 106.475936, "纬度": 29.560659, "电话": "023-65006592;023-65311341", "图片标题1": NaN, "图片地址1": "http://store.is.autonavi.com/showpic/aed364e79a66972b1653f75ded7c8fbd", "图片标题2": NaN, "图片地址2": "https://aos-comment.amap.com/B0FFH74JLJ/headerImg/021D2EE6_C9DF_4C7D_859F_8A12E167FB95_L0_001_IMG_4088_1664514134010_7aa7fb7c.HEIC", "图片标题3": NaN, "图片地址3": "http://store.is.autonavi.com/showpic/0d33f783ca8df8784f8ecced236a3a5c"}
{"名称": "玺悦台医疗美容整形医院", "地址": "沙滨路8号金沙东岸商业街2层", "城市": "重庆市", "标签": "医疗保健服务;专科医院;整形美容", "区域名称": "沙坪坝区", "经度": 106.484238, "纬度": 29.553052, "电话": "17093872004", "图片标题1": NaN, "图片地址1": "http://store.is.autonavi.com/showpic/27eafb11979b58087bb5b272ba0a7f6c", "图片标题2": NaN, "图片地址2": "http://store.is.autonavi.com/showpic/d70c80536f84fc83c31be669d99bc47d", "图片标题3": NaN, "图片地址3": NaN}
{"名称": "蒋牙科", "地址": "龙泉路与上土湾路交叉口东420米", "城市": "重庆市", "标签": "医疗保健服务;专科医院;口腔医院", "区域名称": "沙坪坝区", "经度": 106.473579, "纬度": 29.553609, "电话": NaN, "图片标题1": NaN, "图片地址1": "http://store.is.autonavi.com/showpic/56825141a310b8c53dfc46d4", "图片标题2": NaN, "图片地址2": "http://store.is.autonavi.com/showpic/56825141a310b8c53dfc46d6", "图片标题3": NaN, "图片地址3": NaN}
{"名称": "重庆中瑞医院-急诊", "地址": "桥北路与陈东路交叉口西北100米", "城市": "重庆市", "标签": "医疗保健服务;综合医院;综合医院", "区域名称": "沙坪坝区", "经度": 106.337186, "纬度": 29.620123, "电话": NaN, "图片标题1": NaN, "图片地址1": "http://store.is.autonavi.com/showpic/30a079a963fcc069d02b8fde37e5bb06", "图片标题2": NaN, "图片地址2": NaN, "图片标题3": NaN, "图片地址3": NaN}
{"名称": "重庆人好医院-不孕不育诊疗中心", "地址": "小龙坎正街333号", "城市": "重庆市", "标签": "医疗保健服务;专科医院;专科医院", "区域名称": "沙坪坝区", "经度": 106.458973, "纬度": 29.549084, "电话": NaN, "图片标题1": NaN, "图片地址1": NaN, "图片标题2": NaN, "图片地址2": NaN, "图片标题3": NaN, "图片地址3": NaN}
{"名称": "桐君阁大药房(会山康城小区东南)", "地址": "双碑中心湾118号附近", "城市": "重庆市", "标签": "医疗保健服务;医药保健销售店;药房", "区域名称": "沙坪坝区", "经度": 106.443502, "纬度": 29.595937, "电话": NaN, "图片标题1": NaN, "图片地址1": NaN, "图片标题2": NaN, "图片地址2": NaN, "图片标题3": NaN, "图片地址3": NaN}
{"名称": "桐君阁大药房(金沙港湾六十三店)", "地址": "华宇金沙港湾5号附3号", "城市": "重庆市", "标签": "医疗保健服务;医药保健销售店;药房", "区域名称": "沙坪坝区", "经度": 106.479393, "纬度": 29.557899, "电话": NaN, "图片标题1": NaN, "图片地址1": "http://store.is.autonavi.com/showpic/94d7111d4b17130164e2fd18bf49b897", "图片标题2": NaN, "图片地址2": NaN, "图片标题3": NaN, "图片地址3": NaN}
{"名称": "寿康中心中医理疗养生", "地址": "双碑嘉陵厂勤居村17栋1-1", "城市": "重庆市", "标签": "医疗保健服务;医疗保健服务场所;医疗保健服务场所", "区域名称": "沙坪坝区", "经度": 106.448571, "纬度": 29.610053, "电话": "13883131751", "图片标题1": NaN, "图片地址1": "http://store.is.autonavi.com/showpic/6afe8307f5382fcbe49f2f4a9dde749d", "图片标题2": NaN, "图片地址2": "http://store.is.autonavi.com/showpic/e70142c83dceee33064fc902c81ff695", "图片标题3": NaN, "图片地址3": NaN}
{"名称": "嘉陵医院口腔科", "地址": "双碑自由村100号重庆嘉陵医院", "城市": "重庆市", "标签": "医疗保健服务;综合医院;综合医院", "区域名称": "沙坪坝区", "经度": 106.44996, "纬度": 29.609106, "电话": NaN, "图片标题1": NaN, "图片地址1": "http://store.is.autonavi.com/showpic/d3d516d6afd590e8baec92a1369c3cb1", "图片标题2": NaN, "图片地址2": NaN, "图片标题3": NaN, "图片地址3": NaN}
{"名称": "谢龙口腔诊所", "地址": "模范村3号附5号(小龙坎地铁站5A口步行310米)", "城市": "重庆市", "标签": "医疗保健服务;专科医院;口腔医院", "区域名称": "沙坪坝区", "经度": 106.472402, "纬度": 29.554865, "电话": "023-65359391", "图片标题1": NaN, "图片地址1": "http://store.is.autonavi.com/showpic/8b49233c16a48516cdedce4ff9d085c3", "图片标题2": NaN, "图片地址2": "http://store.is.autonavi.com/showpic/672351853fb086e086aa688c9f10582c", "图片标题3": NaN, "图片地址3": NaN}
{"名称": "善美整形", "地址": "小龙坎新街49号附1号正昇·自由康都A座11层", "城市": "重庆市", "标签": "医疗保健服务;专科医院;整形美容", "区域名称": "沙坪坝区", "经度": 106.464371, "纬度": 29.556647, "电话": "023-65315445;023-65353333", "图片标题1": NaN, "图片地址1": "http://store.is.autonavi.com/showpic/d5a1cb9ae9737dd3a05863b75c6e480e", "图片标题2": NaN, "图片地址2": "http://store.is.autonavi.com/showpic/d0988b976410e55a79a6af86ca77d3dc", "图片标题3": NaN, "图片地址3": NaN}
{"名称": "家和健康药房", "地址": "山峰路53-1-1号附近", "城市": "重庆市", "标签": "医疗保健服务;医药保健销售店;药房", "区域名称": "沙坪坝区", "经度": 106.419637, "纬度": 29.510942, "电话": NaN, "图片标题1": NaN, "图片地址1": "http://store.is.autonavi.com/showpic/2505b0032dd9578a1e9d4aa5354a6fc9", "图片标题2": NaN, "图片地址2": "http://store.is.autonavi.com/showpic/5c4c418b74fdefbe2a6c2b6baaac8de8", "图片标题3": NaN, "图片地址3": NaN}
{"名称": "沙坪坝郑丹志诊所", "地址": "杨梨路57-1-3-4(杨公桥地铁站1B口步行490米)", "城市": "重庆市", "标签": "医疗保健服务;诊所;诊所", "区域名称": "沙坪坝区", "经度": 106.446974, "纬度": 29.56041, "电话": NaN, "图片标题1": NaN, "图片地址1": "http://store.is.autonavi.com/showpic/19e5ad0d4a0377a48e2b3c8ca56eac3f", "图片标题2": NaN, "图片地址2": NaN, "图片标题3": NaN, "图片地址3": NaN}
{"名称": "干翔社区康养中心", "地址": "金刚坡街与102乡道交叉口东100米", "城市": "重庆市", "标签": "医疗保健服务;医疗保健服务场所;医疗保健服务场所", "区域名称": "沙坪坝区", "经度": 106.415599, "纬度": 29.58899, "电话": NaN, "图片标题1": NaN, "图片地址1": "http://store.is.autonavi.com/showpic/cad2b5c6d610445575e9de353db9ae8d", "图片标题2": NaN, "图片地址2": NaN, "图片标题3": NaN, "图片地址3": NaN}
{"名称": "沙坪坝杨青青口腔诊所", "地址": "都市花园西路101号附3号(高滩岩地铁站4A口旁)", "城市": "重庆市", "标签": "医疗保健服务;专科医院;口腔医院", "区域名称": "沙坪坝区", "经度": 106.450318, "纬度": 29.539905, "电话": "023-65815053", "图片标题1": NaN, "图片地址1": "http://store.is.autonavi.com/showpic/44751d4f043dcd50b4dc4c845ddd9e30", "图片标题2": NaN, "图片地址2": NaN, "图片标题3": NaN, "图片地址3": NaN}
