{"名称": "四川美术学院美术馆", "地址": "大学城南路56号", "城市": "重庆市", "标签": "科教文化服务;美术馆;美术馆", "区域名称": "沙坪坝区", "经度": 106.300478, "纬度": 29.601526, "电话": NaN, "图片标题1": NaN, "图片地址1": "http://store.is.autonavi.com/showpic/70e966b70d631c2544bf0b6e55402b76", "图片标题2": NaN, "图片地址2": "http://store.is.autonavi.com/showpic/70e966b70d631c2544bf0b6e55402b76", "图片标题3": NaN, "图片地址3": "http://store.is.autonavi.com/showpic/a66586504f7f43d96b4dc901cb405f85"}
{"名称": "天韵文化艺术中心", "地址": "青木关镇青北下街127号(娇兰佳人)", "城市": "重庆市", "标签": "科教文化服务;美术馆;美术馆", "区域名称": "沙坪坝区", "经度": 106.307667, "纬度": 29.67478, "电话": "023-65605356;13500337872", "图片标题1": NaN, "图片地址1": "http://store.is.autonavi.com/showpic/c4c3074e8e93e1b792de09d06666c1c0", "图片标题2": NaN, "图片地址2": "http://store.is.autonavi.com/showpic/4de45cb83a396f7134f07721c6d570e0", "图片标题3": NaN, "图片地址3": NaN}
{"名称": "文星楼巴蜀画派美术馆", "地址": "渝培路119号", "城市": "重庆市", "标签": "科教文化服务;美术馆;美术馆", "区域名称": "沙坪坝区", "经度": 106.456108, "纬度": 29.559848, "电话": NaN, "图片标题1": NaN, "图片地址1": NaN, "图片标题2": NaN, "图片地址2": NaN, "图片标题3": NaN, "图片地址3": NaN}
{"名称": "磁器口冰雪世界艺术馆", "地址": "磁器口街道磁兴街2号附(地铁站1口步行380米)", "城市": "重庆市", "标签": "科教文化服务;美术馆;美术馆", "区域名称": "沙坪坝区", "经度": 106.447424, "纬度": 29.578842, "电话": "15346558777", "图片标题1": NaN, "图片地址1": "http://store.is.autonavi.com/showpic/694d91a7cbe407ad7c8b553d57af881a", "图片标题2": NaN, "图片地址2": "http://store.is.autonavi.com/showpic/6c0106e65bb2646ab5abb2b29388e800", "图片标题3": NaN, "图片地址3": NaN}
{"名称": "三合美术馆", "地址": "丰文街道三河村", "城市": "重庆市", "标签": "科教文化服务;美术馆;美术馆", "区域名称": "沙坪坝区", "经度": 106.285612, "纬度": 29.645527, "电话": NaN, "图片标题1": NaN, "图片地址1": "http://store.is.autonavi.com/showpic/ae371bddb2517e0730d0c0e3e01e3a0c", "图片标题2": NaN, "图片地址2": "http://store.is.autonavi.com/showpic/8e23272ba164f0c005054618a6bb005d", "图片标题3": NaN, "图片地址3": "http://store.is.autonavi.com/showpic/da18c8285c2ec114232799c2b9e57c7e"}
{"名称": "青花荟艺术馆", "地址": "香榭街南方新城北苑23号附10号", "城市": "重庆市", "标签": "科教文化服务;美术馆;美术馆", "区域名称": "沙坪坝区", "经度": 106.48273, "纬度": 29.539143, "电话": NaN, "图片标题1": NaN, "图片地址1": "http://store.is.autonavi.com/showpic/510adfe093f445294c8ef69df396d959", "图片标题2": NaN, "图片地址2": NaN, "图片标题3": NaN, "图片地址3": NaN}
{"名称": "生·美术馆", "地址": "大学城丰文街道萤火谷农场", "城市": "重庆市", "标签": "科教文化服务;美术馆;美术馆", "区域名称": "沙坪坝区", "经度": 106.2855, "纬度": 29.645629, "电话": NaN, "图片标题1": NaN, "图片地址1": NaN, "图片标题2": NaN, "图片地址2": NaN, "图片标题3": NaN, "图片地址3": NaN}
{"名称": "伴山漆艺术馆", "地址": "丰文街道三河村堰塘湾组56号", "城市": "重庆市", "标签": "科教文化服务;美术馆;美术馆", "区域名称": "沙坪坝区", "经度": 106.289149, "纬度": 29.643356, "电话": "13594286167", "图片标题1": NaN, "图片地址1": "http://store.is.autonavi.com/showpic/d39ae7195153e6ed4b179612bae58f2d", "图片标题2": NaN, "图片地址2": "http://store.is.autonavi.com/showpic/1422c75588d745ddb425fe89875242f0", "图片标题3": NaN, "图片地址3": "http://store.is.autonavi.com/showpic/5b3a9667d9575b48d1a2004adf319e05"}
{"名称": "乐萌兔美术馆(龙湖·U城天街)", "地址": "大学城北路97号龙湖·U城天街A馆F1层", "城市": "重庆市", "标签": "科教文化服务;美术馆;美术馆", "区域名称": "沙坪坝区", "经度": 106.293407, "纬度": 29.608344, "电话": "13658373665", "图片标题1": NaN, "图片地址1": "http://store.is.autonavi.com/showpic/c28bf626d0b13e6b6596f2220d64f7b9", "图片标题2": NaN, "图片地址2": NaN, "图片标题3": NaN, "图片地址3": NaN}
{"名称": "重庆大学艺术学院美术馆", "地址": "大学城南路55号重庆大学虎溪校区", "城市": "重庆市", "标签": "科教文化服务;美术馆;美术馆", "区域名称": "沙坪坝区", "经度": 106.297833, "纬度": 29.595766, "电话": NaN, "图片标题1": NaN, "图片地址1": NaN, "图片标题2": NaN, "图片地址2": NaN, "图片标题3": NaN, "图片地址3": NaN}
