{"名称": "磁器口古镇", "地址": "磁童路", "城市": "重庆市", "标签": "风景名胜;风景名胜;国家级景点", "区域名称": "沙坪坝区", "经度": 106.449691, "纬度": 29.581173, "电话": "023-65322661;023-66028333", "图片标题1": NaN, "图片地址1": "http://store.is.autonavi.com/showpic/0330c6007a58f3b995ac5fa59485235d", "图片标题2": NaN, "图片地址2": "http://aos-cdn-image.amap.com/sns/ugccomment/d9da97ba-5ac0-424a-b81d-cad684adf00e.jpg", "图片标题3": NaN, "图片地址3": "http://aos-cdn-image.amap.com/sns/ugccomment/0563885f-17e8-4b9a-b97f-ce1e60360f19.jpg"}
{"名称": "歌乐山国家森林公园", "地址": "歌乐山街道", "城市": "重庆市", "标签": "风景名胜;风景名胜;国家级景点", "区域名称": "沙坪坝区", "经度": 106.428283, "纬度": 29.567829, "电话": "023-65510647;023-65505778", "图片标题1": NaN, "图片地址1": "http://store.is.autonavi.com/showpic/10599f26e4ece4580d2daa2cac2533ab", "图片标题2": "歌乐山国家森林公园", "图片地址2": "http://store.is.autonavi.com/showpic/c0bd6054b7aca1407c2e71c4b000ee89", "图片标题3": "歌乐山国家森林公园", "图片地址3": "http://store.is.autonavi.com/showpic/88b094ce5214b26bbe1aa4bec87f6018"}
{"名称": "虎峰山景区", "地址": "曾家镇虎峰山村", "城市": "重庆市", "标签": "风景名胜;风景名胜;风景名胜", "区域名称": "沙坪坝区", "经度": 106.260352, "纬度": 29.539077, "电话": NaN, "图片标题1": NaN, "图片地址1": "http://store.is.autonavi.com/showpic/d8078a7b3d5be785ad5a547d12015771", "图片标题2": "虎峰山", "图片地址2": "http://store.is.autonavi.com/showpic/7b771c96ee0f400402de54a82ded5786", "图片标题3": "虎峰山", "图片地址3": "http://store.is.autonavi.com/showpic/73b2f568834970613bf714c9752c4d59"}
{"名称": "磁器口古镇", "地址": "磁童路", "城市": "重庆市", "标签": "风景名胜;风景名胜;国家级景点", "区域名称": "沙坪坝区", "经度": 106.449691, "纬度": 29.581173, "电话": "023-65322661;023-66028333", "图片标题1": NaN, "图片地址1": "http://store.is.autonavi.com/showpic/0330c6007a58f3b995ac5fa59485235d", "图片标题2": NaN, "图片地址2": "http://aos-cdn-image.amap.com/sns/ugccomment/d9da97ba-5ac0-424a-b81d-cad684adf00e.jpg", "图片标题3": NaN, "图片地址3": "http://aos-cdn-image.amap.com/sns/ugccomment/0563885f-17e8-4b9a-b97f-ce1e60360f19.jpg"}
{"名称": "歌乐山国家森林公园", "地址": "歌乐山街道", "城市": "重庆市", "标签": "风景名胜;风景名胜;国家级景点", "区域名称": "沙坪坝区", "经度": 106.428283, "纬度": 29.567829, "电话": "023-65510647;023-65505778", "图片标题1": NaN, "图片地址1": "http://store.is.autonavi.com/showpic/10599f26e4ece4580d2daa2cac2533ab", "图片标题2": "歌乐山国家森林公园", "图片地址2": "http://store.is.autonavi.com/showpic/c0bd6054b7aca1407c2e71c4b000ee89", "图片标题3": "歌乐山国家森林公园", "图片地址3": "http://store.is.autonavi.com/showpic/88b094ce5214b26bbe1aa4bec87f6018"}
{"名称": "虎峰山景区", "地址": "曾家镇虎峰山村", "城市": "重庆市", "标签": "风景名胜;风景名胜;风景名胜", "区域名称": "沙坪坝区", "经度": 106.260352, "纬度": 29.539077, "电话": NaN, "图片标题1": NaN, "图片地址1": "http://store.is.autonavi.com/showpic/d8078a7b3d5be785ad5a547d12015771", "图片标题2": "虎峰山", "图片地址2": "http://store.is.autonavi.com/showpic/7b771c96ee0f400402de54a82ded5786", "图片标题3": "虎峰山", "图片地址3": "http://store.is.autonavi.com/showpic/73b2f568834970613bf714c9752c4d59"}
{"名称": "莲花湖风景区", "地址": "曾家镇", "城市": "重庆市", "标签": "风景名胜;风景名胜;省级景点", "区域名称": "沙坪坝区", "经度": 106.281913, "纬度": 29.537964, "电话": "13896959669", "图片标题1": NaN, "图片地址1": "http://aos-cdn-image.amap.com/sns/ugccomment/79048ce9-4969-48a7-b807-330d4d18c3c8.jpg", "图片标题2": NaN, "图片地址2": "http://store.is.autonavi.com/showpic/131d1243133fe5cccbab6cc781033017", "图片标题3": NaN, "图片地址3": "http://store.is.autonavi.com/showpic/ec4143cec7118549a71aa43d8b6375ea"}
{"名称": "融汇温泉", "地址": "汇泉路6号", "城市": "重庆市", "标签": "风景名胜;风景名胜相关;旅游景点", "区域名称": "沙坪坝区", "经度": 106.440809, "纬度": 29.540782, "电话": "023-65269999", "图片标题1": NaN, "图片地址1": "http://store.is.autonavi.com/showpic/4ed9e60fd22b5cde4261f024af4a3a9b", "图片标题2": NaN, "图片地址2": "http://store.is.autonavi.com/showpic/35ef40e9b1792dc6e87005ad88285fe2", "图片标题3": NaN, "图片地址3": "http://store.is.autonavi.com/showpic/7844f4cf2b3958b882dc35bad50c14b9"}
{"名称": "龙泉洞", "地址": "下土湾路", "城市": "重庆市", "标签": "风景名胜;风景名胜;风景名胜", "区域名称": "沙坪坝区", "经度": 106.487249, "纬度": 29.550371, "电话": NaN, "图片标题1": NaN, "图片地址1": "http://store.is.autonavi.com/showpic/ee73d74b6fa99f9ec31c96f4f0cb1363", "图片标题2": "龙泉洞", "图片地址2": "http://store.is.autonavi.com/showpic/eabae34bf23a3cb2acb7888a450685d1", "图片标题3": NaN, "图片地址3": "http://store.is.autonavi.com/showpic/22ee68c1a1462d31a3bd21137afc7b7d"}
{"名称": "沙坪公园", "地址": "天陈路52号", "城市": "重庆市", "标签": "风景名胜;公园广场;公园", "区域名称": "沙坪坝区", "经度": 106.455139, "纬度": 29.551507, "电话": "023-65318936;023-65311958", "图片标题1": NaN, "图片地址1": "http://store.is.autonavi.com/showpic/298b1355e028adf7382afb24653f0206", "图片标题2": NaN, "图片地址2": "http://store.is.autonavi.com/showpic/fb1706a249f3e91ab690245e1bb1afad", "图片标题3": NaN, "图片地址3": "http://store.is.autonavi.com/showpic/8b414bedba2b56e359b355d153d32457"}
{"名称": "太寺垭森林公园", "地址": "中梁镇新发村后槽路", "城市": "重庆市", "标签": "风景名胜;公园广场;公园", "区域名称": "沙坪坝区", "经度": 106.415665, "纬度": 29.73511, "电话": "023-65551335", "图片标题1": NaN, "图片地址1": "http://aos-cdn-image.amap.com/sns/ugccomment/398dc237-b4a9-4cdc-ba64-9155d61df5ed.jpg", "图片标题2": NaN, "图片地址2": "http://aos-cdn-image.amap.com/sns/ugccomment/398dc237-b4a9-4cdc-ba64-9155d61df5ed.jpg", "图片标题3": NaN, "图片地址3": "http://aos-cdn-image.amap.com/sns/ugccomment/4c7cf6c8-2bf6-4905-bf1a-56ca31dc4c83.jpg"}
{"名称": "圣恩堂", "地址": "天星桥正街42-15号附近", "城市": "重庆市", "标签": "风景名胜;风景名胜;教堂|政府机构及社会团体;社会团体;教会", "区域名称": "沙坪坝区", "经度": 106.453443, "纬度": 29.545376, "电话": NaN, "图片标题1": NaN, "图片地址1": "http://store.is.autonavi.com/showpic/b15c71c7b99e67545211068df14739c3", "图片标题2": NaN, "图片地址2": "http://store.is.autonavi.com/showpic/604583a2b3e84defe38861a80b9a834e", "图片标题3": NaN, "图片地址3": NaN}
{"名称": "梅园(暂停开放)", "地址": "凌云路西50米", "城市": "重庆市", "标签": "风景名胜;风景名胜;风景名胜", "区域名称": "沙坪坝区", "经度": 106.434221, "纬度": 29.581768, "电话": NaN, "图片标题1": NaN, "图片地址1": "http://store.is.autonavi.com/showpic/d05cc07dd5bb56def181cb09de3baed7", "图片标题2": NaN, "图片地址2": "http://aos-cdn-image.amap.com/sns/ugccomment/3caca685-ec9f-4648-9fc3-1f1613dbbc08.jpg", "图片标题3": NaN, "图片地址3": NaN}
{"名称": "重庆歌乐山革命纪念馆", "地址": "烈士墓政法三村63号", "城市": "重庆市", "标签": "风景名胜;风景名胜;纪念馆", "区域名称": "沙坪坝区", "经度": 106.442057, "纬度": 29.572096, "电话": "023-65313528", "图片标题1": NaN, "图片地址1": "http://store.is.autonavi.com/showpic/8329ac7e50cc5108a4ed87c52fd33d09", "图片标题2": NaN, "图片地址2": "http://store.is.autonavi.com/showpic/3e3ef1b743a3ceb8a4d96c22b0362ff6", "图片标题3": NaN, "图片地址3": "http://store.is.autonavi.com/showpic/9180501bf7597b364b18a9bda22baa8d"}
{"名称": "基督教堂", "地址": "歌乐山街106号附1号", "城市": "重庆市", "标签": "风景名胜;风景名胜;教堂", "区域名称": "沙坪坝区", "经度": 106.419096, "纬度": 29.569577, "电话": NaN, "图片标题1": NaN, "图片地址1": "http://aos-cdn-image.amap.com/sns/ugccomment/ca2627fe-99dc-4be3-be2a-47b2a9f36442.jpg", "图片标题2": NaN, "图片地址2": "http://aos-cdn-image.amap.com/sns/ugccomment/7311186b-feba-4f04-8862-6932f5bd59a8.jpg", "图片标题3": NaN, "图片地址3": "http://store.is.autonavi.com/showpic/05aaf2a80c25fea680a1b99deabc1fdd"}
{"名称": "平顶山文化公园", "地址": "石小路", "城市": "重庆市", "标签": "风景名胜;公园广场;公园", "区域名称": "沙坪坝区", "经度": 106.474163, "纬度": 29.547145, "电话": "023-65422238", "图片标题1": NaN, "图片地址1": "http://store.is.autonavi.com/showpic/e470e1ac66d63828e476bd138fa0407e", "图片标题2": NaN, "图片地址2": "http://store.is.autonavi.com/showpic/0b0642cc902ded2ce0a4f9cd1b086804", "图片标题3": NaN, "图片地址3": "http://store.is.autonavi.com/showpic/dbdd782ba444bd88a5903faf5bb832ba"}
