{"名称": "梁滩河", "地址": "沙坪坝区", "城市": "重庆市", "标签": "地名地址信息;自然地名;河流", "区域名称": "沙坪坝区", "经度": 106.380638, "纬度": 29.622174, "电话": NaN}
{"名称": "嘉陵江", "地址": "沙坪坝区", "城市": "重庆市", "标签": "地名地址信息;自然地名;河流", "区域名称": "沙坪坝区", "经度": 106.454159, "纬度": 29.619248, "电话": NaN}
{"名称": "凤凰溪", "地址": "沙坪坝区", "城市": "重庆市", "标签": "地名地址信息;自然地名;河流", "区域名称": "沙坪坝区", "经度": 106.451812, "纬度": 29.583108, "电话": NaN}
{"名称": "清水溪", "地址": "沙坪坝区", "城市": "重庆市", "标签": "地名地址信息;自然地名;河流", "区域名称": "沙坪坝区", "经度": 106.448389, "纬度": 29.553894, "电话": NaN}
{"名称": "清水溪", "地址": "沙坪坝区", "城市": "重庆市", "标签": "地名地址信息;自然地名;河流", "区域名称": "沙坪坝区", "经度": 106.453412, "纬度": 29.581327, "电话": NaN}
{"名称": "清水溪", "地址": "沙坪坝区", "城市": "重庆市", "标签": "地名地址信息;自然地名;河流", "区域名称": "沙坪坝区", "经度": 106.445347, "纬度": 29.531472, "电话": NaN}
{"名称": "梁滩河", "地址": "沙坪坝区", "城市": "重庆市", "标签": "地名地址信息;自然地名;河流", "区域名称": "沙坪坝区", "经度": 106.379033, "纬度": 29.552632, "电话": NaN}
{"名称": "梁滩河", "地址": "沙坪坝区", "城市": "重庆市", "标签": "地名地址信息;自然地名;河流", "区域名称": "沙坪坝区", "经度": 106.348717, "纬度": 29.657225, "电话": NaN}
{"名称": "梁滩河", "地址": "沙坪坝区", "城市": "重庆市", "标签": "地名地址信息;自然地名;河流", "区域名称": "沙坪坝区", "经度": 106.348855, "纬度": 29.686139, "电话": NaN}
{"名称": "梁滩河", "地址": "沙坪坝区", "城市": "重庆市", "标签": "地名地址信息;自然地名;河流", "区域名称": "沙坪坝区", "经度": 106.384059, "纬度": 29.73717, "电话": NaN}
