{"名称": "斐然湖", "地址": "沙坪坝区", "城市": "重庆市", "标签": "地名地址信息;自然地名;湖泊", "区域名称": "沙坪坝区", "经度": 106.420423, "纬度": 29.694988, "电话": NaN, "图片标题1": NaN, "图片地址1": NaN, "图片标题2": NaN, "图片地址2": NaN, "图片标题3": NaN, "图片地址3": NaN}
{"名称": "余家湾水库", "地址": "沙坪坝区", "城市": "重庆市", "标签": "地名地址信息;自然地名;湖泊", "区域名称": "沙坪坝区", "经度": 106.40952, "纬度": 29.613107, "电话": NaN, "图片标题1": NaN, "图片地址1": "http://aos-cdn-image.amap.com/sns/ugccomment/f7e41afb-ab78-4597-b5a6-789c3d4e833b.jpg", "图片标题2": NaN, "图片地址2": NaN, "图片标题3": NaN, "图片地址3": NaN}
{"名称": "石堰口水库", "地址": "沙坪坝区", "城市": "重庆市", "标签": "地名地址信息;自然地名;湖泊", "区域名称": "沙坪坝区", "经度": 106.389022, "纬度": 29.544496, "电话": NaN, "图片标题1": NaN, "图片地址1": "http://aos-cdn-image.amap.com/sns/ugccomment/ce2c36e3-eb5b-41ff-8378-0b6bb9f64d94.jpg", "图片标题2": NaN, "图片地址2": NaN, "图片标题3": NaN, "图片地址3": NaN}
{"名称": "石花水库", "地址": "沙坪坝区", "城市": "重庆市", "标签": "地名地址信息;自然地名;湖泊", "区域名称": "沙坪坝区", "经度": 106.320188, "纬度": 29.644121, "电话": NaN, "图片标题1": NaN, "图片地址1": NaN, "图片标题2": NaN, "图片地址2": NaN, "图片标题3": NaN, "图片地址3": NaN}
{"名称": "工农水库", "地址": "沙坪坝区", "城市": "重庆市", "标签": "地名地址信息;自然地名;湖泊", "区域名称": "沙坪坝区", "经度": 106.314909, "纬度": 29.662029, "电话": NaN, "图片标题1": NaN, "图片地址1": "http://store.is.autonavi.com/showpic/03c6274b7b53335872923bb42361794e", "图片标题2": NaN, "图片地址2": "http://store.is.autonavi.com/showpic/4864c0e40747515cce2e46d946bbea79", "图片标题3": NaN, "图片地址3": "http://store.is.autonavi.com/showpic/672d0aecc8d55f4cf2aac9e6854537c1"}
{"名称": "幸福水库", "地址": "沙坪坝区", "城市": "重庆市", "标签": "地名地址信息;自然地名;湖泊", "区域名称": "沙坪坝区", "经度": 106.280507, "纬度": 29.53838, "电话": NaN, "图片标题1": NaN, "图片地址1": NaN, "图片标题2": NaN, "图片地址2": NaN, "图片标题3": NaN, "图片地址3": NaN}
{"名称": "矿厂沟水库", "地址": "沙坪坝区", "城市": "重庆市", "标签": "地名地址信息;自然地名;湖泊", "区域名称": "沙坪坝区", "经度": 106.270592, "纬度": 29.573512, "电话": NaN, "图片标题1": NaN, "图片地址1": NaN, "图片标题2": NaN, "图片地址2": NaN, "图片标题3": NaN, "图片地址3": NaN}
{"名称": "新民水库", "地址": "沙坪坝区", "城市": "重庆市", "标签": "地名地址信息;自然地名;湖泊", "区域名称": "沙坪坝区", "经度": 106.389608, "纬度": 29.561339, "电话": NaN, "图片标题1": NaN, "图片地址1": NaN, "图片标题2": NaN, "图片地址2": NaN, "图片标题3": NaN, "图片地址3": NaN}
{"名称": "石马山水库", "地址": "沙坪坝区", "城市": "重庆市", "标签": "地名地址信息;自然地名;湖泊", "区域名称": "沙坪坝区", "经度": 106.279045, "纬度": 29.592479, "电话": NaN, "图片标题1": NaN, "图片地址1": NaN, "图片标题2": NaN, "图片地址2": NaN, "图片标题3": NaN, "图片地址3": NaN}
{"名称": "下大天池", "地址": "沙坪坝区", "城市": "重庆市", "标签": "地名地址信息;自然地名;湖泊", "区域名称": "沙坪坝区", "经度": 106.407804, "纬度": 29.563954, "电话": NaN, "图片标题1": NaN, "图片地址1": NaN, "图片标题2": NaN, "图片地址2": NaN, "图片标题3": NaN, "图片地址3": NaN}
{"名称": "上大天池", "地址": "沙坪坝区", "城市": "重庆市", "标签": "地名地址信息;自然地名;湖泊", "区域名称": "沙坪坝区", "经度": 106.408372, "纬度": 29.572954, "电话": NaN, "图片标题1": NaN, "图片地址1": NaN, "图片标题2": NaN, "图片地址2": NaN, "图片标题3": NaN, "图片地址3": NaN}
{"名称": "劳动水库", "地址": "沙坪坝区", "城市": "重庆市", "标签": "地名地址信息;自然地名;湖泊", "区域名称": "沙坪坝区", "经度": 106.283991, "纬度": 29.631679, "电话": NaN, "图片标题1": NaN, "图片地址1": "http://store.is.autonavi.com/showpic/9db1d2ad76ea007a24a7533df039f845", "图片标题2": NaN, "图片地址2": NaN, "图片标题3": NaN, "图片地址3": NaN}
{"名称": "凌云水库", "地址": "沙坪坝区", "城市": "重庆市", "标签": "地名地址信息;自然地名;湖泊", "区域名称": "沙坪坝区", "经度": 106.424794, "纬度": 29.59556, "电话": NaN, "图片标题1": NaN, "图片地址1": NaN, "图片标题2": NaN, "图片地址2": NaN, "图片标题3": NaN, "图片地址3": NaN}
{"名称": "新堰塘", "地址": "沙坪坝区", "城市": "重庆市", "标签": "地名地址信息;自然地名;湖泊", "区域名称": "沙坪坝区", "经度": 106.345666, "纬度": 29.64051, "电话": NaN, "图片标题1": NaN, "图片地址1": NaN, "图片标题2": NaN, "图片地址2": NaN, "图片标题3": NaN, "图片地址3": NaN}
{"名称": "厚福湖", "地址": "沙坪坝区", "城市": "重庆市", "标签": "地名地址信息;自然地名;湖泊", "区域名称": "沙坪坝区", "经度": 106.417773, "纬度": 29.735041, "电话": NaN, "图片标题1": NaN, "图片地址1": "http://store.is.autonavi.com/showpic/a2ff7d0a2c9a48d0201afbf3793f8df6", "图片标题2": NaN, "图片地址2": NaN, "图片标题3": NaN, "图片地址3": NaN}
{"名称": "菁云湖", "地址": "沙坪坝区", "城市": "重庆市", "标签": "地名地址信息;自然地名;湖泊", "区域名称": "沙坪坝区", "经度": 106.330867, "纬度": 29.711439, "电话": NaN, "图片标题1": NaN, "图片地址1": "https://aos-comment.amap.com/B0H6GHZ12B/headerImg/891f8248cccbbec0df4262a0921444c2_2048_2048_80.jpg", "图片标题2": NaN, "图片地址2": "https://aos-comment.amap.com/B0H6GHZ12B/headerImg/64b087ba0e34a35fec54e94d418194b5_2048_2048_80.jpg", "图片标题3": NaN, "图片地址3": NaN}
{"名称": "万宝水库", "地址": "沙坪坝区", "城市": "重庆市", "标签": "地名地址信息;自然地名;湖泊", "区域名称": "沙坪坝区", "经度": 106.31499, "纬度": 29.619285, "电话": NaN, "图片标题1": NaN, "图片地址1": NaN, "图片标题2": NaN, "图片地址2": NaN, "图片标题3": NaN, "图片地址3": NaN}
{"名称": "大桥水库", "地址": "沙坪坝区", "城市": "重庆市", "标签": "地名地址信息;自然地名;湖泊", "区域名称": "沙坪坝区", "经度": 106.398647, "纬度": 29.703141, "电话": NaN, "图片标题1": NaN, "图片地址1": NaN, "图片标题2": NaN, "图片地址2": NaN, "图片标题3": NaN, "图片地址3": NaN}
{"名称": "云湖", "地址": "沙坪坝区", "城市": "重庆市", "标签": "地名地址信息;自然地名;湖泊", "区域名称": "沙坪坝区", "经度": 106.302627, "纬度": 29.594063, "电话": NaN, "图片标题1": NaN, "图片地址1": NaN, "图片标题2": NaN, "图片地址2": NaN, "图片标题3": NaN, "图片地址3": NaN}
{"名称": "缙湖", "地址": "沙坪坝区", "城市": "重庆市", "标签": "地名地址信息;自然地名;湖泊", "区域名称": "沙坪坝区", "经度": 106.297705, "纬度": 29.592887, "电话": NaN, "图片标题1": NaN, "图片地址1": NaN, "图片标题2": NaN, "图片地址2": NaN, "图片标题3": NaN, "图片地址3": NaN}
{"名称": "杨家沟水库", "地址": "沙坪坝区", "城市": "重庆市", "标签": "地名地址信息;自然地名;湖泊", "区域名称": "沙坪坝区", "经度": 106.284373, "纬度": 29.611247, "电话": NaN, "图片标题1": NaN, "图片地址1": "http://aos-cdn-image.amap.com/sns/ugccomment/7f2eb4f1-1dc5-43b9-8dbc-607b43a621e2.jpg", "图片标题2": NaN, "图片地址2": NaN, "图片标题3": NaN, "图片地址3": NaN}
