{"名称": "红岩魂陈列馆(暂停营业)", "地址": "政法三村63号", "城市": "重庆市", "标签": "科教文化服务;展览馆;展览馆", "区域名称": "沙坪坝区", "经度": 106.442336, "纬度": 29.572052, "电话": ";023-62803835", "图片标题1": NaN, "图片地址1": "http://store.is.autonavi.com/showpic/eae0aa21c95c09e1fbd2d52f9bf92a45", "图片标题2": NaN, "图片地址2": "http://store.is.autonavi.com/showpic/436ed62d303573d39c3fd5aadb9f747d", "图片标题3": NaN, "图片地址3": "http://store.is.autonavi.com/showpic/6af47da83438ca25d1582d984e67a203"}
{"名称": "重庆大学-校史馆", "地址": "沙坪坝正街174号重庆大学", "城市": "重庆市", "标签": "科教文化服务;展览馆;展览馆", "区域名称": "沙坪坝区", "经度": 106.472312, "纬度": 29.564109, "电话": NaN, "图片标题1": NaN, "图片地址1": "http://store.is.autonavi.com/showpic/d04959f0f4dfc7b28f4bed3404d6fc4a", "图片标题2": NaN, "图片地址2": NaN, "图片标题3": NaN, "图片地址3": NaN}
{"名称": "重庆谈判陈列馆", "地址": "歌乐山街38号", "城市": "重庆市", "标签": "科教文化服务;展览馆;展览馆", "区域名称": "沙坪坝区", "经度": 106.418535, "纬度": 29.568132, "电话": NaN, "图片标题1": NaN, "图片地址1": "http://store.is.autonavi.com/showpic/565373f64345d5b437fbf087f3dd1fd9", "图片标题2": NaN, "图片地址2": "http://store.is.autonavi.com/showpic/82f6dcbaf4aa43f3c758205f152cd69c", "图片标题3": NaN, "图片地址3": NaN}
{"名称": "磁器口-巴渝民居馆", "地址": "磁南街1号磁器口", "城市": "重庆市", "标签": "科教文化服务;展览馆;展览馆", "区域名称": "沙坪坝区", "经度": 106.450944, "纬度": 29.583498, "电话": NaN, "图片标题1": "巴渝民居馆", "图片地址1": "http://store.is.autonavi.com/showpic/016b8dd040188be3532eda4e60553980", "图片标题2": "巴渝民居馆", "图片地址2": "http://store.is.autonavi.com/showpic/bfaee28b9c5e8e42d0db9eac02a4a0fd", "图片标题3": NaN, "图片地址3": "http://store.is.autonavi.com/showpic/bbb6f7ec12a13709a12f0f01bfe149a7"}
{"名称": "丁肇中展览馆", "地址": "磁正街128号", "城市": "重庆市", "标签": "科教文化服务;展览馆;展览馆", "区域名称": "沙坪坝区", "经度": 106.450843, "纬度": 29.579542, "电话": NaN, "图片标题1": NaN, "图片地址1": "http://store.is.autonavi.com/showpic/55812e78a3109f1e8a1cd610", "图片标题2": NaN, "图片地址2": NaN, "图片标题3": NaN, "图片地址3": NaN}
{"名称": "嘉滨楼历史文化陈列馆", "地址": "磁器口汲水巷3号", "城市": "重庆市", "标签": "科教文化服务;展览馆;展览馆", "区域名称": "沙坪坝区", "经度": 106.451261, "纬度": 29.578892, "电话": NaN, "图片标题1": NaN, "图片地址1": "http://store.is.autonavi.com/showpic/44b694d72aec6965143f6f1ddf65919a", "图片标题2": NaN, "图片地址2": "http://store.is.autonavi.com/showpic/8d9e511b4bb59877610d0adacd5ea9c2", "图片标题3": NaN, "图片地址3": "http://store.is.autonavi.com/showpic/79f1c71d69f40df77e1b59d3cd4f6dde"}
{"名称": "纤夫展览馆", "地址": "磁南街1号磁器口", "城市": "重庆市", "标签": "科教文化服务;展览馆;展览馆", "区域名称": "沙坪坝区", "经度": 106.452504, "纬度": 29.582573, "电话": NaN, "图片标题1": NaN, "图片地址1": NaN, "图片标题2": NaN, "图片地址2": NaN, "图片标题3": NaN, "图片地址3": NaN}
{"名称": "ArTech Hub 艺术磁场", "地址": "磁器口后街16号附8号(磁器口地铁站1号口步行310米)", "城市": "重庆市", "标签": "科教文化服务;展览馆;展览馆", "区域名称": "沙坪坝区", "经度": 106.447597, "纬度": 29.578609, "电话": "19122379355", "图片标题1": NaN, "图片地址1": "http://store.is.autonavi.com/showpic/8c42c86bb12a8e50ecfb77e50182a153", "图片标题2": NaN, "图片地址2": "http://store.is.autonavi.com/showpic/3b6a202db1938cd5363f6a80d14c8f8f", "图片标题3": NaN, "图片地址3": "http://store.is.autonavi.com/showpic/3ac45e31954f167266d516599caf5477"}
{"名称": "爱肉艺术馆", "地址": "磁童路与金磁路交叉口北60米", "城市": "重庆市", "标签": "科教文化服务;展览馆;展览馆", "区域名称": "沙坪坝区", "经度": 106.448051, "纬度": 29.578224, "电话": NaN, "图片标题1": NaN, "图片地址1": "http://store.is.autonavi.com/showpic/578a758bb5f314017f27c6b6e9fe22a5", "图片标题2": NaN, "图片地址2": NaN, "图片标题3": NaN, "图片地址3": NaN}
{"名称": "杨虎城将军纪念室", "地址": "凌云路附近", "城市": "重庆市", "标签": "科教文化服务;展览馆;展览馆", "区域名称": "沙坪坝区", "经度": 106.43138, "纬度": 29.577735, "电话": NaN, "图片标题1": NaN, "图片地址1": "http://store.is.autonavi.com/showpic/46be0a2dbb41b4c5dc38c581f3fb9990", "图片标题2": NaN, "图片地址2": "http://store.is.autonavi.com/showpic/2cce47a43e9b926ec789707e04326a5b", "图片标题3": NaN, "图片地址3": "http://store.is.autonavi.com/showpic/8c8d2933823ef638d2964599b033a7b3"}
{"名称": "张学良杨虎城生平事迹展览", "地址": "凌云路松林坡", "城市": "重庆市", "标签": "科教文化服务;展览馆;展览馆", "区域名称": "沙坪坝区", "经度": 106.431647, "纬度": 29.578211, "电话": NaN, "图片标题1": NaN, "图片地址1": "http://store.is.autonavi.com/showpic/f9d0ff14f788c35f7463498c893e6deb", "图片标题2": NaN, "图片地址2": NaN, "图片标题3": NaN, "图片地址3": NaN}
{"名称": "沙坪坝街道社区陈列馆(暂停营业)", "地址": "沙坪坝正街80号", "城市": "重庆市", "标签": "科教文化服务;展览馆;展览馆", "区域名称": "沙坪坝区", "经度": 106.463856, "纬度": 29.56432, "电话": NaN, "图片标题1": NaN, "图片地址1": "http://store.is.autonavi.com/showpic/91b1c54f610a84ed04171d330687d285", "图片标题2": NaN, "图片地址2": NaN, "图片标题3": NaN, "图片地址3": NaN}
{"名称": "四川美术学院影视动画学院-陈列展览馆", "地址": "四川美术学院虎溪校区重庆美院公寓", "城市": "重庆市", "标签": "科教文化服务;展览馆;展览馆", "区域名称": "沙坪坝区", "经度": 106.29803, "纬度": 29.59926, "电话": NaN, "图片标题1": NaN, "图片地址1": NaN, "图片标题2": NaN, "图片地址2": NaN, "图片标题3": NaN, "图片地址3": NaN}
{"名称": "重庆电子工程职业学院展览馆", "地址": "大学城东路76号重庆电子工程职业学院", "城市": "重庆市", "标签": "科教文化服务;展览馆;展览馆", "区域名称": "沙坪坝区", "经度": 106.322953, "纬度": 29.616763, "电话": NaN, "图片标题1": NaN, "图片地址1": "http://store.is.autonavi.com/showpic/60b99a918abbff8fda5cbb55518e6a43", "图片标题2": NaN, "图片地址2": NaN, "图片标题3": NaN, "图片地址3": NaN}
{"名称": "重庆西永综合保税区规划展示厅", "地址": "西永天街4号南侧", "城市": "重庆市", "标签": "科教文化服务;展览馆;展览馆", "区域名称": "沙坪坝区", "经度": 106.375351, "纬度": 29.598005, "电话": NaN, "图片标题1": NaN, "图片地址1": NaN, "图片标题2": NaN, "图片地址2": NaN, "图片标题3": NaN, "图片地址3": NaN}
