{"名称": "虎峰山", "地址": "沙坪坝区", "城市": "重庆市", "标签": "地名地址信息;自然地名;山", "区域名称": "沙坪坝区", "经度": 106.251488, "纬度": 29.541249, "电话": NaN, "图片标题1": NaN, "图片地址1": "https://aos-comment.amap.com/B00170KXDL/headerImg/c653daf7ec8b3d7573d15edf75301eb6_2048_2048_80.jpg", "图片标题2": NaN, "图片地址2": "https://aos-comment.amap.com/B00170KXDL/headerImg/54fc24738faa0ade1f5891859f0b1506_2048_2048_80.jpg", "图片标题3": NaN, "图片地址3": "https://aos-comment.amap.com/B00170KXDL/headerImg/4af189dcfc7f082ecd269301ef2023c1_2048_2048_80.jpg"}
{"名称": "芭蕉沟", "地址": "沙坪坝区", "城市": "重庆市", "标签": "地名地址信息;自然地名;山", "区域名称": "沙坪坝区", "经度": 106.427244, "纬度": 29.558156, "电话": NaN, "图片标题1": NaN, "图片地址1": NaN, "图片标题2": NaN, "图片地址2": NaN, "图片标题3": NaN, "图片地址3": NaN}
{"名称": "中梁山", "地址": "沙坪坝区", "城市": "重庆市", "标签": "地名地址信息;自然地名;山", "区域名称": "沙坪坝区", "经度": 106.412364, "纬度": 29.653759, "电话": NaN, "图片标题1": NaN, "图片地址1": NaN, "图片标题2": NaN, "图片地址2": NaN, "图片标题3": NaN, "图片地址3": NaN}
{"名称": "马鞍山", "地址": "沙坪坝区", "城市": "重庆市", "标签": "地名地址信息;自然地名;山", "区域名称": "沙坪坝区", "经度": 106.424625, "纬度": 29.659951, "电话": NaN, "图片标题1": NaN, "图片地址1": NaN, "图片标题2": NaN, "图片地址2": NaN, "图片标题3": NaN, "图片地址3": NaN}
{"名称": "紫金沟", "地址": "沙坪坝区", "城市": "重庆市", "标签": "地名地址信息;自然地名;山", "区域名称": "沙坪坝区", "经度": 106.433018, "纬度": 29.537035, "电话": NaN, "图片标题1": NaN, "图片地址1": NaN, "图片标题2": NaN, "图片地址2": NaN, "图片标题3": NaN, "图片地址3": NaN}
{"名称": "李家湾", "地址": "沙坪坝区", "城市": "重庆市", "标签": "地名地址信息;自然地名;山", "区域名称": "沙坪坝区", "经度": 106.294507, "纬度": 29.563143, "电话": NaN, "图片标题1": NaN, "图片地址1": NaN, "图片标题2": NaN, "图片地址2": NaN, "图片标题3": NaN, "图片地址3": NaN}
{"名称": "狮子山", "地址": "沙坪坝区", "城市": "重庆市", "标签": "地名地址信息;自然地名;山", "区域名称": "沙坪坝区", "经度": 106.328622, "纬度": 29.657998, "电话": NaN, "图片标题1": NaN, "图片地址1": NaN, "图片标题2": NaN, "图片地址2": NaN, "图片标题3": NaN, "图片地址3": NaN}
{"名称": "杨家沟", "地址": "沙坪坝区", "城市": "重庆市", "标签": "地名地址信息;自然地名;山", "区域名称": "沙坪坝区", "经度": 106.266575, "纬度": 29.566379, "电话": NaN, "图片标题1": NaN, "图片地址1": NaN, "图片标题2": NaN, "图片地址2": NaN, "图片标题3": NaN, "图片地址3": NaN}
{"名称": "鸡公山", "地址": "沙坪坝区", "城市": "重庆市", "标签": "地名地址信息;自然地名;山", "区域名称": "沙坪坝区", "经度": 106.346758, "纬度": 29.655258, "电话": NaN, "图片标题1": NaN, "图片地址1": NaN, "图片标题2": NaN, "图片地址2": NaN, "图片标题3": NaN, "图片地址3": NaN}
{"名称": "张家沟", "地址": "沙坪坝区", "城市": "重庆市", "标签": "地名地址信息;自然地名;山", "区域名称": "沙坪坝区", "经度": 106.314217, "纬度": 29.702538, "电话": NaN, "图片标题1": NaN, "图片地址1": NaN, "图片标题2": NaN, "图片地址2": NaN, "图片标题3": NaN, "图片地址3": NaN}
{"名称": "李家沟", "地址": "沙坪坝区", "城市": "重庆市", "标签": "地名地址信息;自然地名;山", "区域名称": "沙坪坝区", "经度": 106.269864, "纬度": 29.555554, "电话": NaN, "图片标题1": NaN, "图片地址1": NaN, "图片标题2": NaN, "图片地址2": NaN, "图片标题3": NaN, "图片地址3": NaN}
{"名称": "龙井山", "地址": "沙坪坝区", "城市": "重庆市", "标签": "地名地址信息;自然地名;山", "区域名称": "沙坪坝区", "经度": 106.291099, "纬度": 29.55946, "电话": NaN, "图片标题1": NaN, "图片地址1": NaN, "图片标题2": NaN, "图片地址2": NaN, "图片标题3": NaN, "图片地址3": NaN}
{"名称": "佛耳岩", "地址": "沙坪坝区", "城市": "重庆市", "标签": "地名地址信息;自然地名;山", "区域名称": "沙坪坝区", "经度": 106.311686, "纬度": 29.618672, "电话": NaN, "图片标题1": NaN, "图片地址1": NaN, "图片标题2": NaN, "图片地址2": NaN, "图片标题3": NaN, "图片地址3": NaN}
{"名称": "老虎洞", "地址": "沙坪坝区", "城市": "重庆市", "标签": "地名地址信息;自然地名;山", "区域名称": "沙坪坝区", "经度": 106.402261, "纬度": 29.593784, "电话": NaN, "图片标题1": NaN, "图片地址1": NaN, "图片标题2": NaN, "图片地址2": NaN, "图片标题3": NaN, "图片地址3": NaN}
{"名称": "轿顶山", "地址": "沙坪坝区", "城市": "重庆市", "标签": "地名地址信息;自然地名;山", "区域名称": "沙坪坝区", "经度": 106.350667, "纬度": 29.584583, "电话": NaN, "图片标题1": NaN, "图片地址1": "http://aos-cdn-image.amap.com/sns/ugccomment/4aad25c5-a816-43d3-8e4c-4e81a55034ef.jpg", "图片标题2": NaN, "图片地址2": "http://store.is.autonavi.com/showpic/622d1ede1e1ae763335b063108bbd2ff", "图片标题3": NaN, "图片地址3": NaN}
{"名称": "香炉山", "地址": "沙坪坝区", "城市": "重庆市", "标签": "地名地址信息;自然地名;山", "区域名称": "沙坪坝区", "经度": 106.356006, "纬度": 29.569939, "电话": NaN, "图片标题1": NaN, "图片地址1": NaN, "图片标题2": NaN, "图片地址2": NaN, "图片标题3": NaN, "图片地址3": NaN}
{"名称": "真武山", "地址": "沙坪坝区", "城市": "重庆市", "标签": "地名地址信息;自然地名;山", "区域名称": "沙坪坝区", "经度": 106.366082, "纬度": 29.68923, "电话": NaN, "图片标题1": NaN, "图片地址1": NaN, "图片标题2": NaN, "图片地址2": NaN, "图片标题3": NaN, "图片地址3": NaN}
{"名称": "菜子沟", "地址": "沙坪坝区", "城市": "重庆市", "标签": "地名地址信息;自然地名;山", "区域名称": "沙坪坝区", "经度": 106.262377, "纬度": 29.56175, "电话": NaN, "图片标题1": NaN, "图片地址1": NaN, "图片标题2": NaN, "图片地址2": NaN, "图片标题3": NaN, "图片地址3": NaN}
{"名称": "伍家沟", "地址": "沙坪坝区", "城市": "重庆市", "标签": "地名地址信息;自然地名;山", "区域名称": "沙坪坝区", "经度": 106.274055, "纬度": 29.601936, "电话": NaN, "图片标题1": NaN, "图片地址1": NaN, "图片标题2": NaN, "图片地址2": NaN, "图片标题3": NaN, "图片地址3": NaN}
{"名称": "半坡", "地址": "沙坪坝区", "城市": "重庆市", "标签": "地名地址信息;自然地名;山", "区域名称": "沙坪坝区", "经度": 106.370707, "纬度": 29.652172, "电话": NaN, "图片标题1": NaN, "图片地址1": NaN, "图片标题2": NaN, "图片地址2": NaN, "图片标题3": NaN, "图片地址3": NaN}
{"名称": "半坡", "地址": "沙坪坝区", "城市": "重庆市", "标签": "地名地址信息;自然地名;山", "区域名称": "沙坪坝区", "经度": 106.426962, "纬度": 29.708444, "电话": NaN, "图片标题1": NaN, "图片地址1": NaN, "图片标题2": NaN, "图片地址2": NaN, "图片标题3": NaN, "图片地址3": NaN}
{"名称": "桐子沟", "地址": "沙坪坝区", "城市": "重庆市", "标签": "地名地址信息;自然地名;山", "区域名称": "沙坪坝区", "经度": 106.260744, "纬度": 29.577461, "电话": NaN, "图片标题1": NaN, "图片地址1": NaN, "图片标题2": NaN, "图片地址2": NaN, "图片标题3": NaN, "图片地址3": NaN}
{"名称": "白石山", "地址": "沙坪坝区", "城市": "重庆市", "标签": "地名地址信息;自然地名;山", "区域名称": "沙坪坝区", "经度": 106.430164, "纬度": 29.596112, "电话": NaN, "图片标题1": NaN, "图片地址1": NaN, "图片标题2": NaN, "图片地址2": NaN, "图片标题3": NaN, "图片地址3": NaN}
{"名称": "横担山", "地址": "沙坪坝区", "城市": "重庆市", "标签": "地名地址信息;自然地名;山", "区域名称": "沙坪坝区", "经度": 106.400285, "纬度": 29.69905, "电话": NaN, "图片标题1": NaN, "图片地址1": NaN, "图片标题2": NaN, "图片地址2": NaN, "图片标题3": NaN, "图片地址3": NaN}
{"名称": "玉屏山", "地址": "沙坪坝区", "城市": "重庆市", "标签": "地名地址信息;自然地名;山", "区域名称": "沙坪坝区", "经度": 106.337473, "纬度": 29.56261, "电话": NaN, "图片标题1": NaN, "图片地址1": NaN, "图片标题2": NaN, "图片地址2": NaN, "图片标题3": NaN, "图片地址3": NaN}
{"名称": "虎峰山", "地址": "沙坪坝区", "城市": "重庆市", "标签": "地名地址信息;自然地名;山", "区域名称": "沙坪坝区", "经度": 106.251488, "纬度": 29.541249, "电话": NaN, "图片标题1": NaN, "图片地址1": "https://aos-comment.amap.com/B00170KXDL/headerImg/c653daf7ec8b3d7573d15edf75301eb6_2048_2048_80.jpg", "图片标题2": NaN, "图片地址2": "https://aos-comment.amap.com/B00170KXDL/headerImg/54fc24738faa0ade1f5891859f0b1506_2048_2048_80.jpg", "图片标题3": NaN, "图片地址3": "https://aos-comment.amap.com/B00170KXDL/headerImg/4af189dcfc7f082ecd269301ef2023c1_2048_2048_80.jpg"}
{"名称": "芭蕉沟", "地址": "沙坪坝区", "城市": "重庆市", "标签": "地名地址信息;自然地名;山", "区域名称": "沙坪坝区", "经度": 106.427244, "纬度": 29.558156, "电话": NaN, "图片标题1": NaN, "图片地址1": NaN, "图片标题2": NaN, "图片地址2": NaN, "图片标题3": NaN, "图片地址3": NaN}
{"名称": "中梁山", "地址": "沙坪坝区", "城市": "重庆市", "标签": "地名地址信息;自然地名;山", "区域名称": "沙坪坝区", "经度": 106.412364, "纬度": 29.653759, "电话": NaN, "图片标题1": NaN, "图片地址1": NaN, "图片标题2": NaN, "图片地址2": NaN, "图片标题3": NaN, "图片地址3": NaN}
{"名称": "马鞍山", "地址": "沙坪坝区", "城市": "重庆市", "标签": "地名地址信息;自然地名;山", "区域名称": "沙坪坝区", "经度": 106.424625, "纬度": 29.659951, "电话": NaN, "图片标题1": NaN, "图片地址1": NaN, "图片标题2": NaN, "图片地址2": NaN, "图片标题3": NaN, "图片地址3": NaN}
{"名称": "紫金沟", "地址": "沙坪坝区", "城市": "重庆市", "标签": "地名地址信息;自然地名;山", "区域名称": "沙坪坝区", "经度": 106.433018, "纬度": 29.537035, "电话": NaN, "图片标题1": NaN, "图片地址1": NaN, "图片标题2": NaN, "图片地址2": NaN, "图片标题3": NaN, "图片地址3": NaN}
{"名称": "李家湾", "地址": "沙坪坝区", "城市": "重庆市", "标签": "地名地址信息;自然地名;山", "区域名称": "沙坪坝区", "经度": 106.294507, "纬度": 29.563143, "电话": NaN, "图片标题1": NaN, "图片地址1": NaN, "图片标题2": NaN, "图片地址2": NaN, "图片标题3": NaN, "图片地址3": NaN}
{"名称": "狮子山", "地址": "沙坪坝区", "城市": "重庆市", "标签": "地名地址信息;自然地名;山", "区域名称": "沙坪坝区", "经度": 106.328622, "纬度": 29.657998, "电话": NaN, "图片标题1": NaN, "图片地址1": NaN, "图片标题2": NaN, "图片地址2": NaN, "图片标题3": NaN, "图片地址3": NaN}
{"名称": "杨家沟", "地址": "沙坪坝区", "城市": "重庆市", "标签": "地名地址信息;自然地名;山", "区域名称": "沙坪坝区", "经度": 106.266575, "纬度": 29.566379, "电话": NaN, "图片标题1": NaN, "图片地址1": NaN, "图片标题2": NaN, "图片地址2": NaN, "图片标题3": NaN, "图片地址3": NaN}
{"名称": "鸡公山", "地址": "沙坪坝区", "城市": "重庆市", "标签": "地名地址信息;自然地名;山", "区域名称": "沙坪坝区", "经度": 106.346758, "纬度": 29.655258, "电话": NaN, "图片标题1": NaN, "图片地址1": NaN, "图片标题2": NaN, "图片地址2": NaN, "图片标题3": NaN, "图片地址3": NaN}
{"名称": "张家沟", "地址": "沙坪坝区", "城市": "重庆市", "标签": "地名地址信息;自然地名;山", "区域名称": "沙坪坝区", "经度": 106.314217, "纬度": 29.702538, "电话": NaN, "图片标题1": NaN, "图片地址1": NaN, "图片标题2": NaN, "图片地址2": NaN, "图片标题3": NaN, "图片地址3": NaN}
{"名称": "李家沟", "地址": "沙坪坝区", "城市": "重庆市", "标签": "地名地址信息;自然地名;山", "区域名称": "沙坪坝区", "经度": 106.269864, "纬度": 29.555554, "电话": NaN, "图片标题1": NaN, "图片地址1": NaN, "图片标题2": NaN, "图片地址2": NaN, "图片标题3": NaN, "图片地址3": NaN}
{"名称": "龙井山", "地址": "沙坪坝区", "城市": "重庆市", "标签": "地名地址信息;自然地名;山", "区域名称": "沙坪坝区", "经度": 106.291099, "纬度": 29.55946, "电话": NaN, "图片标题1": NaN, "图片地址1": NaN, "图片标题2": NaN, "图片地址2": NaN, "图片标题3": NaN, "图片地址3": NaN}
{"名称": "佛耳岩", "地址": "沙坪坝区", "城市": "重庆市", "标签": "地名地址信息;自然地名;山", "区域名称": "沙坪坝区", "经度": 106.311686, "纬度": 29.618672, "电话": NaN, "图片标题1": NaN, "图片地址1": NaN, "图片标题2": NaN, "图片地址2": NaN, "图片标题3": NaN, "图片地址3": NaN}
{"名称": "老虎洞", "地址": "沙坪坝区", "城市": "重庆市", "标签": "地名地址信息;自然地名;山", "区域名称": "沙坪坝区", "经度": 106.402261, "纬度": 29.593784, "电话": NaN, "图片标题1": NaN, "图片地址1": NaN, "图片标题2": NaN, "图片地址2": NaN, "图片标题3": NaN, "图片地址3": NaN}
{"名称": "轿顶山", "地址": "沙坪坝区", "城市": "重庆市", "标签": "地名地址信息;自然地名;山", "区域名称": "沙坪坝区", "经度": 106.350667, "纬度": 29.584583, "电话": NaN, "图片标题1": NaN, "图片地址1": "http://aos-cdn-image.amap.com/sns/ugccomment/4aad25c5-a816-43d3-8e4c-4e81a55034ef.jpg", "图片标题2": NaN, "图片地址2": "http://store.is.autonavi.com/showpic/622d1ede1e1ae763335b063108bbd2ff", "图片标题3": NaN, "图片地址3": NaN}
{"名称": "香炉山", "地址": "沙坪坝区", "城市": "重庆市", "标签": "地名地址信息;自然地名;山", "区域名称": "沙坪坝区", "经度": 106.356006, "纬度": 29.569939, "电话": NaN, "图片标题1": NaN, "图片地址1": NaN, "图片标题2": NaN, "图片地址2": NaN, "图片标题3": NaN, "图片地址3": NaN}
{"名称": "真武山", "地址": "沙坪坝区", "城市": "重庆市", "标签": "地名地址信息;自然地名;山", "区域名称": "沙坪坝区", "经度": 106.366082, "纬度": 29.68923, "电话": NaN, "图片标题1": NaN, "图片地址1": NaN, "图片标题2": NaN, "图片地址2": NaN, "图片标题3": NaN, "图片地址3": NaN}
{"名称": "菜子沟", "地址": "沙坪坝区", "城市": "重庆市", "标签": "地名地址信息;自然地名;山", "区域名称": "沙坪坝区", "经度": 106.262377, "纬度": 29.56175, "电话": NaN, "图片标题1": NaN, "图片地址1": NaN, "图片标题2": NaN, "图片地址2": NaN, "图片标题3": NaN, "图片地址3": NaN}
{"名称": "伍家沟", "地址": "沙坪坝区", "城市": "重庆市", "标签": "地名地址信息;自然地名;山", "区域名称": "沙坪坝区", "经度": 106.274055, "纬度": 29.601936, "电话": NaN, "图片标题1": NaN, "图片地址1": NaN, "图片标题2": NaN, "图片地址2": NaN, "图片标题3": NaN, "图片地址3": NaN}
{"名称": "半坡", "地址": "沙坪坝区", "城市": "重庆市", "标签": "地名地址信息;自然地名;山", "区域名称": "沙坪坝区", "经度": 106.370707, "纬度": 29.652172, "电话": NaN, "图片标题1": NaN, "图片地址1": NaN, "图片标题2": NaN, "图片地址2": NaN, "图片标题3": NaN, "图片地址3": NaN}
{"名称": "半坡", "地址": "沙坪坝区", "城市": "重庆市", "标签": "地名地址信息;自然地名;山", "区域名称": "沙坪坝区", "经度": 106.426962, "纬度": 29.708444, "电话": NaN, "图片标题1": NaN, "图片地址1": NaN, "图片标题2": NaN, "图片地址2": NaN, "图片标题3": NaN, "图片地址3": NaN}
{"名称": "桐子沟", "地址": "沙坪坝区", "城市": "重庆市", "标签": "地名地址信息;自然地名;山", "区域名称": "沙坪坝区", "经度": 106.260744, "纬度": 29.577461, "电话": NaN, "图片标题1": NaN, "图片地址1": NaN, "图片标题2": NaN, "图片地址2": NaN, "图片标题3": NaN, "图片地址3": NaN}
{"名称": "白石山", "地址": "沙坪坝区", "城市": "重庆市", "标签": "地名地址信息;自然地名;山", "区域名称": "沙坪坝区", "经度": 106.430164, "纬度": 29.596112, "电话": NaN, "图片标题1": NaN, "图片地址1": NaN, "图片标题2": NaN, "图片地址2": NaN, "图片标题3": NaN, "图片地址3": NaN}
{"名称": "横担山", "地址": "沙坪坝区", "城市": "重庆市", "标签": "地名地址信息;自然地名;山", "区域名称": "沙坪坝区", "经度": 106.400285, "纬度": 29.69905, "电话": NaN, "图片标题1": NaN, "图片地址1": NaN, "图片标题2": NaN, "图片地址2": NaN, "图片标题3": NaN, "图片地址3": NaN}
{"名称": "玉屏山", "地址": "沙坪坝区", "城市": "重庆市", "标签": "地名地址信息;自然地名;山", "区域名称": "沙坪坝区", "经度": 106.337473, "纬度": 29.56261, "电话": NaN, "图片标题1": NaN, "图片地址1": NaN, "图片标题2": NaN, "图片地址2": NaN, "图片标题3": NaN, "图片地址3": NaN}
{"名称": "黄家垭口", "地址": "沙坪坝区", "城市": "重庆市", "标签": "地名地址信息;自然地名;山", "区域名称": "沙坪坝区", "经度": 106.387644, "纬度": 29.683519, "电话": NaN, "图片标题1": NaN, "图片地址1": NaN, "图片标题2": NaN, "图片地址2": NaN, "图片标题3": NaN, "图片地址3": NaN}
{"名称": "小南垭", "地址": "沙坪坝区", "城市": "重庆市", "标签": "地名地址信息;自然地名;山", "区域名称": "沙坪坝区", "经度": 106.392593, "纬度": 29.717692, "电话": NaN, "图片标题1": NaN, "图片地址1": NaN, "图片标题2": NaN, "图片地址2": NaN, "图片标题3": NaN, "图片地址3": NaN}
{"名称": "狮子岩", "地址": "沙坪坝区", "城市": "重庆市", "标签": "地名地址信息;自然地名;山", "区域名称": "沙坪坝区", "经度": 106.437435, "纬度": 29.737787, "电话": NaN, "图片标题1": NaN, "图片地址1": NaN, "图片标题2": NaN, "图片地址2": NaN, "图片标题3": NaN, "图片地址3": NaN}
{"名称": "金龙山", "地址": "沙坪坝区", "城市": "重庆市", "标签": "地名地址信息;自然地名;山", "区域名称": "沙坪坝区", "经度": 106.384406, "纬度": 29.69244, "电话": NaN, "图片标题1": NaN, "图片地址1": NaN, "图片标题2": NaN, "图片地址2": NaN, "图片标题3": NaN, "图片地址3": NaN}
{"名称": "长坡", "地址": "沙坪坝区", "城市": "重庆市", "标签": "地名地址信息;自然地名;山", "区域名称": "沙坪坝区", "经度": 106.31017, "纬度": 29.705505, "电话": NaN, "图片标题1": NaN, "图片地址1": NaN, "图片标题2": NaN, "图片地址2": NaN, "图片标题3": NaN, "图片地址3": NaN}
{"名称": "老鸦山", "地址": "沙坪坝区", "城市": "重庆市", "标签": "地名地址信息;自然地名;山", "区域名称": "沙坪坝区", "经度": 106.288632, "纬度": 29.634341, "电话": NaN, "图片标题1": NaN, "图片地址1": NaN, "图片标题2": NaN, "图片地址2": NaN, "图片标题3": NaN, "图片地址3": NaN}
{"名称": "老人坡", "地址": "沙坪坝区", "城市": "重庆市", "标签": "地名地址信息;自然地名;山", "区域名称": "沙坪坝区", "经度": 106.448103, "纬度": 29.506495, "电话": NaN, "图片标题1": NaN, "图片地址1": NaN, "图片标题2": NaN, "图片地址2": NaN, "图片标题3": NaN, "图片地址3": NaN}
{"名称": "何家垭口", "地址": "沙坪坝区", "城市": "重庆市", "标签": "地名地址信息;自然地名;山", "区域名称": "沙坪坝区", "经度": 106.327942, "纬度": 29.685499, "电话": NaN, "图片标题1": NaN, "图片地址1": NaN, "图片标题2": NaN, "图片地址2": NaN, "图片标题3": NaN, "图片地址3": NaN}
{"名称": "明珠山", "地址": "沙坪坝区", "城市": "重庆市", "标签": "地名地址信息;自然地名;山", "区域名称": "沙坪坝区", "经度": 106.401605, "纬度": 29.6297, "电话": NaN, "图片标题1": NaN, "图片地址1": "http://aos-cdn-image.amap.com/sns/ugccomment/05f685e5-ecf4-4bae-9228-3ee46233fd06.jpg", "图片标题2": NaN, "图片地址2": "http://aos-cdn-image.amap.com/sns/ugccomment/c27c70f2-a687-4590-978a-3be3878798c4.jpg", "图片标题3": NaN, "图片地址3": NaN}
{"名称": "尖顶坡", "地址": "沙坪坝区", "城市": "重庆市", "标签": "地名地址信息;自然地名;山", "区域名称": "沙坪坝区", "经度": 106.3603, "纬度": 29.596238, "电话": NaN, "图片标题1": NaN, "图片地址1": NaN, "图片标题2": NaN, "图片地址2": NaN, "图片标题3": NaN, "图片地址3": NaN}
{"名称": "方家坡", "地址": "沙坪坝区", "城市": "重庆市", "标签": "地名地址信息;自然地名;山", "区域名称": "沙坪坝区", "经度": 106.279292, "纬度": 29.596217, "电话": NaN, "图片标题1": NaN, "图片地址1": NaN, "图片标题2": NaN, "图片地址2": NaN, "图片标题3": NaN, "图片地址3": NaN}
{"名称": "罗家山", "地址": "沙坪坝区", "城市": "重庆市", "标签": "地名地址信息;自然地名;山", "区域名称": "沙坪坝区", "经度": 106.429726, "纬度": 29.60663, "电话": NaN, "图片标题1": NaN, "图片地址1": NaN, "图片标题2": NaN, "图片地址2": NaN, "图片标题3": NaN, "图片地址3": NaN}
{"名称": "凉凤垭", "地址": "沙坪坝区", "城市": "重庆市", "标签": "地名地址信息;自然地名;山", "区域名称": "沙坪坝区", "经度": 106.4234, "纬度": 29.73568, "电话": NaN, "图片标题1": NaN, "图片地址1": NaN, "图片标题2": NaN, "图片地址2": NaN, "图片标题3": NaN, "图片地址3": NaN}
{"名称": "曹家沟", "地址": "沙坪坝区", "城市": "重庆市", "标签": "地名地址信息;自然地名;山", "区域名称": "沙坪坝区", "经度": 106.268857, "纬度": 29.580704, "电话": NaN, "图片标题1": NaN, "图片地址1": NaN, "图片标题2": NaN, "图片地址2": NaN, "图片标题3": NaN, "图片地址3": NaN}
{"名称": "黄家坡", "地址": "沙坪坝区", "城市": "重庆市", "标签": "地名地址信息;自然地名;山", "区域名称": "沙坪坝区", "经度": 106.306485, "纬度": 29.68183, "电话": NaN, "图片标题1": NaN, "图片地址1": NaN, "图片标题2": NaN, "图片地址2": NaN, "图片标题3": NaN, "图片地址3": NaN}
{"名称": "挂榜山", "地址": "沙坪坝区", "城市": "重庆市", "标签": "地名地址信息;自然地名;山", "区域名称": "沙坪坝区", "经度": 106.458117, "纬度": 29.612597, "电话": NaN, "图片标题1": NaN, "图片地址1": "http://aos-cdn-image.amap.com/sns/ugccomment/63fbe852-5edd-44b4-8368-4ec32b539249.jpg", "图片标题2": NaN, "图片地址2": "http://aos-cdn-image.amap.com/sns/ugccomment/09c0ee47-b5aa-4bcb-b079-d84fbdf981cf.jpg", "图片标题3": NaN, "图片地址3": "http://aos-cdn-image.amap.com/sns/ugccomment/b13560bc-549a-4570-9031-d12349c52a31.jpg"}
{"名称": "碗厂沟", "地址": "沙坪坝区", "城市": "重庆市", "标签": "地名地址信息;自然地名;山", "区域名称": "沙坪坝区", "经度": 106.281841, "纬度": 29.685919, "电话": NaN, "图片标题1": NaN, "图片地址1": NaN, "图片标题2": NaN, "图片地址2": NaN, "图片标题3": NaN, "图片地址3": NaN}
{"名称": "金银岩", "地址": "沙坪坝区", "城市": "重庆市", "标签": "地名地址信息;自然地名;山", "区域名称": "沙坪坝区", "经度": 106.434416, "纬度": 29.528978, "电话": NaN, "图片标题1": NaN, "图片地址1": "http://aos-cdn-image.amap.com/sns/ugccomment/fbd3582b-c408-4fe6-89b9-684e7d5cd770.jpg", "图片标题2": NaN, "图片地址2": NaN, "图片标题3": NaN, "图片地址3": NaN}
{"名称": "罗家坡", "地址": "沙坪坝区", "城市": "重庆市", "标签": "地名地址信息;自然地名;山", "区域名称": "沙坪坝区", "经度": 106.426147, "纬度": 29.695938, "电话": NaN, "图片标题1": NaN, "图片地址1": NaN, "图片标题2": NaN, "图片地址2": NaN, "图片标题3": NaN, "图片地址3": NaN}
{"名称": "望江台", "地址": "沙坪坝区", "城市": "重庆市", "标签": "地名地址信息;自然地名;山", "区域名称": "沙坪坝区", "经度": 106.423232, "纬度": 29.494097, "电话": NaN, "图片标题1": NaN, "图片地址1": NaN, "图片标题2": NaN, "图片地址2": NaN, "图片标题3": NaN, "图片地址3": NaN}
{"名称": "彭家垭口", "地址": "沙坪坝区", "城市": "重庆市", "标签": "地名地址信息;自然地名;山", "区域名称": "沙坪坝区", "经度": 106.398563, "纬度": 29.73386, "电话": NaN, "图片标题1": NaN, "图片地址1": NaN, "图片标题2": NaN, "图片地址2": NaN, "图片标题3": NaN, "图片地址3": NaN}
{"名称": "罗家岩", "地址": "沙坪坝区", "城市": "重庆市", "标签": "地名地址信息;自然地名;山", "区域名称": "沙坪坝区", "经度": 106.260228, "纬度": 29.57182, "电话": NaN, "图片标题1": NaN, "图片地址1": NaN, "图片标题2": NaN, "图片地址2": NaN, "图片标题3": NaN, "图片地址3": NaN}
{"名称": "石鼓寨", "地址": "沙坪坝区", "城市": "重庆市", "标签": "地名地址信息;自然地名;山", "区域名称": "沙坪坝区", "经度": 106.400379, "纬度": 29.565378, "电话": NaN, "图片标题1": NaN, "图片地址1": NaN, "图片标题2": NaN, "图片地址2": NaN, "图片标题3": NaN, "图片地址3": NaN}
{"名称": "挖断山", "地址": "沙坪坝区", "城市": "重庆市", "标签": "地名地址信息;自然地名;山", "区域名称": "沙坪坝区", "经度": 106.273805, "纬度": 29.598614, "电话": NaN, "图片标题1": NaN, "图片地址1": NaN, "图片标题2": NaN, "图片地址2": NaN, "图片标题3": NaN, "图片地址3": NaN}
{"名称": "斑竹山", "地址": "沙坪坝区", "城市": "重庆市", "标签": "地名地址信息;自然地名;山", "区域名称": "沙坪坝区", "经度": 106.368123, "纬度": 29.694884, "电话": NaN, "图片标题1": NaN, "图片地址1": NaN, "图片标题2": NaN, "图片地址2": NaN, "图片标题3": NaN, "图片地址3": NaN}
{"名称": "窑子坡", "地址": "沙坪坝区", "城市": "重庆市", "标签": "地名地址信息;自然地名;山", "区域名称": "沙坪坝区", "经度": 106.274097, "纬度": 29.540121, "电话": NaN, "图片标题1": NaN, "图片地址1": NaN, "图片标题2": NaN, "图片地址2": NaN, "图片标题3": NaN, "图片地址3": NaN}
{"名称": "杨家山", "地址": "沙坪坝区", "城市": "重庆市", "标签": "地名地址信息;自然地名;山", "区域名称": "沙坪坝区", "经度": 106.437021, "纬度": 29.57762, "电话": NaN, "图片标题1": NaN, "图片地址1": NaN, "图片标题2": NaN, "图片地址2": NaN, "图片标题3": NaN, "图片地址3": NaN}
{"名称": "石壁山", "地址": "沙坪坝区", "城市": "重庆市", "标签": "地名地址信息;自然地名;山", "区域名称": "沙坪坝区", "经度": 106.442502, "纬度": 29.530187, "电话": NaN, "图片标题1": NaN, "图片地址1": NaN, "图片标题2": NaN, "图片地址2": NaN, "图片标题3": NaN, "图片地址3": NaN}
{"名称": "和平山", "地址": "沙坪坝区", "城市": "重庆市", "标签": "地名地址信息;自然地名;山", "区域名称": "沙坪坝区", "经度": 106.435165, "纬度": 29.588939, "电话": NaN, "图片标题1": NaN, "图片地址1": NaN, "图片标题2": NaN, "图片地址2": NaN, "图片标题3": NaN, "图片地址3": NaN}
{"名称": "中梁山", "地址": "沙坪坝区", "城市": "重庆市", "标签": "地名地址信息;自然地名;山", "区域名称": "沙坪坝区", "经度": 106.414164, "纬度": 29.55358, "电话": NaN, "图片标题1": NaN, "图片地址1": NaN, "图片标题2": NaN, "图片地址2": NaN, "图片标题3": NaN, "图片地址3": NaN}
{"名称": "打虎峡", "地址": "沙坪坝区", "城市": "重庆市", "标签": "地名地址信息;自然地名;山", "区域名称": "沙坪坝区", "经度": 106.428939, "纬度": 29.64472, "电话": NaN, "图片标题1": NaN, "图片地址1": "http://aos-cdn-image.amap.com/sns/ugccomment/a4b43375-0173-451d-b9f8-2caf7fd0364b.jpg", "图片标题2": NaN, "图片地址2": "http://aos-cdn-image.amap.com/sns/ugccomment/412e0f14-6cc7-40bf-a861-cf935026db91.jpg", "图片标题3": NaN, "图片地址3": "http://aos-cdn-image.amap.com/sns/ugccomment/729210ec-55e2-4902-85b6-2a7a73209eee.jpg"}
{"名称": "尖坡顶", "地址": "沙坪坝区", "城市": "重庆市", "标签": "地名地址信息;自然地名;山", "区域名称": "沙坪坝区", "经度": 106.361157, "纬度": 29.596732, "电话": NaN, "图片标题1": NaN, "图片地址1": NaN, "图片标题2": NaN, "图片地址2": NaN, "图片标题3": NaN, "图片地址3": NaN}
{"名称": "仙米山", "地址": "沙坪坝区", "城市": "重庆市", "标签": "地名地址信息;自然地名;山", "区域名称": "沙坪坝区", "经度": 106.423432, "纬度": 29.639688, "电话": NaN, "图片标题1": NaN, "图片地址1": NaN, "图片标题2": NaN, "图片地址2": NaN, "图片标题3": NaN, "图片地址3": NaN}
{"名称": "新门洞", "地址": "沙坪坝区", "城市": "重庆市", "标签": "地名地址信息;自然地名;山", "区域名称": "沙坪坝区", "经度": 106.268574, "纬度": 29.590788, "电话": NaN, "图片标题1": NaN, "图片地址1": NaN, "图片标题2": NaN, "图片地址2": NaN, "图片标题3": NaN, "图片地址3": NaN}
{"名称": "黄岗坡", "地址": "沙坪坝区", "城市": "重庆市", "标签": "地名地址信息;自然地名;山", "区域名称": "沙坪坝区", "经度": 106.321706, "纬度": 29.715497, "电话": NaN, "图片标题1": NaN, "图片地址1": NaN, "图片标题2": NaN, "图片地址2": NaN, "图片标题3": NaN, "图片地址3": NaN}
{"名称": "水桩沟", "地址": "沙坪坝区", "城市": "重庆市", "标签": "地名地址信息;自然地名;山", "区域名称": "沙坪坝区", "经度": 106.275898, "纬度": 29.606942, "电话": NaN, "图片标题1": NaN, "图片地址1": NaN, "图片标题2": NaN, "图片地址2": NaN, "图片标题3": NaN, "图片地址3": NaN}
{"名称": "龚家洞", "地址": "沙坪坝区", "城市": "重庆市", "标签": "地名地址信息;自然地名;山", "区域名称": "沙坪坝区", "经度": 106.408669, "纬度": 29.547006, "电话": NaN, "图片标题1": NaN, "图片地址1": NaN, "图片标题2": NaN, "图片地址2": NaN, "图片标题3": NaN, "图片地址3": NaN}
{"名称": "丰文山", "地址": "沙坪坝区", "城市": "重庆市", "标签": "地名地址信息;自然地名;山", "区域名称": "沙坪坝区", "经度": 106.336873, "纬度": 29.635683, "电话": NaN, "图片标题1": NaN, "图片地址1": "http://aos-cdn-image.amap.com/sns/ugccomment/603ba079-67e1-47c1-b3c9-34006c4e37fb.jpg", "图片标题2": NaN, "图片地址2": "http://aos-cdn-image.amap.com/sns/ugccomment/5c02249e-3d83-4063-86a0-6eac4eb4c8cb.jpg", "图片标题3": NaN, "图片地址3": "http://aos-cdn-image.amap.com/sns/ugccomment/40a434a9-73be-4997-8a94-3dc51e94655e.jpg"}
{"名称": "火盆山", "地址": "沙坪坝区", "城市": "重庆市", "标签": "地名地址信息;自然地名;山", "区域名称": "沙坪坝区", "经度": 106.359373, "纬度": 29.658791, "电话": NaN, "图片标题1": NaN, "图片地址1": NaN, "图片标题2": NaN, "图片地址2": NaN, "图片标题3": NaN, "图片地址3": NaN}
{"名称": "茶叶寨", "地址": "沙坪坝区", "城市": "重庆市", "标签": "地名地址信息;自然地名;山", "区域名称": "沙坪坝区", "经度": 106.301388, "纬度": 29.665487, "电话": NaN, "图片标题1": NaN, "图片地址1": NaN, "图片标题2": NaN, "图片地址2": NaN, "图片标题3": NaN, "图片地址3": NaN}
{"名称": "兰家坡", "地址": "沙坪坝区", "城市": "重庆市", "标签": "地名地址信息;自然地名;山", "区域名称": "沙坪坝区", "经度": 106.422471, "纬度": 29.731929, "电话": NaN, "图片标题1": NaN, "图片地址1": NaN, "图片标题2": NaN, "图片地址2": NaN, "图片标题3": NaN, "图片地址3": NaN}
{"名称": "乱子坡", "地址": "沙坪坝区", "城市": "重庆市", "标签": "地名地址信息;自然地名;山", "区域名称": "沙坪坝区", "经度": 106.411811, "纬度": 29.686595, "电话": NaN, "图片标题1": NaN, "图片地址1": NaN, "图片标题2": NaN, "图片地址2": NaN, "图片标题3": NaN, "图片地址3": NaN}
{"名称": "毛铁匠", "地址": "沙坪坝区", "城市": "重庆市", "标签": "地名地址信息;自然地名;山", "区域名称": "沙坪坝区", "经度": 106.376731, "纬度": 29.613144, "电话": NaN, "图片标题1": NaN, "图片地址1": NaN, "图片标题2": NaN, "图片地址2": NaN, "图片标题3": NaN, "图片地址3": NaN}
{"名称": "关家垭口", "地址": "沙坪坝区", "城市": "重庆市", "标签": "地名地址信息;自然地名;山", "区域名称": "沙坪坝区", "经度": 106.402225, "纬度": 29.688286, "电话": NaN, "图片标题1": NaN, "图片地址1": NaN, "图片标题2": NaN, "图片地址2": NaN, "图片标题3": NaN, "图片地址3": NaN}
{"名称": "山王垭口", "地址": "沙坪坝区", "城市": "重庆市", "标签": "地名地址信息;自然地名;山", "区域名称": "沙坪坝区", "经度": 106.312129, "纬度": 29.676056, "电话": NaN, "图片标题1": NaN, "图片地址1": NaN, "图片标题2": NaN, "图片地址2": NaN, "图片标题3": NaN, "图片地址3": NaN}
{"名称": "耳子坡", "地址": "沙坪坝区", "城市": "重庆市", "标签": "地名地址信息;自然地名;山", "区域名称": "沙坪坝区", "经度": 106.344378, "纬度": 29.686956, "电话": NaN, "图片标题1": NaN, "图片地址1": NaN, "图片标题2": NaN, "图片地址2": NaN, "图片标题3": NaN, "图片地址3": NaN}
{"名称": "喻家垭口", "地址": "沙坪坝区", "城市": "重庆市", "标签": "地名地址信息;自然地名;山", "区域名称": "沙坪坝区", "经度": 106.280793, "纬度": 29.543905, "电话": NaN, "图片标题1": NaN, "图片地址1": NaN, "图片标题2": NaN, "图片地址2": NaN, "图片标题3": NaN, "图片地址3": NaN}
{"名称": "姚家岗", "地址": "沙坪坝区", "城市": "重庆市", "标签": "地名地址信息;自然地名;山", "区域名称": "沙坪坝区", "经度": 106.281092, "纬度": 29.553284, "电话": NaN, "图片标题1": NaN, "图片地址1": NaN, "图片标题2": NaN, "图片地址2": NaN, "图片标题3": NaN, "图片地址3": NaN}
{"名称": "莲架山", "地址": "沙坪坝区", "城市": "重庆市", "标签": "地名地址信息;自然地名;山", "区域名称": "沙坪坝区", "经度": 106.287886, "纬度": 29.696518, "电话": NaN, "图片标题1": NaN, "图片地址1": NaN, "图片标题2": NaN, "图片地址2": NaN, "图片标题3": NaN, "图片地址3": NaN}
{"名称": "观家岭岗", "地址": "沙坪坝区", "城市": "重庆市", "标签": "地名地址信息;自然地名;山|地名地址信息;普通地名;村庄级地名", "区域名称": "沙坪坝区", "经度": 106.272461, "纬度": 29.532233, "电话": NaN, "图片标题1": NaN, "图片地址1": NaN, "图片标题2": NaN, "图片地址2": NaN, "图片标题3": NaN, "图片地址3": NaN}
