{"名称": "磁器口古镇", "地址": "磁童路", "城市": "重庆市", "标签": "风景名胜;风景名胜;国家级景点", "区域名称": "沙坪坝区", "经度": 106.449691, "纬度": 29.581173, "电话": "023-65322661;023-66028333", "图片标题1": NaN, "图片地址1": "http://store.is.autonavi.com/showpic/0330c6007a58f3b995ac5fa59485235d", "图片标题2": NaN, "图片地址2": "http://aos-cdn-image.amap.com/sns/ugccomment/d9da97ba-5ac0-424a-b81d-cad684adf00e.jpg", "图片标题3": NaN, "图片地址3": "http://aos-cdn-image.amap.com/sns/ugccomment/0563885f-17e8-4b9a-b97f-ce1e60360f19.jpg"}
{"名称": "歌乐山国家森林公园", "地址": "歌乐山街道", "城市": "重庆市", "标签": "风景名胜;风景名胜;国家级景点", "区域名称": "沙坪坝区", "经度": 106.428283, "纬度": 29.567829, "电话": "023-65510647;023-65505778", "图片标题1": NaN, "图片地址1": "http://store.is.autonavi.com/showpic/10599f26e4ece4580d2daa2cac2533ab", "图片标题2": "歌乐山国家森林公园", "图片地址2": "http://store.is.autonavi.com/showpic/c0bd6054b7aca1407c2e71c4b000ee89", "图片标题3": "歌乐山国家森林公园", "图片地址3": "http://store.is.autonavi.com/showpic/88b094ce5214b26bbe1aa4bec87f6018"}
{"名称": "莲花湖风景区", "地址": "曾家镇", "城市": "重庆市", "标签": "风景名胜;风景名胜;省级景点", "区域名称": "沙坪坝区", "经度": 106.281913, "纬度": 29.537964, "电话": "13896959669", "图片标题1": NaN, "图片地址1": "http://aos-cdn-image.amap.com/sns/ugccomment/79048ce9-4969-48a7-b807-330d4d18c3c8.jpg", "图片标题2": NaN, "图片地址2": "http://store.is.autonavi.com/showpic/131d1243133fe5cccbab6cc781033017", "图片标题3": NaN, "图片地址3": "http://store.is.autonavi.com/showpic/ec4143cec7118549a71aa43d8b6375ea"}
{"名称": "融汇温泉", "地址": "汇泉路6号", "城市": "重庆市", "标签": "风景名胜;风景名胜相关;旅游景点", "区域名称": "沙坪坝区", "经度": 106.440809, "纬度": 29.540782, "电话": "023-65269999", "图片标题1": NaN, "图片地址1": "http://store.is.autonavi.com/showpic/4ed9e60fd22b5cde4261f024af4a3a9b", "图片标题2": NaN, "图片地址2": "http://store.is.autonavi.com/showpic/35ef40e9b1792dc6e87005ad88285fe2", "图片标题3": NaN, "图片地址3": "http://store.is.autonavi.com/showpic/7844f4cf2b3958b882dc35bad50c14b9"}
{"名称": "虎峰山桃花基地", "地址": "虎峰山景区", "城市": "重庆市", "标签": "风景名胜;风景名胜相关;旅游景点", "区域名称": "沙坪坝区", "经度": 106.260367, "纬度": 29.539094, "电话": NaN, "图片标题1": NaN, "图片地址1": NaN, "图片标题2": NaN, "图片地址2": NaN, "图片标题3": NaN, "图片地址3": NaN}
{"名称": "念佛堂", "地址": "保育路与森林路交叉口南150米", "城市": "重庆市", "标签": "风景名胜;风景名胜相关;旅游景点", "区域名称": "沙坪坝区", "经度": 106.421568, "纬度": 29.573449, "电话": NaN, "图片标题1": NaN, "图片地址1": "http://store.is.autonavi.com/showpic/9ed25253f3fc82eb116add86b91b8516", "图片标题2": NaN, "图片地址2": "http://store.is.autonavi.com/showpic/ed75fa0e8ec739fbb1d9e09aa36a5978", "图片标题3": NaN, "图片地址3": "http://store.is.autonavi.com/showpic/0890977fa8a3abb7512ab5f5e97b7699"}
{"名称": "碰碰车", "地址": "天陈路52号(沙坪坝地铁站7号口步行300米)", "城市": "重庆市", "标签": "风景名胜;风景名胜相关;旅游景点", "区域名称": "沙坪坝区", "经度": 106.4576, "纬度": 29.55158, "电话": NaN, "图片标题1": NaN, "图片地址1": "http://store.is.autonavi.com/showpic/877262aa0bcf0ca379bf2357a3416d8a", "图片标题2": NaN, "图片地址2": NaN, "图片标题3": NaN, "图片地址3": NaN}
{"名称": "渣滓洞监狱旧址", "地址": "凌云路", "城市": "重庆市", "标签": "风景名胜;风景名胜;国家级景点", "区域名称": "沙坪坝区", "经度": 106.433435, "纬度": 29.585496, "电话": "023-65314419", "图片标题1": NaN, "图片地址1": "http://store.is.autonavi.com/showpic/20d594d2893d3383ce8fdf0d2141281f", "图片标题2": NaN, "图片地址2": "http://store.is.autonavi.com/showpic/d5ce84e47ad42694cce362863452e84f", "图片标题3": NaN, "图片地址3": "http://store.is.autonavi.com/showpic/126e1881835ced731ac2bc2fb5937f65"}
{"名称": "古道三百梯", "地址": "歌乐山凌云路", "城市": "重庆市", "标签": "风景名胜;风景名胜相关;旅游景点", "区域名称": "沙坪坝区", "经度": 106.428808, "纬度": 29.576631, "电话": NaN, "图片标题1": NaN, "图片地址1": "http://store.is.autonavi.com/showpic/5c2aeefd0c616ad8a83f84b59dc922b7", "图片标题2": NaN, "图片地址2": "http://store.is.autonavi.com/showpic/a0d752cd72b7ba68b3a6d59d4bda0e11", "图片标题3": NaN, "图片地址3": NaN}
{"名称": "崖顶观江", "地址": "揽江雅苑西北侧230米", "城市": "重庆市", "标签": "风景名胜;风景名胜相关;旅游景点", "区域名称": "沙坪坝区", "经度": 106.482388, "纬度": 29.550127, "电话": NaN, "图片标题1": NaN, "图片地址1": "https://aos-comment.amap.com/B0IB9Z48QE/headerImg/908200f4817299365ff9ffc479025700_2048_2048_80.jpg", "图片标题2": NaN, "图片地址2": "http://store.is.autonavi.com/showpic/7087f32ad2986e07acd04b9f5aba3846", "图片标题3": NaN, "图片地址3": NaN}
{"名称": "继业岛", "地址": "壮志路2号西南政法大学沙坪坝校区", "城市": "重庆市", "标签": "风景名胜;风景名胜相关;旅游景点", "区域名称": "沙坪坝区", "经度": 106.441193, "纬度": 29.570737, "电话": NaN, "图片标题1": NaN, "图片地址1": NaN, "图片标题2": NaN, "图片地址2": NaN, "图片标题3": NaN, "图片地址3": NaN}
{"名称": "字道祠堂", "地址": "三峡广场(沙坪坝地铁站2号口步行310米)", "城市": "重庆市", "标签": "风景名胜;风景名胜相关;旅游景点", "区域名称": "沙坪坝区", "经度": 106.464083, "纬度": 29.557157, "电话": NaN, "图片标题1": NaN, "图片地址1": NaN, "图片标题2": NaN, "图片地址2": NaN, "图片标题3": NaN, "图片地址3": NaN}
{"名称": "朗读亭", "地址": "凤天大道重庆图书馆(新馆)", "城市": "重庆市", "标签": "风景名胜;风景名胜相关;旅游景点", "区域名称": "沙坪坝区", "经度": 106.454416, "纬度": 29.531825, "电话": NaN, "图片标题1": NaN, "图片地址1": NaN, "图片标题2": NaN, "图片地址2": NaN, "图片标题3": NaN, "图片地址3": NaN}
{"名称": "重庆炮校遗址", "地址": "大学城北路与富力中路交叉口北340米", "城市": "重庆市", "标签": "风景名胜;风景名胜相关;旅游景点", "区域名称": "沙坪坝区", "经度": 106.325106, "纬度": 29.610287, "电话": NaN, "图片标题1": NaN, "图片地址1": "https://aos-comment.amap.com/B0FFL78GO3/headerImg/content_media_external_images_media_31507_1659797820810_54340a18.jpg", "图片标题2": NaN, "图片地址2": "https://aos-comment.amap.com/B0FFL78GO3/headerImg/content_media_external_images_media_33174_1659797820811_22554d48.jpg", "图片标题3": NaN, "图片地址3": "https://aos-comment.amap.com/B0FFL78GO3/headerImg/content_media_external_images_media_33169_1659797820812_e7a44668.jpg"}
{"名称": "童善桥村人工湿地", "地址": NaN, "城市": "重庆市", "标签": "风景名胜;风景名胜相关;旅游景点", "区域名称": "沙坪坝区", "经度": 106.392235, "纬度": 29.541664, "电话": NaN, "图片标题1": NaN, "图片地址1": NaN, "图片标题2": NaN, "图片地址2": NaN, "图片标题3": NaN, "图片地址3": NaN}
{"名称": "青木关果老寨遗址", "地址": NaN, "城市": "重庆市", "标签": "风景名胜;风景名胜相关;旅游景点", "区域名称": "沙坪坝区", "经度": 106.299512, "纬度": 29.658781, "电话": NaN, "图片标题1": NaN, "图片地址1": "https://aos-comment.amap.com/B0G0DP5HA5/headerImg/4b1b6497dc4d1fb503292224e732d2ba_2048_2048_80.jpg", "图片标题2": NaN, "图片地址2": NaN, "图片标题3": NaN, "图片地址3": NaN}
{"名称": "南开中学桃李湖", "地址": "沙南街1号南开中学内", "城市": "重庆市", "标签": "风景名胜;风景名胜相关;旅游景点", "区域名称": "沙坪坝区", "经度": 106.45765, "纬度": 29.560408, "电话": NaN, "图片标题1": NaN, "图片地址1": NaN, "图片标题2": NaN, "图片地址2": NaN, "图片标题3": NaN, "图片地址3": NaN}
{"名称": "蒋氏宗院", "地址": "团歇路回龙坝聚龙城67号附9号1层", "城市": "重庆市", "标签": "风景名胜;风景名胜相关;旅游景点", "区域名称": "沙坪坝区", "经度": 106.384397, "纬度": 29.701622, "电话": NaN, "图片标题1": NaN, "图片地址1": "http://store.is.autonavi.com/showpic/7abdf2ed1f52397cd8ae2926ffdd2753", "图片标题2": NaN, "图片地址2": "https://aos-comment.amap.com/B0G0V4HR3X/comment/8bc2558c642c5bfb2d7ac850a4c80991_2048_2048_80.jpg", "图片标题3": NaN, "图片地址3": "https://aos-comment.amap.com/B0G0V4HR3X/comment/f4c6b6d9f7e8a4b46b656fbabbd633c9_2048_2048_80.jpg"}
{"名称": "艾萨克·牛顿雕像", "地址": "重庆师范大学(大学城校区)", "城市": "重庆市", "标签": "风景名胜;风景名胜相关;旅游景点", "区域名称": "沙坪坝区", "经度": 106.302857, "纬度": 29.613095, "电话": NaN, "图片标题1": NaN, "图片地址1": "http://store.is.autonavi.com/showpic/bd8718db433c2c7725e94192ae919e0d", "图片标题2": NaN, "图片地址2": NaN, "图片标题3": NaN, "图片地址3": NaN}
{"名称": "山城玫瑰花海(暂停开放)", "地址": "中梁镇后槽路何家寨湾", "城市": "重庆市", "标签": "风景名胜;风景名胜相关;旅游景点", "区域名称": "沙坪坝区", "经度": 106.411915, "纬度": 29.716732, "电话": "13996208856", "图片标题1": NaN, "图片地址1": "https://aos-comment.amap.com/B0FFMDWECG/headerImg/4a79ef0943fb505b703c74ba0c83743f_2048_2048_80.jpg", "图片标题2": NaN, "图片地址2": "http://store.is.autonavi.com/showpic/892e659be0802114e7e7cf9cea82cbe2", "图片标题3": NaN, "图片地址3": "https://aos-comment.amap.com/B0FFMDWECG/headerImg/ef109732bd776cc768910964692c9296_2048_2048_80.jpg"}
{"名称": "四川外国语大学雕像", "地址": "壮志路33号四川外国语大学", "城市": "重庆市", "标签": "风景名胜;风景名胜相关;旅游景点", "区域名称": "沙坪坝区", "经度": 106.434596, "纬度": 29.571754, "电话": NaN, "图片标题1": NaN, "图片地址1": NaN, "图片标题2": NaN, "图片地址2": NaN, "图片标题3": NaN, "图片地址3": NaN}
{"名称": "花漫大地四季花卉景观园", "地址": "凤凰镇胡南坝村凤凰花海景区", "城市": "重庆市", "标签": "购物服务;花鸟鱼虫市场;花卉市场|风景名胜;风景名胜相关;旅游景点", "区域名称": "沙坪坝区", "经度": 106.352853, "纬度": 29.713778, "电话": NaN, "图片标题1": NaN, "图片地址1": NaN, "图片标题2": NaN, "图片地址2": NaN, "图片标题3": NaN, "图片地址3": NaN}
{"名称": "传鉴亭", "地址": "沙坪坝南街与沙坪坝正街交叉口西南220米", "城市": "重庆市", "标签": "风景名胜;风景名胜相关;旅游景点", "区域名称": "沙坪坝区", "经度": 106.460737, "纬度": 29.561734, "电话": NaN, "图片标题1": NaN, "图片地址1": NaN, "图片标题2": NaN, "图片地址2": NaN, "图片标题3": NaN, "图片地址3": NaN}
{"名称": "国立中央工校校址纪念碑亭", "地址": "汉渝路与松林路交叉口东北320米", "城市": "重庆市", "标签": "风景名胜;风景名胜相关;旅游景点", "区域名称": "沙坪坝区", "经度": 106.47537, "纬度": 29.562487, "电话": NaN, "图片标题1": NaN, "图片地址1": NaN, "图片标题2": NaN, "图片地址2": NaN, "图片标题3": NaN, "图片地址3": NaN}
{"名称": "五灵观", "地址": "锦绣东路与锦绣西路交叉口北约100米", "城市": "重庆市", "标签": "风景名胜;风景名胜相关;旅游景点", "区域名称": "沙坪坝区", "经度": 106.436851, "纬度": 29.571506, "电话": NaN, "图片标题1": NaN, "图片地址1": NaN, "图片标题2": NaN, "图片地址2": NaN, "图片标题3": NaN, "图片地址3": NaN}
{"名称": "磁器口古镇", "地址": "磁童路", "城市": "重庆市", "标签": "风景名胜;风景名胜;国家级景点", "区域名称": "沙坪坝区", "经度": 106.449691, "纬度": 29.581173, "电话": "023-65322661;023-66028333", "图片标题1": NaN, "图片地址1": "http://store.is.autonavi.com/showpic/0330c6007a58f3b995ac5fa59485235d", "图片标题2": NaN, "图片地址2": "http://aos-cdn-image.amap.com/sns/ugccomment/d9da97ba-5ac0-424a-b81d-cad684adf00e.jpg", "图片标题3": NaN, "图片地址3": "http://aos-cdn-image.amap.com/sns/ugccomment/0563885f-17e8-4b9a-b97f-ce1e60360f19.jpg"}
{"名称": "歌乐山国家森林公园", "地址": "歌乐山街道", "城市": "重庆市", "标签": "风景名胜;风景名胜;国家级景点", "区域名称": "沙坪坝区", "经度": 106.428283, "纬度": 29.567829, "电话": "023-65510647;023-65505778", "图片标题1": NaN, "图片地址1": "http://store.is.autonavi.com/showpic/10599f26e4ece4580d2daa2cac2533ab", "图片标题2": "歌乐山国家森林公园", "图片地址2": "http://store.is.autonavi.com/showpic/c0bd6054b7aca1407c2e71c4b000ee89", "图片标题3": "歌乐山国家森林公园", "图片地址3": "http://store.is.autonavi.com/showpic/88b094ce5214b26bbe1aa4bec87f6018"}
{"名称": "莲花湖风景区", "地址": "曾家镇", "城市": "重庆市", "标签": "风景名胜;风景名胜;省级景点", "区域名称": "沙坪坝区", "经度": 106.281913, "纬度": 29.537964, "电话": "13896959669", "图片标题1": NaN, "图片地址1": "http://aos-cdn-image.amap.com/sns/ugccomment/79048ce9-4969-48a7-b807-330d4d18c3c8.jpg", "图片标题2": NaN, "图片地址2": "http://store.is.autonavi.com/showpic/131d1243133fe5cccbab6cc781033017", "图片标题3": NaN, "图片地址3": "http://store.is.autonavi.com/showpic/ec4143cec7118549a71aa43d8b6375ea"}
{"名称": "融汇温泉", "地址": "汇泉路6号", "城市": "重庆市", "标签": "风景名胜;风景名胜相关;旅游景点", "区域名称": "沙坪坝区", "经度": 106.440809, "纬度": 29.540782, "电话": "023-65269999", "图片标题1": NaN, "图片地址1": "http://store.is.autonavi.com/showpic/4ed9e60fd22b5cde4261f024af4a3a9b", "图片标题2": NaN, "图片地址2": "http://store.is.autonavi.com/showpic/35ef40e9b1792dc6e87005ad88285fe2", "图片标题3": NaN, "图片地址3": "http://store.is.autonavi.com/showpic/7844f4cf2b3958b882dc35bad50c14b9"}
{"名称": "虎峰山桃花基地", "地址": "虎峰山景区", "城市": "重庆市", "标签": "风景名胜;风景名胜相关;旅游景点", "区域名称": "沙坪坝区", "经度": 106.260367, "纬度": 29.539094, "电话": NaN, "图片标题1": NaN, "图片地址1": NaN, "图片标题2": NaN, "图片地址2": NaN, "图片标题3": NaN, "图片地址3": NaN}
{"名称": "念佛堂", "地址": "保育路与森林路交叉口南150米", "城市": "重庆市", "标签": "风景名胜;风景名胜相关;旅游景点", "区域名称": "沙坪坝区", "经度": 106.421568, "纬度": 29.573449, "电话": NaN, "图片标题1": NaN, "图片地址1": "http://store.is.autonavi.com/showpic/9ed25253f3fc82eb116add86b91b8516", "图片标题2": NaN, "图片地址2": "http://store.is.autonavi.com/showpic/ed75fa0e8ec739fbb1d9e09aa36a5978", "图片标题3": NaN, "图片地址3": "http://store.is.autonavi.com/showpic/0890977fa8a3abb7512ab5f5e97b7699"}
{"名称": "碰碰车", "地址": "天陈路52号(沙坪坝地铁站7号口步行300米)", "城市": "重庆市", "标签": "风景名胜;风景名胜相关;旅游景点", "区域名称": "沙坪坝区", "经度": 106.4576, "纬度": 29.55158, "电话": NaN, "图片标题1": NaN, "图片地址1": "http://store.is.autonavi.com/showpic/877262aa0bcf0ca379bf2357a3416d8a", "图片标题2": NaN, "图片地址2": NaN, "图片标题3": NaN, "图片地址3": NaN}
{"名称": "渣滓洞监狱旧址", "地址": "凌云路", "城市": "重庆市", "标签": "风景名胜;风景名胜;国家级景点", "区域名称": "沙坪坝区", "经度": 106.433435, "纬度": 29.585496, "电话": "023-65314419", "图片标题1": NaN, "图片地址1": "http://store.is.autonavi.com/showpic/20d594d2893d3383ce8fdf0d2141281f", "图片标题2": NaN, "图片地址2": "http://store.is.autonavi.com/showpic/d5ce84e47ad42694cce362863452e84f", "图片标题3": NaN, "图片地址3": "http://store.is.autonavi.com/showpic/126e1881835ced731ac2bc2fb5937f65"}
{"名称": "古道三百梯", "地址": "歌乐山凌云路", "城市": "重庆市", "标签": "风景名胜;风景名胜相关;旅游景点", "区域名称": "沙坪坝区", "经度": 106.428808, "纬度": 29.576631, "电话": NaN, "图片标题1": NaN, "图片地址1": "http://store.is.autonavi.com/showpic/5c2aeefd0c616ad8a83f84b59dc922b7", "图片标题2": NaN, "图片地址2": "http://store.is.autonavi.com/showpic/a0d752cd72b7ba68b3a6d59d4bda0e11", "图片标题3": NaN, "图片地址3": NaN}
{"名称": "崖顶观江", "地址": "揽江雅苑西北侧230米", "城市": "重庆市", "标签": "风景名胜;风景名胜相关;旅游景点", "区域名称": "沙坪坝区", "经度": 106.482388, "纬度": 29.550127, "电话": NaN, "图片标题1": NaN, "图片地址1": "https://aos-comment.amap.com/B0IB9Z48QE/headerImg/908200f4817299365ff9ffc479025700_2048_2048_80.jpg", "图片标题2": NaN, "图片地址2": "http://store.is.autonavi.com/showpic/7087f32ad2986e07acd04b9f5aba3846", "图片标题3": NaN, "图片地址3": NaN}
{"名称": "继业岛", "地址": "壮志路2号西南政法大学沙坪坝校区", "城市": "重庆市", "标签": "风景名胜;风景名胜相关;旅游景点", "区域名称": "沙坪坝区", "经度": 106.441193, "纬度": 29.570737, "电话": NaN, "图片标题1": NaN, "图片地址1": NaN, "图片标题2": NaN, "图片地址2": NaN, "图片标题3": NaN, "图片地址3": NaN}
{"名称": "字道祠堂", "地址": "三峡广场(沙坪坝地铁站2号口步行310米)", "城市": "重庆市", "标签": "风景名胜;风景名胜相关;旅游景点", "区域名称": "沙坪坝区", "经度": 106.464083, "纬度": 29.557157, "电话": NaN, "图片标题1": NaN, "图片地址1": NaN, "图片标题2": NaN, "图片地址2": NaN, "图片标题3": NaN, "图片地址3": NaN}
{"名称": "朗读亭", "地址": "凤天大道重庆图书馆(新馆)", "城市": "重庆市", "标签": "风景名胜;风景名胜相关;旅游景点", "区域名称": "沙坪坝区", "经度": 106.454416, "纬度": 29.531825, "电话": NaN, "图片标题1": NaN, "图片地址1": NaN, "图片标题2": NaN, "图片地址2": NaN, "图片标题3": NaN, "图片地址3": NaN}
{"名称": "重庆炮校遗址", "地址": "大学城北路与富力中路交叉口北340米", "城市": "重庆市", "标签": "风景名胜;风景名胜相关;旅游景点", "区域名称": "沙坪坝区", "经度": 106.325106, "纬度": 29.610287, "电话": NaN, "图片标题1": NaN, "图片地址1": "https://aos-comment.amap.com/B0FFL78GO3/headerImg/content_media_external_images_media_31507_1659797820810_54340a18.jpg", "图片标题2": NaN, "图片地址2": "https://aos-comment.amap.com/B0FFL78GO3/headerImg/content_media_external_images_media_33174_1659797820811_22554d48.jpg", "图片标题3": NaN, "图片地址3": "https://aos-comment.amap.com/B0FFL78GO3/headerImg/content_media_external_images_media_33169_1659797820812_e7a44668.jpg"}
{"名称": "童善桥村人工湿地", "地址": NaN, "城市": "重庆市", "标签": "风景名胜;风景名胜相关;旅游景点", "区域名称": "沙坪坝区", "经度": 106.392235, "纬度": 29.541664, "电话": NaN, "图片标题1": NaN, "图片地址1": NaN, "图片标题2": NaN, "图片地址2": NaN, "图片标题3": NaN, "图片地址3": NaN}
{"名称": "青木关果老寨遗址", "地址": NaN, "城市": "重庆市", "标签": "风景名胜;风景名胜相关;旅游景点", "区域名称": "沙坪坝区", "经度": 106.299512, "纬度": 29.658781, "电话": NaN, "图片标题1": NaN, "图片地址1": "https://aos-comment.amap.com/B0G0DP5HA5/headerImg/4b1b6497dc4d1fb503292224e732d2ba_2048_2048_80.jpg", "图片标题2": NaN, "图片地址2": NaN, "图片标题3": NaN, "图片地址3": NaN}
{"名称": "南开中学桃李湖", "地址": "沙南街1号南开中学内", "城市": "重庆市", "标签": "风景名胜;风景名胜相关;旅游景点", "区域名称": "沙坪坝区", "经度": 106.45765, "纬度": 29.560408, "电话": NaN, "图片标题1": NaN, "图片地址1": NaN, "图片标题2": NaN, "图片地址2": NaN, "图片标题3": NaN, "图片地址3": NaN}
{"名称": "蒋氏宗院", "地址": "团歇路回龙坝聚龙城67号附9号1层", "城市": "重庆市", "标签": "风景名胜;风景名胜相关;旅游景点", "区域名称": "沙坪坝区", "经度": 106.384397, "纬度": 29.701622, "电话": NaN, "图片标题1": NaN, "图片地址1": "http://store.is.autonavi.com/showpic/7abdf2ed1f52397cd8ae2926ffdd2753", "图片标题2": NaN, "图片地址2": "https://aos-comment.amap.com/B0G0V4HR3X/comment/8bc2558c642c5bfb2d7ac850a4c80991_2048_2048_80.jpg", "图片标题3": NaN, "图片地址3": "https://aos-comment.amap.com/B0G0V4HR3X/comment/f4c6b6d9f7e8a4b46b656fbabbd633c9_2048_2048_80.jpg"}
{"名称": "艾萨克·牛顿雕像", "地址": "重庆师范大学(大学城校区)", "城市": "重庆市", "标签": "风景名胜;风景名胜相关;旅游景点", "区域名称": "沙坪坝区", "经度": 106.302857, "纬度": 29.613095, "电话": NaN, "图片标题1": NaN, "图片地址1": "http://store.is.autonavi.com/showpic/bd8718db433c2c7725e94192ae919e0d", "图片标题2": NaN, "图片地址2": NaN, "图片标题3": NaN, "图片地址3": NaN}
{"名称": "山城玫瑰花海(暂停开放)", "地址": "中梁镇后槽路何家寨湾", "城市": "重庆市", "标签": "风景名胜;风景名胜相关;旅游景点", "区域名称": "沙坪坝区", "经度": 106.411915, "纬度": 29.716732, "电话": "13996208856", "图片标题1": NaN, "图片地址1": "https://aos-comment.amap.com/B0FFMDWECG/headerImg/4a79ef0943fb505b703c74ba0c83743f_2048_2048_80.jpg", "图片标题2": NaN, "图片地址2": "http://store.is.autonavi.com/showpic/892e659be0802114e7e7cf9cea82cbe2", "图片标题3": NaN, "图片地址3": "https://aos-comment.amap.com/B0FFMDWECG/headerImg/ef109732bd776cc768910964692c9296_2048_2048_80.jpg"}
{"名称": "四川外国语大学雕像", "地址": "壮志路33号四川外国语大学", "城市": "重庆市", "标签": "风景名胜;风景名胜相关;旅游景点", "区域名称": "沙坪坝区", "经度": 106.434596, "纬度": 29.571754, "电话": NaN, "图片标题1": NaN, "图片地址1": NaN, "图片标题2": NaN, "图片地址2": NaN, "图片标题3": NaN, "图片地址3": NaN}
{"名称": "花漫大地四季花卉景观园", "地址": "凤凰镇胡南坝村凤凰花海景区", "城市": "重庆市", "标签": "购物服务;花鸟鱼虫市场;花卉市场|风景名胜;风景名胜相关;旅游景点", "区域名称": "沙坪坝区", "经度": 106.352853, "纬度": 29.713778, "电话": NaN, "图片标题1": NaN, "图片地址1": NaN, "图片标题2": NaN, "图片地址2": NaN, "图片标题3": NaN, "图片地址3": NaN}
{"名称": "传鉴亭", "地址": "沙坪坝南街与沙坪坝正街交叉口西南220米", "城市": "重庆市", "标签": "风景名胜;风景名胜相关;旅游景点", "区域名称": "沙坪坝区", "经度": 106.460737, "纬度": 29.561734, "电话": NaN, "图片标题1": NaN, "图片地址1": NaN, "图片标题2": NaN, "图片地址2": NaN, "图片标题3": NaN, "图片地址3": NaN}
{"名称": "国立中央工校校址纪念碑亭", "地址": "汉渝路与松林路交叉口东北320米", "城市": "重庆市", "标签": "风景名胜;风景名胜相关;旅游景点", "区域名称": "沙坪坝区", "经度": 106.47537, "纬度": 29.562487, "电话": NaN, "图片标题1": NaN, "图片地址1": NaN, "图片标题2": NaN, "图片地址2": NaN, "图片标题3": NaN, "图片地址3": NaN}
{"名称": "五灵观", "地址": "锦绣东路与锦绣西路交叉口北约100米", "城市": "重庆市", "标签": "风景名胜;风景名胜相关;旅游景点", "区域名称": "沙坪坝区", "经度": 106.436851, "纬度": 29.571506, "电话": NaN, "图片标题1": NaN, "图片地址1": NaN, "图片标题2": NaN, "图片地址2": NaN, "图片标题3": NaN, "图片地址3": NaN}
{"名称": "洞舰1号", "地址": "土湾街道40号", "城市": "重庆市", "标签": "风景名胜;风景名胜相关;旅游景点", "区域名称": "沙坪坝区", "经度": 106.479714, "纬度": 29.553502, "电话": NaN, "图片标题1": NaN, "图片地址1": "https://aos-comment.amap.com/B0I1N7BOGG/headerImg/0e408bee557c1eaa9798f5e7b8ba3aae_2048_2048_80.jpg", "图片标题2": NaN, "图片地址2": "https://aos-comment.amap.com/B0I1N7BOGG/comment/0291ff280240a7093d2f0f44453fc059_2048_2048_80.jpg", "图片标题3": NaN, "图片地址3": "https://aos-comment.amap.com/B0I1N7BOGG/comment/a6b194a0a156b913e226f85070b58ff0_2048_2048_80.jpg"}
{"名称": "山洞抗战遗址群(潘文华公馆)", "地址": "山洞街道平正村75号", "城市": "重庆市", "标签": "风景名胜;风景名胜相关;旅游景点", "区域名称": "沙坪坝区", "经度": 106.421377, "纬度": 29.515259, "电话": NaN, "图片标题1": NaN, "图片地址1": NaN, "图片标题2": NaN, "图片地址2": NaN, "图片标题3": NaN, "图片地址3": NaN}
{"名称": "歌乐山林园", "地址": "山洞路218号歌乐山林园", "城市": "重庆市", "标签": "风景名胜;风景名胜相关;旅游景点", "区域名称": "沙坪坝区", "经度": 106.420622, "纬度": 29.522504, "电话": NaN, "图片标题1": NaN, "图片地址1": NaN, "图片标题2": NaN, "图片地址2": NaN, "图片标题3": NaN, "图片地址3": NaN}
{"名称": "松林坡大尸坑", "地址": "凌云路与壮志路交叉口西140米", "城市": "重庆市", "标签": "风景名胜;风景名胜相关;旅游景点", "区域名称": "沙坪坝区", "经度": 106.433245, "纬度": 29.579018, "电话": NaN, "图片标题1": NaN, "图片地址1": NaN, "图片标题2": NaN, "图片地址2": NaN, "图片标题3": NaN, "图片地址3": NaN}
{"名称": "重庆歌乐山烈士陵园烈士诗文碑林", "地址": "壮志路与童歌路交叉口西60米", "城市": "重庆市", "标签": "生活服务;丧葬设施;陵园|风景名胜;风景名胜相关;旅游景点", "区域名称": "沙坪坝区", "经度": 106.438317, "纬度": 29.57308, "电话": NaN, "图片标题1": NaN, "图片地址1": NaN, "图片标题2": NaN, "图片地址2": NaN, "图片标题3": NaN, "图片地址3": NaN}
{"名称": "兴宇金麟苑保安亭", "地址": "天马支路与都市花园中路交叉口东120米", "城市": "重庆市", "标签": "风景名胜;风景名胜相关;旅游景点", "区域名称": "沙坪坝区", "经度": 106.454295, "纬度": 29.542461, "电话": NaN, "图片标题1": NaN, "图片地址1": "http://store.is.autonavi.com/showpic/2183dd797f0151750f5ed99363b28531", "图片标题2": NaN, "图片地址2": NaN, "图片标题3": NaN, "图片地址3": NaN}
{"名称": "沙坪坝卢继林", "地址": "杨公桥地铁站4号口步行290米", "城市": "重庆市", "标签": "风景名胜;风景名胜相关;旅游景点", "区域名称": "沙坪坝区", "经度": 106.452917, "纬度": 29.563926, "电话": NaN, "图片标题1": NaN, "图片地址1": "http://store.is.autonavi.com/showpic/89defd15ea11f685e4aefd68d2f3be74", "图片标题2": NaN, "图片地址2": NaN, "图片标题3": NaN, "图片地址3": NaN}
{"名称": "NEW磁场", "地址": "磁童路步行街内", "城市": "重庆市", "标签": "风景名胜;风景名胜相关;旅游景点", "区域名称": "沙坪坝区", "经度": 106.449789, "纬度": 29.577731, "电话": NaN, "图片标题1": NaN, "图片地址1": NaN, "图片标题2": NaN, "图片地址2": NaN, "图片标题3": NaN, "图片地址3": NaN}
{"名称": "重庆歌乐山桃花谷", "地址": "歌乐山街道歌乐村红庙社", "城市": "重庆市", "标签": "风景名胜;风景名胜相关;旅游景点", "区域名称": "沙坪坝区", "经度": 106.405523, "纬度": 29.586457, "电话": "023-65502090", "图片标题1": NaN, "图片地址1": "http://store.is.autonavi.com/showpic/b0bd6fa5f55b41d43dae6540c9f38ddc", "图片标题2": NaN, "图片地址2": NaN, "图片标题3": NaN, "图片地址3": NaN}
{"名称": "工农坡(沙坪坝)", "地址": "平安大道双碑小学", "城市": "重庆市", "标签": "风景名胜;风景名胜相关;旅游景点", "区域名称": "沙坪坝区", "经度": 106.44141, "纬度": 29.610158, "电话": NaN, "图片标题1": NaN, "图片地址1": NaN, "图片标题2": NaN, "图片地址2": NaN, "图片标题3": NaN, "图片地址3": NaN}
{"名称": "博望亭(望夫亭)", "地址": "重庆师范大学", "城市": "重庆市", "标签": "风景名胜;风景名胜相关;旅游景点", "区域名称": "沙坪坝区", "经度": 106.300621, "纬度": 29.614123, "电话": NaN, "图片标题1": NaN, "图片地址1": "https://aos-comment.amap.com/B0FFL0RPP0/headerImg/0dc9638617024ed5a3f19d48f60c7d43_2048_2048_80.jpg", "图片标题2": NaN, "图片地址2": "https://aos-comment.amap.com/B0FFL0RPP0/headerImg/a1ee198d95a994595ba2237e85d3e36f_2048_2048_80.jpg", "图片标题3": NaN, "图片地址3": "https://aos-comment.amap.com/B0FFL0RPP0/headerImg/03abb8a2ca450a9b3b55db349c0f690f_2048_2048_80.jpg"}
{"名称": "沙坪公园-大摇摆", "地址": "沙坪公园内(东侧)", "城市": "重庆市", "标签": "风景名胜;风景名胜相关;旅游景点", "区域名称": "沙坪坝区", "经度": 106.457344, "纬度": 29.551544, "电话": "023-65318936", "图片标题1": NaN, "图片地址1": NaN, "图片标题2": NaN, "图片地址2": NaN, "图片标题3": NaN, "图片地址3": NaN}
{"名称": "旅客中心", "地址": "黄桷坪一巷与磁器口步行街交叉口北20米", "城市": "重庆市", "标签": "风景名胜;风景名胜相关;旅游景点", "区域名称": "沙坪坝区", "经度": 106.452232, "纬度": 29.578976, "电话": NaN, "图片标题1": NaN, "图片地址1": NaN, "图片标题2": NaN, "图片地址2": NaN, "图片标题3": NaN, "图片地址3": NaN}
{"名称": "嘉陵文化广场-天阅家陵", "地址": "嘉新路首创城", "城市": "重庆市", "标签": "风景名胜;风景名胜相关;旅游景点", "区域名称": "沙坪坝区", "经度": 106.451661, "纬度": 29.608857, "电话": NaN, "图片标题1": NaN, "图片地址1": NaN, "图片标题2": NaN, "图片地址2": NaN, "图片标题3": NaN, "图片地址3": NaN}
{"名称": "烈士雕塑区", "地址": "凌云路与壮志路交叉口北420米", "城市": "重庆市", "标签": "风景名胜;风景名胜相关;旅游景点", "区域名称": "沙坪坝区", "经度": 106.434453, "纬度": 29.582349, "电话": NaN, "图片标题1": NaN, "图片地址1": "http://store.is.autonavi.com/showpic/b10452d27e6c5f96e0c5d15759fbc375", "图片标题2": NaN, "图片地址2": NaN, "图片标题3": NaN, "图片地址3": NaN}
{"名称": "巴金雕像", "地址": "三峡广场步行商业街华宇广场", "城市": "重庆市", "标签": "风景名胜;风景名胜相关;旅游景点", "区域名称": "沙坪坝区", "经度": 106.461211, "纬度": 29.55617, "电话": NaN, "图片标题1": NaN, "图片地址1": NaN, "图片标题2": NaN, "图片地址2": NaN, "图片标题3": NaN, "图片地址3": NaN}
{"名称": "山洞抗战遗址群", "地址": "山峰路与山洞路交叉口北380米", "城市": "重庆市", "标签": "风景名胜;风景名胜相关;旅游景点", "区域名称": "沙坪坝区", "经度": 106.421377, "纬度": 29.515259, "电话": NaN, "图片标题1": NaN, "图片地址1": NaN, "图片标题2": NaN, "图片地址2": NaN, "图片标题3": NaN, "图片地址3": NaN}
{"名称": "歌乐山国际慢城", "地址": "北金路", "城市": "重庆市", "标签": "风景名胜;风景名胜相关;旅游景点", "区域名称": "沙坪坝区", "经度": 106.422869, "纬度": 29.721021, "电话": NaN, "图片标题1": NaN, "图片地址1": NaN, "图片标题2": NaN, "图片地址2": NaN, "图片标题3": NaN, "图片地址3": NaN}
{"名称": "七彩巷", "地址": "杨梨路与杨公桥交叉口西北60米", "城市": "重庆市", "标签": "风景名胜;风景名胜相关;旅游景点", "区域名称": "沙坪坝区", "经度": 106.447733, "纬度": 29.562782, "电话": NaN, "图片标题1": NaN, "图片地址1": "http://aos-cdn-image.amap.com/sns/ugccomment/f2458243-4587-45f1-acf0-e69f3cc2dbbd.jpg", "图片标题2": NaN, "图片地址2": "https://aos-comment.amap.com/B0HD39QYFL/headerImg/c772c95fd3e39a7bfe839eb7cd241837_2048_2048_80.jpg", "图片标题3": NaN, "图片地址3": "https://aos-comment.amap.com/B0HD39QYFL/headerImg/ffd4b955b3950ad83c3536e084b75328_2048_2048_80.jpg"}
{"名称": "冰心雕像", "地址": "渝碚路58-16号附近(沙坪坝地铁站2号口步行90米)", "城市": "重庆市", "标签": "风景名胜;风景名胜相关;旅游景点", "区域名称": "沙坪坝区", "经度": 106.461166, "纬度": 29.555776, "电话": NaN, "图片标题1": NaN, "图片地址1": "http://aos-cdn-image.amap.com/sns/ugccomment/4717d0b2-7248-4f7b-a7e3-97f36ec0c473.jpg", "图片标题2": NaN, "图片地址2": NaN, "图片标题3": NaN, "图片地址3": NaN}
{"名称": "小萝卜头被害处", "地址": "歌乐山凌云路松林坡内", "城市": "重庆市", "标签": "风景名胜;风景名胜相关;旅游景点", "区域名称": "沙坪坝区", "经度": 106.431975, "纬度": 29.57832, "电话": "023-65442884", "图片标题1": NaN, "图片地址1": "https://aos-comment.amap.com/B0FFJ5JVRM/headerImg/9639ED22_3C87_4063_A09F_500DCD0B0520_L0_001_IMG_0518_1656384875829_e469ea48.HEIC", "图片标题2": NaN, "图片地址2": "https://aos-comment.amap.com/B0FFJ5JVRM/headerImg/F3B401A0_C589_4A1F_BE30_9EFD01624785_L0_001_IMG_0517_1656384875830_b0ba8b08.HEIC", "图片标题3": NaN, "图片地址3": "https://aos-comment.amap.com/B0FFJ5JVRM/headerImg/95895174_E8EA_476C_AF75_B0205F2B2066_L0_001_IMG_0519_1656384875830_02c33018.HEIC"}
{"名称": "仁寿桥", "地址": "磁器口古镇旁清水溪", "城市": "重庆市", "标签": "风景名胜;风景名胜相关;旅游景点", "区域名称": "沙坪坝区", "经度": 106.451972, "纬度": 29.578084, "电话": NaN, "图片标题1": NaN, "图片地址1": "http://store.is.autonavi.com/showpic/623dd40256fb331b2d866fd64088c613", "图片标题2": NaN, "图片地址2": "http://store.is.autonavi.com/showpic/debd102f65db3e26f36a3829d35815a6", "图片标题3": NaN, "图片地址3": "https://comment-oss-online.oss-cn-wulanchabu.aliyuncs.com/B0IGKZKD6Y/comment/content_media_external_images_media_1404.jpg"}
{"名称": "徐悲鸿雕像", "地址": "小龙坎新街36附4号附近(沙坪坝地铁站2号口步行90米)", "城市": "重庆市", "标签": "风景名胜;风景名胜相关;旅游景点", "区域名称": "沙坪坝区", "经度": 106.461059, "纬度": 29.55561, "电话": NaN, "图片标题1": NaN, "图片地址1": NaN, "图片标题2": NaN, "图片地址2": NaN, "图片标题3": NaN, "图片地址3": NaN}
{"名称": "国际慢城", "地址": "后槽路", "城市": "重庆市", "标签": "风景名胜;风景名胜相关;旅游景点", "区域名称": "沙坪坝区", "经度": 106.41837, "纬度": 29.737165, "电话": NaN, "图片标题1": NaN, "图片地址1": NaN, "图片标题2": NaN, "图片地址2": NaN, "图片标题3": NaN, "图片地址3": NaN}
{"名称": "大学城全景观景台", "地址": "建水路东50米", "城市": "重庆市", "标签": "风景名胜;风景名胜相关;旅游景点", "区域名称": "沙坪坝区", "经度": 106.286539, "纬度": 29.628499, "电话": NaN, "图片标题1": NaN, "图片地址1": "http://aos-cdn-image.amap.com/sns/ugccomment/06c79ece-34c7-4f48-a0a7-697fbc9a100d.jpg", "图片标题2": NaN, "图片地址2": "http://aos-cdn-image.amap.com/sns/ugccomment/9ee61180-1ff5-43af-84d1-fa5222d27392.jpg", "图片标题3": NaN, "图片地址3": "http://aos-cdn-image.amap.com/sns/ugccomment/1dad615a-e76f-4412-976b-2d62eaa5d534.jpg"}
{"名称": "郭沫若雕像", "地址": "三峡广场(沙坪坝地铁站出入口步行80米)", "城市": "重庆市", "标签": "风景名胜;风景名胜相关;旅游景点", "区域名称": "沙坪坝区", "经度": 106.461252, "纬度": 29.556501, "电话": NaN, "图片标题1": NaN, "图片地址1": "http://aos-cdn-image.amap.com/sns/ugccomment/df1330ff-1581-4591-9fd9-093b7b6c849a.jpg", "图片标题2": NaN, "图片地址2": NaN, "图片标题3": NaN, "图片地址3": NaN}
{"名称": "五虎岭", "地址": "202乡道与石小路交叉口东320米", "城市": "重庆市", "标签": "风景名胜;风景名胜相关;旅游景点", "区域名称": "沙坪坝区", "经度": 106.47313, "纬度": 29.54946, "电话": NaN, "图片标题1": NaN, "图片地址1": "https://aos-comment.amap.com/B0HGNMMID8/headerImg/58e90c7250c2cc4f6dc1a965ea3a5b9e_2048_2048_80.jpg", "图片标题2": NaN, "图片地址2": NaN, "图片标题3": NaN, "图片地址3": NaN}
{"名称": "时光穿梭仓", "地址": "永长路西著七里", "城市": "重庆市", "标签": "风景名胜;风景名胜相关;旅游景点", "区域名称": "沙坪坝区", "经度": 106.357761, "纬度": 29.612525, "电话": NaN, "图片标题1": NaN, "图片地址1": "http://store.is.autonavi.com/showpic/ecfde246ac35f4d3f7c9153c2fa0431b", "图片标题2": NaN, "图片地址2": NaN, "图片标题3": NaN, "图片地址3": NaN}
{"名称": "重庆师范大学-荷花池", "地址": "天陈路12号", "城市": "重庆市", "标签": "风景名胜;风景名胜相关;旅游景点", "区域名称": "沙坪坝区", "经度": 106.455011, "纬度": 29.558176, "电话": NaN, "图片标题1": NaN, "图片地址1": NaN, "图片标题2": NaN, "图片地址2": NaN, "图片标题3": NaN, "图片地址3": NaN}
{"名称": "万家宅院", "地址": "乡千里柴火鸡(重师店)东北侧50米", "城市": "重庆市", "标签": "风景名胜;风景名胜相关;旅游景点", "区域名称": "沙坪坝区", "经度": 106.291648, "纬度": 29.62412, "电话": NaN, "图片标题1": NaN, "图片地址1": NaN, "图片标题2": NaN, "图片地址2": NaN, "图片标题3": NaN, "图片地址3": NaN}
{"名称": "瑶池胜景", "地址": "歌乐山龙虎休闲俱乐部对面", "城市": "重庆市", "标签": "风景名胜;风景名胜相关;旅游景点", "区域名称": "沙坪坝区", "经度": 106.405052, "纬度": 29.581489, "电话": NaN, "图片标题1": NaN, "图片地址1": "http://store.is.autonavi.com/showpic/6a58679de9010c50ad7ffd24199c5beb", "图片标题2": NaN, "图片地址2": "http://store.is.autonavi.com/showpic/0a79bb16dd15518c9f4fbf236ff0beee", "图片标题3": NaN, "图片地址3": "http://store.is.autonavi.com/showpic/ece5d266511ff9a1e8e5b75e80cc3075"}
{"名称": "许建业烈士", "地址": "壮志路治法三村63号白公馆内", "城市": "重庆市", "标签": "风景名胜;风景名胜相关;旅游景点", "区域名称": "沙坪坝区", "经度": 106.432927, "纬度": 29.576389, "电话": "023-65312013", "图片标题1": NaN, "图片地址1": NaN, "图片标题2": NaN, "图片地址2": NaN, "图片标题3": NaN, "图片地址3": NaN}
{"名称": "还我河山碑(冯玉祥书)", "地址": "歌乐山北街1号", "城市": "重庆市", "标签": "风景名胜;风景名胜相关;旅游景点", "区域名称": "沙坪坝区", "经度": 106.420069, "纬度": 29.572174, "电话": NaN, "图片标题1": NaN, "图片地址1": NaN, "图片标题2": NaN, "图片地址2": NaN, "图片标题3": NaN, "图片地址3": NaN}
{"名称": "荷塘悦色景区", "地址": "中梁街14号(沙坪坝区中梁街社区卫生服务站东南)", "城市": "重庆市", "标签": "风景名胜;风景名胜相关;旅游景点", "区域名称": "沙坪坝区", "经度": 106.425108, "纬度": 29.712257, "电话": "023-65546260", "图片标题1": NaN, "图片地址1": "https://aos-comment.amap.com/B0FFI0C6TE/headerImg/content_media_external_images_media_11595_1656081371492_a99f0328.jpg", "图片标题2": NaN, "图片地址2": "http://store.is.autonavi.com/showpic/549a2ee1ae4268275a955a44ac1e2adf", "图片标题3": NaN, "图片地址3": "https://aos-comment.amap.com/B0FFI0C6TE/headerImg/content_media_external_images_media_11695_1656081371493_a4611f08.jpg"}
{"名称": "烈士群雕铭", "地址": "壮志路歌乐山烈士陵园景区内", "城市": "重庆市", "标签": "风景名胜;风景名胜相关;旅游景点", "区域名称": "沙坪坝区", "经度": 106.440708, "纬度": 29.571702, "电话": NaN, "图片标题1": NaN, "图片地址1": NaN, "图片标题2": NaN, "图片地址2": NaN, "图片标题3": NaN, "图片地址3": NaN}
{"名称": "磁器口赋", "地址": "磁南街1号磁器口景区内", "城市": "重庆市", "标签": "风景名胜;风景名胜相关;旅游景点", "区域名称": "沙坪坝区", "经度": 106.453421, "纬度": 29.579177, "电话": NaN, "图片标题1": NaN, "图片地址1": NaN, "图片标题2": NaN, "图片地址2": NaN, "图片标题3": NaN, "图片地址3": NaN}
{"名称": "监江门", "地址": "工人街雪梨澳乡(小龙坎地铁站5A口步行440米)", "城市": "重庆市", "标签": "风景名胜;风景名胜相关;旅游景点", "区域名称": "沙坪坝区", "经度": 106.474159, "纬度": 29.555588, "电话": NaN, "图片标题1": NaN, "图片地址1": NaN, "图片标题2": NaN, "图片地址2": NaN, "图片标题3": NaN, "图片地址3": NaN}
{"名称": "平顶山文化公园-古楼寨", "地址": "202乡道与石小路交叉口东340米", "城市": "重庆市", "标签": "风景名胜;风景名胜相关;旅游景点", "区域名称": "沙坪坝区", "经度": 106.473148, "纬度": 29.547732, "电话": "023-65422238", "图片标题1": NaN, "图片地址1": NaN, "图片标题2": NaN, "图片地址2": NaN, "图片标题3": NaN, "图片地址3": NaN}
{"名称": "国民政府蒙藏委员会旧址", "地址": "西永老街公路对面", "城市": "重庆市", "标签": "风景名胜;风景名胜相关;旅游景点", "区域名称": "沙坪坝区", "经度": 106.363836, "纬度": 29.589363, "电话": NaN, "图片标题1": NaN, "图片地址1": "https://comment-oss-online.oss-cn-wulanchabu.aliyuncs.com/B0FFMH8ACI/headerImg/content_media_external_images_media_377925_1653394662365_dbbd756d.jpg", "图片标题2": NaN, "图片地址2": "https://comment-oss-online.oss-cn-wulanchabu.aliyuncs.com/B0FFMH8ACI/headerImg/content_media_external_images_media_377922_1653394662367_644da03e.jpg", "图片标题3": NaN, "图片地址3": "https://comment-oss-online.oss-cn-wulanchabu.aliyuncs.com/B0FFMH8ACI/headerImg/content_media_external_images_media_377921_1653394662367_ac5c7b88.jpg"}
{"名称": "仪宝亭", "地址": "重庆建筑科技职业学院操场主席台左侧", "城市": "重庆市", "标签": "风景名胜;风景名胜相关;旅游景点", "区域名称": "沙坪坝区", "经度": 106.327621, "纬度": 29.615524, "电话": NaN, "图片标题1": NaN, "图片地址1": "http://store.is.autonavi.com/showpic/f8affd78c0420ac817cf6c5982526db4", "图片标题2": NaN, "图片地址2": NaN, "图片标题3": NaN, "图片地址3": NaN}
{"名称": "乡村爱情长廊", "地址": "重庆捷力承仓储设备有限公司南侧280米", "城市": "重庆市", "标签": "风景名胜;风景名胜相关;旅游景点", "区域名称": "沙坪坝区", "经度": 106.278297, "纬度": 29.544881, "电话": NaN, "图片标题1": NaN, "图片地址1": "http://store.is.autonavi.com/showpic/cff365a8ddedab0e66ffb7d823202d2d", "图片标题2": NaN, "图片地址2": NaN, "图片标题3": NaN, "图片地址3": NaN}
{"名称": "叶挺将军事迹展览", "地址": "壮志路歌乐山烈士陵园景区内", "城市": "重庆市", "标签": "风景名胜;风景名胜相关;旅游景点", "区域名称": "沙坪坝区", "经度": 106.432767, "纬度": 29.568292, "电话": NaN, "图片标题1": NaN, "图片地址1": NaN, "图片标题2": NaN, "图片地址2": NaN, "图片标题3": NaN, "图片地址3": NaN}
{"名称": "抚远将军", "地址": "康城北路协信·城立方", "城市": "重庆市", "标签": "风景名胜;风景名胜相关;旅游景点", "区域名称": "沙坪坝区", "经度": 106.312108, "纬度": 29.581201, "电话": NaN, "图片标题1": NaN, "图片地址1": NaN, "图片标题2": NaN, "图片地址2": NaN, "图片标题3": NaN, "图片地址3": NaN}
{"名称": "蒋家院子(红炉厂秘密囚室)-第三展室", "地址": "壮志路歌乐山烈士陵园景区内", "城市": "重庆市", "标签": "风景名胜;风景名胜相关;旅游景点", "区域名称": "沙坪坝区", "经度": 106.432713, "纬度": 29.568222, "电话": NaN, "图片标题1": NaN, "图片地址1": NaN, "图片标题2": NaN, "图片地址2": NaN, "图片标题3": NaN, "图片地址3": NaN}
{"名称": "国立音乐学院旧址纪念亭", "地址": "新青路", "城市": "重庆市", "标签": "风景名胜;风景名胜相关;旅游景点", "区域名称": "沙坪坝区", "经度": 106.283037, "纬度": 29.678373, "电话": NaN, "图片标题1": NaN, "图片地址1": "http://aos-cdn-image.amap.com/sns/ugccomment/d5ace9fe-6fd6-43d3-89d1-674abedf95a0.jpg", "图片标题2": NaN, "图片地址2": NaN, "图片标题3": NaN, "图片地址3": NaN}
{"名称": "新开寺村居民点社务公开栏", "地址": "厦成线与山洞路交叉口东280米", "城市": "重庆市", "标签": "风景名胜;风景名胜相关;旅游景点", "区域名称": "沙坪坝区", "经度": 106.420822, "纬度": 29.543786, "电话": NaN, "图片标题1": NaN, "图片地址1": "http://store.is.autonavi.com/showpic/71c026afb65fd72eb9768057d5ef31dc", "图片标题2": NaN, "图片地址2": NaN, "图片标题3": NaN, "图片地址3": NaN}
{"名称": "劳动桥121附20号", "地址": "双碑鼎盛时空(双碑地铁站东南)", "城市": "重庆市", "标签": "风景名胜;风景名胜相关;旅游景点", "区域名称": "沙坪坝区", "经度": 106.445636, "纬度": 29.604393, "电话": NaN, "图片标题1": NaN, "图片地址1": NaN, "图片标题2": NaN, "图片地址2": NaN, "图片标题3": NaN, "图片地址3": NaN}
{"名称": "金蓉桥", "地址": "磁器口古镇桥头观音旁", "城市": "重庆市", "标签": "风景名胜;风景名胜相关;旅游景点", "区域名称": "沙坪坝区", "经度": 106.45266, "纬度": 29.580617, "电话": NaN, "图片标题1": NaN, "图片地址1": "http://store.is.autonavi.com/showpic/e7b7e408ce1cd581a1c85c7060c6a4a8", "图片标题2": NaN, "图片地址2": "http://store.is.autonavi.com/showpic/b45c3a76ecc6030f9ea8ec3ccd324150", "图片标题3": NaN, "图片地址3": "http://store.is.autonavi.com/showpic/82c5c7cd6fe5c56edecff5b9f9fed80b"}
{"名称": "重庆青年电影展", "地址": "烈士墓壮志路33号重庆青年电影展", "城市": "重庆市", "标签": "风景名胜;风景名胜相关;旅游景点", "区域名称": "沙坪坝区", "经度": 106.438337, "纬度": 29.571978, "电话": NaN, "图片标题1": NaN, "图片地址1": NaN, "图片标题2": NaN, "图片地址2": NaN, "图片标题3": NaN, "图片地址3": NaN}
{"名称": "三角碑转盘", "地址": "小龙坎新街48-5号(沙坪坝地铁站2号口步行340米)", "城市": "重庆市", "标签": "风景名胜;风景名胜相关;旅游景点", "区域名称": "沙坪坝区", "经度": 106.464574, "纬度": 29.557641, "电话": NaN, "图片标题1": NaN, "图片地址1": "http://store.is.autonavi.com/showpic/68ced986e57e18396f9439826e7d06ad", "图片标题2": NaN, "图片地址2": "http://aos-cdn-image.amap.com/sns/ugccomment/ad732230-3208-484d-a40b-cda201ea1caa.jpg", "图片标题3": NaN, "图片地址3": NaN}
{"名称": "民主湖", "地址": "沙坪坝正街174号重庆大学A区", "城市": "重庆市", "标签": "风景名胜;风景名胜相关;旅游景点", "区域名称": "沙坪坝区", "经度": 106.46958, "纬度": 29.562862, "电话": NaN, "图片标题1": "民主湖", "图片地址1": "http://store.is.autonavi.com/showpic/82f8942e88c020264f88426f4e2ebfca", "图片标题2": "民主湖", "图片地址2": "http://store.is.autonavi.com/showpic/06c2e98ba69bf8f420311620d73a5540", "图片标题3": "民主湖", "图片地址3": "http://store.is.autonavi.com/showpic/483c7563b59f00cf32e068501cfb2fd7"}
{"名称": "中国国际广播电台电力厂旧址", "地址": "下土湾路6号", "城市": "重庆市", "标签": "风景名胜;风景名胜相关;旅游景点", "区域名称": "沙坪坝区", "经度": 106.485519, "纬度": 29.55252, "电话": NaN, "图片标题1": NaN, "图片地址1": "http://store.is.autonavi.com/showpic/e8a6973c6541cb5f8ca409184be93d4b", "图片标题2": NaN, "图片地址2": NaN, "图片标题3": NaN, "图片地址3": NaN}
{"名称": "沙坪坝三峡广场(利郎专卖店)", "地址": "天程路12号重庆师范大学沙坪坝校区", "城市": "重庆市", "标签": "风景名胜;风景名胜相关;旅游景点", "区域名称": "沙坪坝区", "经度": 106.461056, "纬度": 29.554551, "电话": NaN, "图片标题1": NaN, "图片地址1": "http://store.is.autonavi.com/showpic/a52cbb5e1ffc578f842da9fadb50e68e", "图片标题2": NaN, "图片地址2": NaN, "图片标题3": NaN, "图片地址3": NaN}
{"名称": "黄葛树下龙门阵", "地址": "三峡广场(沙坪坝地铁站出入口步行460米)", "城市": "重庆市", "标签": "风景名胜;风景名胜相关;旅游景点", "区域名称": "沙坪坝区", "经度": 106.462979, "纬度": 29.558674, "电话": NaN, "图片标题1": NaN, "图片地址1": "http://store.is.autonavi.com/showpic/6dfe65ccdbc0471df4feed93436255e0", "图片标题2": NaN, "图片地址2": NaN, "图片标题3": NaN, "图片地址3": NaN}
{"名称": "虎峰寺遗址", "地址": "曾家镇虎峰山村虎峰山景区内(西侧)", "城市": "重庆市", "标签": "风景名胜;风景名胜相关;旅游景点", "区域名称": "沙坪坝区", "经度": 106.25122, "纬度": 29.541822, "电话": NaN, "图片标题1": NaN, "图片地址1": "http://store.is.autonavi.com/showpic/18164d6779dc0d87218de7bc9947b906", "图片标题2": NaN, "图片地址2": "http://store.is.autonavi.com/showpic/fde8f8358f6a6a2e903d40dcc1acf354", "图片标题3": NaN, "图片地址3": "http://store.is.autonavi.com/showpic/cdb8e7dcee936fc71c62f745c2c054c0"}
{"名称": "轿顶山", "地址": "李记串串香(大学城店)西侧220米", "城市": "重庆市", "标签": "风景名胜;风景名胜相关;旅游景点", "区域名称": "沙坪坝区", "经度": 106.35154, "纬度": 29.58519, "电话": NaN, "图片标题1": NaN, "图片地址1": "http://store.is.autonavi.com/showpic/20086ccdb645a0cbc5b0a7a039842109", "图片标题2": NaN, "图片地址2": "http://store.is.autonavi.com/showpic/9df30ce0b675dddb3fde0ff5e7f39f4a", "图片标题3": NaN, "图片地址3": "http://store.is.autonavi.com/showpic/77bbabde452f22abfa21d8bc33f3846a"}
{"名称": "戴笠会客室", "地址": "凌云路松林坡参观区内", "城市": "重庆市", "标签": "风景名胜;风景名胜相关;旅游景点", "区域名称": "沙坪坝区", "经度": 106.431336, "纬度": 29.57779, "电话": "023-65442884", "图片标题1": NaN, "图片地址1": NaN, "图片标题2": NaN, "图片地址2": NaN, "图片标题3": NaN, "图片地址3": NaN}
{"名称": "茅山峡黄金坡", "地址": "重庆谊恒商贸有限公司东北侧50米", "城市": "重庆市", "标签": "风景名胜;风景名胜相关;旅游景点", "区域名称": "沙坪坝区", "经度": 106.420583, "纬度": 29.621289, "电话": "18325123388", "图片标题1": NaN, "图片地址1": NaN, "图片标题2": NaN, "图片地址2": NaN, "图片标题3": NaN, "图片地址3": NaN}
{"名称": "爱琴湖", "地址": "重庆科技学院(虎溪校区)", "城市": "重庆市", "标签": "风景名胜;风景名胜相关;旅游景点", "区域名称": "沙坪坝区", "经度": 106.321794, "纬度": 29.590105, "电话": NaN, "图片标题1": NaN, "图片地址1": NaN, "图片标题2": NaN, "图片地址2": NaN, "图片标题3": NaN, "图片地址3": NaN}
{"名称": "回龙岗", "地址": "青木关互通", "城市": "重庆市", "标签": "风景名胜;风景名胜相关;旅游景点", "区域名称": "沙坪坝区", "经度": 106.319855, "纬度": 29.653705, "电话": NaN, "图片标题1": NaN, "图片地址1": NaN, "图片标题2": NaN, "图片地址2": NaN, "图片标题3": NaN, "图片地址3": NaN}
{"名称": "阎继明张醒民烈士殉难处", "地址": "凌云路", "城市": "重庆市", "标签": "风景名胜;风景名胜相关;旅游景点", "区域名称": "沙坪坝区", "经度": 106.434327, "纬度": 29.581204, "电话": NaN, "图片标题1": NaN, "图片地址1": NaN, "图片标题2": NaN, "图片地址2": NaN, "图片标题3": NaN, "图片地址3": NaN}
{"名称": "川外铁路", "地址": "锦绣东路与三花路交叉口西160米", "城市": "重庆市", "标签": "风景名胜;风景名胜相关;旅游景点", "区域名称": "沙坪坝区", "经度": 106.437929, "纬度": 29.571728, "电话": NaN, "图片标题1": NaN, "图片地址1": "https://aos-comment.amap.com/B0FFIL8U7L/headerImg/be24e618836cf7185ec113b472f26c9b_2048_2048_80.jpg", "图片标题2": NaN, "图片地址2": "https://aos-comment.amap.com/B0FFIL8U7L/headerImg/476673fddc9cb9799187bc0506b35096_2048_2048_80.jpg", "图片标题3": NaN, "图片地址3": "http://aos-cdn-image.amap.com/sns/ugccomment/3bbaaf45-f8a3-4401-9dab-0adeac0a3189.jpg"}
{"名称": "厂区路·时光里", "地址": "东华医院厂区路(石井坡地铁站2号口步行320米)", "城市": "重庆市", "标签": "风景名胜;风景名胜相关;旅游景点", "区域名称": "沙坪坝区", "经度": 106.441781, "纬度": 29.589599, "电话": NaN, "图片标题1": NaN, "图片地址1": NaN, "图片标题2": NaN, "图片地址2": NaN, "图片标题3": NaN, "图片地址3": NaN}
{"名称": "红岭溪谷", "地址": "回龙坝镇", "城市": "重庆市", "标签": "风景名胜;风景名胜相关;旅游景点", "区域名称": "沙坪坝区", "经度": 106.403464, "纬度": 29.71959, "电话": "023-65713888", "图片标题1": NaN, "图片地址1": "http://store.is.autonavi.com/showpic/3956388c2760750cea8d15018b07c646", "图片标题2": NaN, "图片地址2": "http://store.is.autonavi.com/showpic/b2e0b10096d3b86de3216983cbe16426", "图片标题3": NaN, "图片地址3": "http://store.is.autonavi.com/showpic/b2e0b10096d3b86de3216983cbe16426"}
{"名称": "重庆热雪奇迹", "地址": "西林大道84号融创茂1层", "城市": "重庆市", "标签": "风景名胜;风景名胜相关;旅游景点", "区域名称": "沙坪坝区", "经度": 106.359886, "纬度": 29.626063, "电话": "4008959888", "图片标题1": NaN, "图片地址1": "http://store.is.autonavi.com/showpic/7a7ae581b5f273b93b699b7ba9d2e6a7", "图片标题2": NaN, "图片地址2": "http://store.is.autonavi.com/showpic/7a7ae581b5f273b93b699b7ba9d2e6a7", "图片标题3": NaN, "图片地址3": "http://store.is.autonavi.com/showpic/184b0444880b874bd5aea4192963e973"}
{"名称": "歌乐山烈士陵园景区-导游车渣滓洞站", "地址": "壮志路歌乐山烈士陵园景区内", "城市": "重庆市", "标签": "风景名胜;风景名胜相关;旅游景点", "区域名称": "沙坪坝区", "经度": 106.434446, "纬度": 29.584541, "电话": NaN, "图片标题1": NaN, "图片地址1": NaN, "图片标题2": NaN, "图片地址2": NaN, "图片标题3": NaN, "图片地址3": NaN}
{"名称": "东原晴天故事天梯", "地址": "G212(平安大道)(双碑地铁站1号口步行500米)", "城市": "重庆市", "标签": "风景名胜;风景名胜相关;旅游景点", "区域名称": "沙坪坝区", "经度": 106.442268, "纬度": 29.608505, "电话": NaN, "图片标题1": NaN, "图片地址1": NaN, "图片标题2": NaN, "图片地址2": NaN, "图片标题3": NaN, "图片地址3": NaN}
{"名称": "融汇温泉城", "地址": "汇泉路6号", "城市": "重庆市", "标签": "风景名胜;风景名胜相关;旅游景点", "区域名称": "沙坪坝区", "经度": 106.439604, "纬度": 29.544631, "电话": "023-65269999", "图片标题1": NaN, "图片地址1": "http://store.is.autonavi.com/showpic/769105882972fda00b8bb15605f25ccc", "图片标题2": NaN, "图片地址2": "http://store.is.autonavi.com/showpic/769105882972fda00b8bb15605f25ccc", "图片标题3": NaN, "图片地址3": "http://store.is.autonavi.com/showpic/f6494d22e837bc418267b9f18c0f04bb"}
{"名称": "山城夜景游", "地址": "壮志路歌乐山烈士陵园景区内", "城市": "重庆市", "标签": "风景名胜;风景名胜相关;旅游景点", "区域名称": "沙坪坝区", "经度": 106.434888, "纬度": 29.584563, "电话": NaN, "图片标题1": NaN, "图片地址1": NaN, "图片标题2": NaN, "图片地址2": NaN, "图片标题3": NaN, "图片地址3": NaN}
{"名称": "绝地求生·古堡战场", "地址": "北金路海石公园(东南角)", "城市": "重庆市", "标签": "风景名胜;风景名胜相关;旅游景点", "区域名称": "沙坪坝区", "经度": 106.413976, "纬度": 29.691261, "电话": NaN, "图片标题1": NaN, "图片地址1": NaN, "图片标题2": NaN, "图片地址2": NaN, "图片标题3": NaN, "图片地址3": NaN}
{"名称": "重庆融创水世界(融创茂店)", "地址": "西林大道84号融创茂1F", "城市": "重庆市", "标签": "风景名胜;风景名胜相关;旅游景点", "区域名称": "沙坪坝区", "经度": 106.3581, "纬度": 29.625027, "电话": "4008959888", "图片标题1": NaN, "图片地址1": "http://store.is.autonavi.com/showpic/9b2c73bf0545f52fc1636eb925e6cf25", "图片标题2": NaN, "图片地址2": "http://store.is.autonavi.com/showpic/9d3574b1420dd92b31195e16277ef708", "图片标题3": NaN, "图片地址3": "http://store.is.autonavi.com/showpic/9d3574b1420dd92b31195e16277ef708"}
{"名称": "融创文化旅游城", "地址": "永街道国盛·绣美丰文东北侧", "城市": "重庆市", "标签": "风景名胜;风景名胜相关;旅游景点", "区域名称": "沙坪坝区", "经度": 106.351377, "纬度": 29.62489, "电话": NaN, "图片标题1": NaN, "图片地址1": NaN, "图片标题2": NaN, "图片地址2": NaN, "图片标题3": NaN, "图片地址3": NaN}
{"名称": "射箭馆", "地址": "大学城南一路与大学城东路交叉口西南140米", "城市": "重庆市", "标签": "风景名胜;风景名胜相关;旅游景点", "区域名称": "沙坪坝区", "经度": 106.316777, "纬度": 29.583128, "电话": NaN, "图片标题1": NaN, "图片地址1": NaN, "图片标题2": NaN, "图片地址2": NaN, "图片标题3": NaN, "图片地址3": NaN}
{"名称": "竹林飞天", "地址": "融创乐园", "城市": "重庆市", "标签": "风景名胜;风景名胜相关;旅游景点", "区域名称": "沙坪坝区", "经度": 106.361793, "纬度": 29.630525, "电话": NaN, "图片标题1": NaN, "图片地址1": "http://store.is.autonavi.com/showpic/e05d6625d0b2aef6e8dd7d0dfe300004", "图片标题2": NaN, "图片地址2": "http://store.is.autonavi.com/showpic/ab7e67077a0a88459ac2c02552720fce", "图片标题3": NaN, "图片地址3": "http://store.is.autonavi.com/showpic/a970f032d8d9f12fed5ff4559e497c0c"}
{"名称": "沙坪坝区树重庆建工丰碑", "地址": "凤中路(畔山桃园幼儿园西南侧约150米)", "城市": "重庆市", "标签": "风景名胜;风景名胜相关;旅游景点", "区域名称": "沙坪坝区", "经度": 106.441425, "纬度": 29.499596, "电话": NaN, "图片标题1": NaN, "图片地址1": "http://store.is.autonavi.com/showpic/20a757db8c9576d681ea0ec1b1b8d463", "图片标题2": NaN, "图片地址2": NaN, "图片标题3": NaN, "图片地址3": NaN}
{"名称": "红岩文化景区松林坡参观区(暂停开放)", "地址": "白公馆旧址", "城市": "重庆市", "标签": "风景名胜;风景名胜相关;旅游景点", "区域名称": "沙坪坝区", "经度": 106.432298, "纬度": 29.57822, "电话": "023-65442884", "图片标题1": NaN, "图片地址1": "http://store.is.autonavi.com/showpic/b1f1f6ec234c938e65b1c7f21677dd98", "图片标题2": NaN, "图片地址2": NaN, "图片标题3": NaN, "图片地址3": NaN}
{"名称": "积善堂", "地址": "覃家岗街道凤天大道83号附10号", "城市": "重庆市", "标签": "风景名胜;风景名胜相关;旅游景点", "区域名称": "沙坪坝区", "经度": 106.45241, "纬度": 29.531569, "电话": NaN, "图片标题1": NaN, "图片地址1": "http://store.is.autonavi.com/showpic/82a3a61dc7fa652d1373271c49eecf16", "图片标题2": NaN, "图片地址2": "http://store.is.autonavi.com/showpic/363c12e3d285f605318de55198fe24d8", "图片标题3": NaN, "图片地址3": NaN}
{"名称": "虎峰花谷", "地址": "曾家镇虎峰山村虎峰山景区内(东侧)", "城市": "重庆市", "标签": "风景名胜;风景名胜相关;旅游景点", "区域名称": "沙坪坝区", "经度": 106.269801, "纬度": 29.541666, "电话": NaN, "图片标题1": NaN, "图片地址1": "http://store.is.autonavi.com/showpic/86b071ddcdf193caf0fca2d9c48c1122", "图片标题2": NaN, "图片地址2": NaN, "图片标题3": NaN, "图片地址3": NaN}
{"名称": "歌乐山烈士陵园景区-导游车梅园站", "地址": "壮志路歌乐山烈士陵园景区内", "城市": "重庆市", "标签": "风景名胜;风景名胜相关;旅游景点", "区域名称": "沙坪坝区", "经度": 106.434183, "纬度": 29.581527, "电话": NaN, "图片标题1": NaN, "图片地址1": NaN, "图片标题2": NaN, "图片地址2": NaN, "图片标题3": NaN, "图片地址3": NaN}
{"名称": "西山游船", "地址": "党校路沙坪公园(西侧)", "城市": "重庆市", "标签": "生活服务;售票处;公园景点售票处", "区域名称": "沙坪坝区", "经度": 106.453697, "纬度": 29.551553, "电话": NaN, "图片标题1": NaN, "图片地址1": "http://store.is.autonavi.com/showpic/56568a6ba3104425a5b6c7dd", "图片标题2": NaN, "图片地址2": NaN, "图片标题3": NaN, "图片地址3": NaN}
{"名称": "歌乐山观光索道售票处(白公馆索道下站)", "地址": "壮志路西100米", "城市": "重庆市", "标签": "生活服务;售票处;公园景点售票处", "区域名称": "沙坪坝区", "经度": 106.43436, "纬度": 29.574392, "电话": NaN, "图片标题1": NaN, "图片地址1": "http://store.is.autonavi.com/showpic/3f193e5402d6eb4ba10c60f9fbb78dce", "图片标题2": NaN, "图片地址2": "http://store.is.autonavi.com/showpic/c62783bde37655f892d1b6c99b68072d", "图片标题3": NaN, "图片地址3": "http://store.is.autonavi.com/showpic/febe0d3d7ba7e302dbcb3aa99b52c7f2"}
{"名称": "重庆1949大剧院售票处", "地址": "1949大剧院", "城市": "重庆市", "标签": "生活服务;售票处;公园景点售票处", "区域名称": "沙坪坝区", "经度": 106.446764, "纬度": 29.581272, "电话": NaN, "图片标题1": NaN, "图片地址1": NaN, "图片标题2": NaN, "图片地址2": NaN, "图片标题3": NaN, "图片地址3": NaN}
{"名称": "荷塘悦色景区售票处", "地址": "中梁街与北金路交叉口东400米", "城市": "重庆市", "标签": "生活服务;售票处;公园景点售票处", "区域名称": "沙坪坝区", "经度": 106.427468, "纬度": 29.715658, "电话": NaN, "图片标题1": NaN, "图片地址1": "http://store.is.autonavi.com/showpic/14b92a25736850e8c018a3522404980c", "图片标题2": NaN, "图片地址2": "http://store.is.autonavi.com/showpic/2fad5581966ff359a089c091d7f4f1f7", "图片标题3": NaN, "图片地址3": NaN}
{"名称": "太寺垭森林公园售票处", "地址": "中梁镇新发村后槽路太寺垭森林公园(东北角)", "城市": "重庆市", "标签": "生活服务;售票处;公园景点售票处", "区域名称": "沙坪坝区", "经度": 106.418922, "纬度": 29.736594, "电话": NaN, "图片标题1": NaN, "图片地址1": NaN, "图片标题2": NaN, "图片地址2": NaN, "图片标题3": NaN, "图片地址3": NaN}
{"名称": "重庆融创海世界售票处", "地址": "西林大道与文兴大道交叉口东北300米", "城市": "重庆市", "标签": "生活服务;售票处;公园景点售票处", "区域名称": "沙坪坝区", "经度": 106.358989, "纬度": 29.625799, "电话": NaN, "图片标题1": NaN, "图片地址1": NaN, "图片标题2": NaN, "图片地址2": NaN, "图片标题3": NaN, "图片地址3": NaN}
{"名称": "颐麓欢歌生态园售票处", "地址": "歌乐山镇矿山坡158号颐麓欢歌生态园", "城市": "重庆市", "标签": "生活服务;售票处;公园景点售票处", "区域名称": "沙坪坝区", "经度": 106.405469, "纬度": 29.588965, "电话": NaN, "图片标题1": NaN, "图片地址1": "http://store.is.autonavi.com/showpic/b31f106611ca23024ab9279028f7d01c", "图片标题2": NaN, "图片地址2": NaN, "图片标题3": NaN, "图片地址3": NaN}
{"名称": "飞越丛林探险乐园售票处", "地址": "歌乐山街道歌乐山国家森林公园内(西侧)", "城市": "重庆市", "标签": "生活服务;售票处;公园景点售票处", "区域名称": "沙坪坝区", "经度": 106.422641, "纬度": 29.566083, "电话": NaN, "图片标题1": NaN, "图片地址1": NaN, "图片标题2": NaN, "图片地址2": NaN, "图片标题3": NaN, "图片地址3": NaN}
{"名称": "中美合作所集中营旧址", "地址": "壮志路与凌云路交叉口西220米", "城市": "重庆市", "标签": "风景名胜;风景名胜相关;旅游景点", "区域名称": "沙坪坝区", "经度": 106.432298, "纬度": 29.57822, "电话": "023-65442884", "图片标题1": NaN, "图片地址1": "https://aos-comment.amap.com/B00178XC26/headerImg/C73BC3F2_664F_4855_B9CD_5B47EB572B84_L0_001_IMG_0525_1656385140547_6c3e8b48.HEIC", "图片标题2": NaN, "图片地址2": "https://aos-comment.amap.com/B00178XC26/headerImg/8F6C6181_5F85_4042_AD66_279B31C0EC93_L0_001_IMG_0527_1656385140547_d994e558.HEIC", "图片标题3": NaN, "图片地址3": "https://aos-comment.amap.com/B00178XC26/headerImg/1101A61A_08D9_4F09_94B2_2B461372F653_L0_001_IMG_0526_1656385140547_c3e1aa98.HEIC"}
{"名称": "宝轮寺售票处(装修中)", "地址": "磁横街13号", "城市": "重庆市", "标签": "生活服务;售票处;公园景点售票处", "区域名称": "沙坪坝区", "经度": 106.452412, "纬度": 29.582177, "电话": NaN, "图片标题1": NaN, "图片地址1": "http://store.is.autonavi.com/showpic/01c72ade417b6e5dae4586b76a70363b", "图片标题2": NaN, "图片地址2": NaN, "图片标题3": NaN, "图片地址3": NaN}
{"名称": "凤凰花海花漫大地售票处", "地址": "凤凰镇胡南坝村凤凰花海花漫大地", "城市": "重庆市", "标签": "生活服务;售票处;公园景点售票处", "区域名称": "沙坪坝区", "经度": 106.353219, "纬度": 29.716914, "电话": NaN, "图片标题1": NaN, "图片地址1": NaN, "图片标题2": NaN, "图片地址2": NaN, "图片标题3": NaN, "图片地址3": NaN}
{"名称": "海石公园售票处", "地址": "北金路附近", "城市": "重庆市", "标签": "生活服务;售票处;公园景点售票处", "区域名称": "沙坪坝区", "经度": 106.415128, "纬度": 29.690793, "电话": NaN, "图片标题1": NaN, "图片地址1": "http://store.is.autonavi.com/showpic/5297d128fd49984ca5c840ffab25661c", "图片标题2": NaN, "图片地址2": "http://store.is.autonavi.com/showpic/ee750532c28c7fe65106eb7e9df7d95b", "图片标题3": NaN, "图片地址3": "http://store.is.autonavi.com/showpic/79a53d749d8bbb397a840ae52e5cf5a4"}
{"名称": "磁器口人文长廊", "地址": "磁南街1号磁器口", "城市": "重庆市", "标签": "风景名胜;风景名胜相关;旅游景点", "区域名称": "沙坪坝区", "经度": 106.451247, "纬度": 29.580401, "电话": "023-65322661", "图片标题1": NaN, "图片地址1": "http://store.is.autonavi.com/showpic/55812e9ba3109f1e8a1cdcc5", "图片标题2": NaN, "图片地址2": "http://store.is.autonavi.com/showpic/55812e9ba3109f1e8a1cdcc3", "图片标题3": NaN, "图片地址3": NaN}
{"名称": "磁器口-名人墙", "地址": "磁器口大门钟家院子", "城市": "重庆市", "标签": "风景名胜;风景名胜相关;旅游景点", "区域名称": "沙坪坝区", "经度": 106.452299, "纬度": 29.579232, "电话": "023-65322661", "图片标题1": NaN, "图片地址1": "http://store.is.autonavi.com/showpic/55812e98a3109f1e8a1cdb9c", "图片标题2": NaN, "图片地址2": "http://store.is.autonavi.com/showpic/55812e98a3109f1e8a1cdb9f", "图片标题3": NaN, "图片地址3": NaN}
{"名称": "磁器口-清代翰林蔗居", "地址": "黄桷坪一巷13号旁", "城市": "重庆市", "标签": "风景名胜;风景名胜相关;旅游景点", "区域名称": "沙坪坝区", "经度": 106.451495, "纬度": 29.579185, "电话": "023-65322661", "图片标题1": NaN, "图片地址1": NaN, "图片标题2": NaN, "图片地址2": NaN, "图片标题3": NaN, "图片地址3": NaN}
{"名称": "中国历史文化名街雕塑", "地址": "磁南街1号磁器口", "城市": "重庆市", "标签": "风景名胜;风景名胜相关;旅游景点", "区域名称": "沙坪坝区", "经度": 106.452466, "纬度": 29.579064, "电话": NaN, "图片标题1": NaN, "图片地址1": "http://store.is.autonavi.com/showpic/55812e97a3109f1e8a1cdb95", "图片标题2": NaN, "图片地址2": NaN, "图片标题3": NaN, "图片地址3": NaN}
{"名称": "钟家院", "地址": "磁南街1号", "城市": "重庆市", "标签": "风景名胜;风景名胜相关;旅游景点", "区域名称": "沙坪坝区", "经度": 106.451925, "纬度": 29.579437, "电话": "023-65476684", "图片标题1": NaN, "图片地址1": "http://store.is.autonavi.com/showpic/280a07e05aec3171b8f048a3de6748db", "图片标题2": NaN, "图片地址2": "http://store.is.autonavi.com/showpic/35a32d04cc79e826deaa3aa2b5b9c1b0", "图片标题3": NaN, "图片地址3": "http://store.is.autonavi.com/showpic/fa7f587979aefc4bf514c9fc9b2f0e63"}
{"名称": "慈航普渡", "地址": "古镇横街16号宝轮寺内", "城市": "重庆市", "标签": "风景名胜;风景名胜相关;旅游景点", "区域名称": "沙坪坝区", "经度": 106.452093, "纬度": 29.581899, "电话": "023-65322661", "图片标题1": NaN, "图片地址1": NaN, "图片标题2": NaN, "图片地址2": NaN, "图片标题3": NaN, "图片地址3": NaN}
{"名称": "磁器口-金融区旧址", "地址": "磁器口古镇内(东侧)", "城市": "重庆市", "标签": "风景名胜;风景名胜相关;旅游景点", "区域名称": "沙坪坝区", "经度": 106.452081, "纬度": 29.580797, "电话": "023-65322661", "图片标题1": NaN, "图片地址1": NaN, "图片标题2": NaN, "图片地址2": NaN, "图片标题3": NaN, "图片地址3": NaN}
{"名称": "财神洞", "地址": "古镇横街16号宝轮寺", "城市": "重庆市", "标签": "风景名胜;风景名胜相关;旅游景点", "区域名称": "沙坪坝区", "经度": 106.452221, "纬度": 29.582039, "电话": "023-65322661", "图片标题1": NaN, "图片地址1": "http://store.is.autonavi.com/showpic/55812eb0a3109f1e8a1ce1ed", "图片标题2": NaN, "图片地址2": NaN, "图片标题3": NaN, "图片地址3": NaN}
{"名称": "龙山义学旧址", "地址": "磁器口宝轮寺26号", "城市": "重庆市", "标签": "风景名胜;风景名胜相关;旅游景点", "区域名称": "沙坪坝区", "经度": 106.451049, "纬度": 29.5812, "电话": "023-65322661", "图片标题1": NaN, "图片地址1": "http://store.is.autonavi.com/showpic/55812e73a3109f1e8a1cd405", "图片标题2": NaN, "图片地址2": "http://store.is.autonavi.com/showpic/55812e73a3109f1e8a1cd407", "图片标题3": NaN, "图片地址3": NaN}
{"名称": "融汇温泉售票处", "地址": "成江路融汇温泉", "城市": "重庆市", "标签": "生活服务;售票处;公园景点售票处", "区域名称": "沙坪坝区", "经度": 106.439815, "纬度": 29.541659, "电话": NaN, "图片标题1": NaN, "图片地址1": "http://store.is.autonavi.com/showpic/ce01a18f8e5582133fa66449b30e1580", "图片标题2": NaN, "图片地址2": NaN, "图片标题3": NaN, "图片地址3": NaN}
{"名称": "磁器口码头", "地址": "磁南街1号磁器口景区内", "城市": "重庆市", "标签": "交通设施服务;港口码头;港口码头|风景名胜;风景名胜相关;旅游景点", "区域名称": "沙坪坝区", "经度": 106.453586, "纬度": 29.582501, "电话": NaN, "图片标题1": NaN, "图片地址1": NaN, "图片标题2": NaN, "图片地址2": NaN, "图片标题3": NaN, "图片地址3": NaN}
{"名称": "磁器口-宝善宫", "地址": "黄桷坪一巷与磁器口正街交叉口西20米", "城市": "重庆市", "标签": "风景名胜;风景名胜相关;旅游景点", "区域名称": "沙坪坝区", "经度": 106.451068, "纬度": 29.579562, "电话": "023-65322661", "图片标题1": NaN, "图片地址1": "http://store.is.autonavi.com/showpic/c27ae883e35000edeb0adc52d97fd5bc", "图片标题2": NaN, "图片地址2": "http://store.is.autonavi.com/showpic/0e1a18089833a17c7ee3f496c4434550", "图片标题3": NaN, "图片地址3": "http://store.is.autonavi.com/showpic/8062f8d00e17e2b826a7e2e5d7bf2e37"}
{"名称": "歌乐山森林公园-观景台", "地址": "歌乐山森林公园内", "城市": "重庆市", "标签": "风景名胜;风景名胜;观景点", "区域名称": "沙坪坝区", "经度": 106.428689, "纬度": 29.568442, "电话": NaN, "图片标题1": NaN, "图片地址1": NaN, "图片标题2": NaN, "图片地址2": NaN, "图片标题3": NaN, "图片地址3": NaN}
{"名称": "歌乐山森林公园-自动贩卖机", "地址": "歌乐山森林路歌乐山森林公园内", "城市": "重庆市", "标签": "风景名胜;风景名胜相关;旅游景点", "区域名称": "沙坪坝区", "经度": 106.423984, "纬度": 29.567165, "电话": "023-65510647", "图片标题1": NaN, "图片地址1": NaN, "图片标题2": NaN, "图片地址2": NaN, "图片标题3": NaN, "图片地址3": NaN}
{"名称": "飞云桥", "地址": "歌乐山森林路歌乐山森林公园内", "城市": "重庆市", "标签": "风景名胜;风景名胜相关;旅游景点", "区域名称": "沙坪坝区", "经度": 106.428401, "纬度": 29.56857, "电话": "023-65510647", "图片标题1": NaN, "图片地址1": "https://aos-comment.amap.com/B0FFHNOTPM/headerImg/31959a1d47b8e37454f23d19285b4789_2048_2048_80.jpg", "图片标题2": NaN, "图片地址2": "https://comment-oss-online.oss-cn-wulanchabu.aliyuncs.com/B0FFHNOTPM/comment/1645866814211_temp.jpg", "图片标题3": NaN, "图片地址3": NaN}
{"名称": "歌乐山森林公园-自助贩卖机", "地址": "歌乐山森林路歌乐山森林公园内", "城市": "重庆市", "标签": "风景名胜;风景名胜相关;旅游景点", "区域名称": "沙坪坝区", "经度": 106.424831, "纬度": 29.56582, "电话": "023-65510647", "图片标题1": NaN, "图片地址1": NaN, "图片标题2": NaN, "图片地址2": NaN, "图片标题3": NaN, "图片地址3": NaN}
{"名称": "许愿亭", "地址": "歌乐山森林路歌乐山森林公园内", "城市": "重庆市", "标签": "风景名胜;风景名胜相关;旅游景点", "区域名称": "沙坪坝区", "经度": 106.4276, "纬度": 29.568492, "电话": "023-65510647", "图片标题1": NaN, "图片地址1": "https://comment-oss-online.oss-cn-wulanchabu.aliyuncs.com/B0FFHNMUX5/comment/1645866587633_temp.jpg", "图片标题2": NaN, "图片地址2": "https://comment-oss-online.oss-cn-wulanchabu.aliyuncs.com/B0FFHNMUX5/comment/1645866597654_temp.jpg", "图片标题3": NaN, "图片地址3": NaN}
{"名称": "歌乐山索道-下站", "地址": "歌乐山白公馆附近歌乐山索道内", "城市": "重庆市", "标签": "风景名胜;风景名胜相关;旅游景点", "区域名称": "沙坪坝区", "经度": 106.434374, "纬度": 29.574363, "电话": "023-65510647", "图片标题1": NaN, "图片地址1": "http://store.is.autonavi.com/showpic/197ab848451cdeb063df0761f570741a", "图片标题2": NaN, "图片地址2": NaN, "图片标题3": NaN, "图片地址3": NaN}
{"名称": "磁器口-文昌宫", "地址": "磁南街1号磁器口古镇内(东北角)", "城市": "重庆市", "标签": "风景名胜;风景名胜相关;旅游景点", "区域名称": "沙坪坝区", "经度": 106.451699, "纬度": 29.583809, "电话": "023-65322661", "图片标题1": NaN, "图片地址1": NaN, "图片标题2": NaN, "图片地址2": NaN, "图片标题3": NaN, "图片地址3": NaN}
{"名称": "烟云亭", "地址": "歌乐山森林路歌乐山森林公园内", "城市": "重庆市", "标签": "风景名胜;风景名胜相关;旅游景点", "区域名称": "沙坪坝区", "经度": 106.430943, "纬度": 29.571651, "电话": "023-65510647", "图片标题1": NaN, "图片地址1": NaN, "图片标题2": NaN, "图片地址2": NaN, "图片标题3": NaN, "图片地址3": NaN}
{"名称": "歌乐山国家森林公园-雷鸣远神父墓", "地址": "凌云路歌乐山森林公园", "城市": "重庆市", "标签": "生活服务;丧葬设施;陵园|风景名胜;风景名胜相关;旅游景点", "区域名称": "沙坪坝区", "经度": 106.425224, "纬度": 29.574689, "电话": NaN, "图片标题1": NaN, "图片地址1": NaN, "图片标题2": NaN, "图片地址2": NaN, "图片标题3": NaN, "图片地址3": NaN}
{"名称": "歌乐山国家森林公园-观云台", "地址": "歌乐山森林公园内", "城市": "重庆市", "标签": "风景名胜;风景名胜;观景点", "区域名称": "沙坪坝区", "经度": 106.428697, "纬度": 29.568446, "电话": NaN, "图片标题1": NaN, "图片地址1": "https://aos-comment.amap.com/B0FFGBICH4/headerImg/49F775E4_8354_4ADC_92F0_9209FBB9A881_L0_001_IMG_4732_1659746586947_3845d588.HEIC", "图片标题2": NaN, "图片地址2": "https://aos-comment.amap.com/B0FFGBICH4/headerImg/9E927615_746A_47E5_83D0_52D75331C293_L0_001_IMG_4729_1659746586947_734a9692.HEIC", "图片标题3": NaN, "图片地址3": "https://aos-comment.amap.com/B0FFGBICH4/headerImg/E14707EA_75C2_46DE_8F15_26512DE95B1B_L0_001_4032_2268__1659746586947_8f69fd78.jpg"}
{"名称": "磁器口-井中天", "地址": "磁器口幸福街55号(磁器口地铁站1号口步行250米)", "城市": "重庆市", "标签": "风景名胜;风景名胜相关;旅游景点", "区域名称": "沙坪坝区", "经度": 106.448046, "纬度": 29.578076, "电话": "023-65322661", "图片标题1": NaN, "图片地址1": NaN, "图片标题2": NaN, "图片地址2": NaN, "图片标题3": NaN, "图片地址3": NaN}
{"名称": "磁器口-古镇第一锁", "地址": "磁南街1号磁器口", "城市": "重庆市", "标签": "风景名胜;风景名胜相关;旅游景点", "区域名称": "沙坪坝区", "经度": 106.452257, "纬度": 29.58266, "电话": "023-65322661", "图片标题1": NaN, "图片地址1": "http://aos-cdn-image.amap.com/sns/ugccomment/8e5065a0-21e5-4e4c-a1c2-7b21a5a5dc47.jpg", "图片标题2": NaN, "图片地址2": "http://store.is.autonavi.com/showpic/55812eb1a3109f1e8a1ce236", "图片标题3": NaN, "图片地址3": NaN}
{"名称": "龙王像", "地址": "磁南街1号磁器口", "城市": "重庆市", "标签": "风景名胜;风景名胜相关;旅游景点", "区域名称": "沙坪坝区", "经度": 106.452412, "纬度": 29.582617, "电话": "023-65322661", "图片标题1": NaN, "图片地址1": "http://store.is.autonavi.com/showpic/55812eb1a3109f1e8a1ce233", "图片标题2": NaN, "图片地址2": NaN, "图片标题3": NaN, "图片地址3": NaN}
{"名称": "磁器口-老百货公司旧址", "地址": "磁器口古镇内(东南角)", "城市": "重庆市", "标签": "风景名胜;风景名胜相关;旅游景点", "区域名称": "沙坪坝区", "经度": 106.451561, "纬度": 29.579935, "电话": "023-65322661", "图片标题1": NaN, "图片地址1": NaN, "图片标题2": NaN, "图片地址2": NaN, "图片标题3": NaN, "图片地址3": NaN}
{"名称": "磁器口-七七电影院旧址", "地址": "磁器口古镇内(东侧)", "城市": "重庆市", "标签": "风景名胜;风景名胜相关;旅游景点", "区域名称": "沙坪坝区", "经度": 106.451732, "纬度": 29.580479, "电话": "023-65322661", "图片标题1": NaN, "图片地址1": NaN, "图片标题2": NaN, "图片地址2": NaN, "图片标题3": NaN, "图片地址3": NaN}
{"名称": "深水井长江石博馆", "地址": "磁正街110号", "城市": "重庆市", "标签": "风景名胜;风景名胜相关;旅游景点", "区域名称": "沙坪坝区", "经度": 106.451247, "纬度": 29.579917, "电话": "023-65322661", "图片标题1": NaN, "图片地址1": "http://store.is.autonavi.com/showpic/55812e79a3109f1e8a1cd673", "图片标题2": NaN, "图片地址2": "http://store.is.autonavi.com/showpic/55812e79a3109f1e8a1cd675", "图片标题3": NaN, "图片地址3": "http://store.is.autonavi.com/showpic/d2061d21c9b9c9df7da2c223bb05281c"}
{"名称": "磁器口-凤凰廊", "地址": "磁南街1号磁器口", "城市": "重庆市", "标签": "风景名胜;风景名胜相关;旅游景点", "区域名称": "沙坪坝区", "经度": 106.45091, "纬度": 29.582947, "电话": "023-65322661", "图片标题1": NaN, "图片地址1": "http://store.is.autonavi.com/showpic/55812e70a3109f1e8a1cd2f5", "图片标题2": NaN, "图片地址2": "http://store.is.autonavi.com/showpic/55812e70a3109f1e8a1cd2f3", "图片标题3": NaN, "图片地址3": NaN}
{"名称": "磁器口古镇影视作品", "地址": "磁南街1号磁器口", "城市": "重庆市", "标签": "风景名胜;风景名胜相关;旅游景点", "区域名称": "沙坪坝区", "经度": 106.451064, "纬度": 29.579226, "电话": "023-65322661", "图片标题1": NaN, "图片地址1": "http://store.is.autonavi.com/showpic/55812e8ba3109f1e8a1cd973", "图片标题2": NaN, "图片地址2": NaN, "图片标题3": NaN, "图片地址3": NaN}
{"名称": "龙泉井", "地址": "歌乐山森林路歌乐山森林公园内", "城市": "重庆市", "标签": "风景名胜;风景名胜相关;旅游景点", "区域名称": "沙坪坝区", "经度": 106.426006, "纬度": 29.569294, "电话": "023-65510647", "图片标题1": NaN, "图片地址1": NaN, "图片标题2": NaN, "图片地址2": NaN, "图片标题3": NaN, "图片地址3": NaN}
{"名称": "会友地", "地址": "歌乐山森林路歌乐山森林公园内", "城市": "重庆市", "标签": "风景名胜;风景名胜相关;旅游景点", "区域名称": "沙坪坝区", "经度": 106.426861, "纬度": 29.568632, "电话": "023-65510647", "图片标题1": NaN, "图片地址1": NaN, "图片标题2": NaN, "图片地址2": NaN, "图片标题3": NaN, "图片地址3": NaN}
{"名称": "缘份廊", "地址": "歌乐山森林路歌乐山森林公园内", "城市": "重庆市", "标签": "风景名胜;风景名胜相关;旅游景点", "区域名称": "沙坪坝区", "经度": 106.427076, "纬度": 29.568701, "电话": "023-65510647", "图片标题1": NaN, "图片地址1": "https://comment-oss-online.oss-cn-wulanchabu.aliyuncs.com/B0FFG03UX6/comment/1645863017886_temp.jpg", "图片标题2": NaN, "图片地址2": "https://comment-oss-online.oss-cn-wulanchabu.aliyuncs.com/B0FFG03UX6/comment/1645863036235_temp.jpg", "图片标题3": NaN, "图片地址3": NaN}
{"名称": "巴国故事", "地址": "歌乐山国家森林公园巴国故事", "城市": "重庆市", "标签": "风景名胜;风景名胜相关;旅游景点", "区域名称": "沙坪坝区", "经度": 106.426762, "纬度": 29.5689, "电话": "023-65510647", "图片标题1": NaN, "图片地址1": NaN, "图片标题2": NaN, "图片地址2": NaN, "图片标题3": NaN, "图片地址3": NaN}
{"名称": "磁器口-花生厂", "地址": "磁南街1号磁器口", "城市": "重庆市", "标签": "风景名胜;风景名胜相关;旅游景点", "区域名称": "沙坪坝区", "经度": 106.450927, "纬度": 29.579121, "电话": "023-65322661", "图片标题1": NaN, "图片地址1": NaN, "图片标题2": NaN, "图片地址2": NaN, "图片标题3": NaN, "图片地址3": NaN}
{"名称": "清代民居", "地址": "磁南街1号磁器口", "城市": "重庆市", "标签": "风景名胜;风景名胜相关;旅游景点", "区域名称": "沙坪坝区", "经度": 106.45171, "纬度": 29.57941, "电话": "023-65322661", "图片标题1": NaN, "图片地址1": NaN, "图片标题2": NaN, "图片地址2": NaN, "图片标题3": NaN, "图片地址3": NaN}
{"名称": "磁器口-翰林府弟", "地址": "磁南街1号磁器口", "城市": "重庆市", "标签": "风景名胜;风景名胜相关;旅游景点", "区域名称": "沙坪坝区", "经度": 106.45134, "纬度": 29.579308, "电话": "023-65322661", "图片标题1": NaN, "图片地址1": NaN, "图片标题2": NaN, "图片地址2": NaN, "图片标题3": NaN, "图片地址3": NaN}
{"名称": "老巷居", "地址": "磁南街1号磁器口", "城市": "重庆市", "标签": "风景名胜;风景名胜相关;旅游景点", "区域名称": "沙坪坝区", "经度": 106.452383, "纬度": 29.580234, "电话": "023-65322661", "图片标题1": NaN, "图片地址1": "http://store.is.autonavi.com/showpic/55812e99a3109f1e8a1cdbf1", "图片标题2": NaN, "图片地址2": NaN, "图片标题3": NaN, "图片地址3": NaN}
{"名称": "磁器口-清溪阁", "地址": "磁南街1号磁器口", "城市": "重庆市", "标签": "风景名胜;风景名胜相关;旅游景点", "区域名称": "沙坪坝区", "经度": 106.452327, "纬度": 29.58004, "电话": "023-65322661", "图片标题1": NaN, "图片地址1": NaN, "图片标题2": NaN, "图片地址2": NaN, "图片标题3": NaN, "图片地址3": NaN}
{"名称": "磁器口-聚森茂酱园", "地址": "磁南街1号磁器口", "城市": "重庆市", "标签": "风景名胜;风景名胜相关;旅游景点", "区域名称": "沙坪坝区", "经度": 106.451705, "纬度": 29.580516, "电话": "023-65322661", "图片标题1": NaN, "图片地址1": NaN, "图片标题2": NaN, "图片地址2": NaN, "图片标题3": NaN, "图片地址3": NaN}
{"名称": "古榕树", "地址": "磁南街1号磁器口", "城市": "重庆市", "标签": "风景名胜;风景名胜相关;旅游景点", "区域名称": "沙坪坝区", "经度": 106.452443, "纬度": 29.580903, "电话": "023-65322661", "图片标题1": NaN, "图片地址1": NaN, "图片标题2": NaN, "图片地址2": NaN, "图片标题3": NaN, "图片地址3": NaN}
{"名称": "磁器口-川剧座唱中心", "地址": "磁南街1号磁器口", "城市": "重庆市", "标签": "风景名胜;风景名胜相关;旅游景点", "区域名称": "沙坪坝区", "经度": 106.452166, "纬度": 29.581505, "电话": "023-65322661", "图片标题1": NaN, "图片地址1": NaN, "图片标题2": NaN, "图片地址2": NaN, "图片标题3": NaN, "图片地址3": NaN}
{"名称": "磁器口-民乐茶坊", "地址": "磁南街1号磁器口", "城市": "重庆市", "标签": "风景名胜;风景名胜相关;旅游景点", "区域名称": "沙坪坝区", "经度": 106.452316, "纬度": 29.581682, "电话": "023-65322661", "图片标题1": NaN, "图片地址1": NaN, "图片标题2": NaN, "图片地址2": NaN, "图片标题3": NaN, "图片地址3": NaN}
{"名称": "磁器口-林森题刻", "地址": "磁南街1号磁器口", "城市": "重庆市", "标签": "风景名胜;风景名胜相关;旅游景点", "区域名称": "沙坪坝区", "经度": 106.452852, "纬度": 29.581911, "电话": "023-65322661", "图片标题1": NaN, "图片地址1": NaN, "图片标题2": NaN, "图片地址2": NaN, "图片标题3": NaN, "图片地址3": NaN}
{"名称": "钰铪祥", "地址": "磁南街1号磁器口", "城市": "重庆市", "标签": "风景名胜;风景名胜相关;旅游景点", "区域名称": "沙坪坝区", "经度": 106.453067, "纬度": 29.582074, "电话": "023-65322661", "图片标题1": NaN, "图片地址1": NaN, "图片标题2": NaN, "图片地址2": NaN, "图片标题3": NaN, "图片地址3": NaN}
{"名称": "磁器口-华子良脱险处", "地址": "磁南街1号磁器口", "城市": "重庆市", "标签": "风景名胜;风景名胜相关;旅游景点", "区域名称": "沙坪坝区", "经度": 106.453448, "纬度": 29.582326, "电话": "023-65322661", "图片标题1": NaN, "图片地址1": NaN, "图片标题2": NaN, "图片地址2": NaN, "图片标题3": NaN, "图片地址3": NaN}
{"名称": "磁器口-江月楼", "地址": "磁南街1号磁器口", "城市": "重庆市", "标签": "风景名胜;风景名胜相关;旅游景点", "区域名称": "沙坪坝区", "经度": 106.452364, "纬度": 29.582555, "电话": "023-65322661", "图片标题1": NaN, "图片地址1": NaN, "图片标题2": NaN, "图片地址2": NaN, "图片标题3": NaN, "图片地址3": NaN}
{"名称": "金碧桥", "地址": "磁南街1号磁器口", "城市": "重庆市", "标签": "风景名胜;风景名胜相关;旅游景点", "区域名称": "沙坪坝区", "经度": 106.451005, "纬度": 29.582934, "电话": "023-65322661", "图片标题1": NaN, "图片地址1": "http://store.is.autonavi.com/showpic/55812e70a3109f1e8a1cd2f7", "图片标题2": NaN, "图片地址2": NaN, "图片标题3": NaN, "图片地址3": NaN}
{"名称": "磁器口-金蓉门", "地址": "磁器口地铁站1号口步行240米", "城市": "重庆市", "标签": "风景名胜;风景名胜相关;旅游景点", "区域名称": "沙坪坝区", "经度": 106.448531, "纬度": 29.577753, "电话": "023-65322661", "图片标题1": NaN, "图片地址1": "http://store.is.autonavi.com/showpic/f4cade1cb9852ef1567aad4cbc145428", "图片标题2": NaN, "图片地址2": "http://store.is.autonavi.com/showpic/2ed5cf4e01859d785ae66dfd842a9ce7", "图片标题3": NaN, "图片地址3": "http://store.is.autonavi.com/showpic/9034d9bf665748ec832db1bf9ba74c02"}
{"名称": "建文帝雕塑", "地址": "磁南街1号磁器口内", "城市": "重庆市", "标签": "风景名胜;风景名胜相关;旅游景点", "区域名称": "沙坪坝区", "经度": 106.451658, "纬度": 29.58387, "电话": "023-65322661", "图片标题1": NaN, "图片地址1": "http://store.is.autonavi.com/showpic/55812e70a3109f1e8a1cd31b", "图片标题2": NaN, "图片地址2": "http://store.is.autonavi.com/showpic/55812e70a3109f1e8a1cd31e", "图片标题3": NaN, "图片地址3": NaN}
{"名称": "深水井明朝旧事", "地址": "磁正街110号", "城市": "重庆市", "标签": "风景名胜;风景名胜相关;旅游景点", "区域名称": "沙坪坝区", "经度": 106.451247, "纬度": 29.579913, "电话": "023-65322661", "图片标题1": NaN, "图片地址1": "http://store.is.autonavi.com/showpic/55812e79a3109f1e8a1cd679", "图片标题2": NaN, "图片地址2": "http://store.is.autonavi.com/showpic/55812e79a3109f1e8a1cd67b", "图片标题3": NaN, "图片地址3": "http://store.is.autonavi.com/showpic/a2e5cffe86fe3525c0cf112c0720fcdb"}
{"名称": "磁器口-更夫", "地址": "磁南街1号磁器口景区内", "城市": "重庆市", "标签": "风景名胜;风景名胜相关;旅游景点", "区域名称": "沙坪坝区", "经度": 106.452828, "纬度": 29.582028, "电话": "023-65322661", "图片标题1": NaN, "图片地址1": "http://store.is.autonavi.com/showpic/55812ea4a3109f1e8a1cde92", "图片标题2": NaN, "图片地址2": NaN, "图片标题3": NaN, "图片地址3": NaN}
{"名称": "磁器口-桥头观音", "地址": "磁南街1号磁器口", "城市": "重庆市", "标签": "风景名胜;风景名胜相关;旅游景点", "区域名称": "沙坪坝区", "经度": 106.452458, "纬度": 29.580738, "电话": "023-65322661", "图片标题1": NaN, "图片地址1": "http://store.is.autonavi.com/showpic/55812e96a3109f1e8a1cdb0a", "图片标题2": NaN, "图片地址2": NaN, "图片标题3": NaN, "图片地址3": NaN}
{"名称": "深水井中华百家姓", "地址": "磁南街1号磁器口", "城市": "重庆市", "标签": "风景名胜;风景名胜相关;旅游景点", "区域名称": "沙坪坝区", "经度": 106.451254, "纬度": 29.579917, "电话": "023-65322661", "图片标题1": NaN, "图片地址1": NaN, "图片标题2": NaN, "图片地址2": NaN, "图片标题3": NaN, "图片地址3": NaN}
{"名称": "磁器口古韵园", "地址": "磁器口古镇内(南侧)", "城市": "重庆市", "标签": "风景名胜;风景名胜相关;旅游景点", "区域名称": "沙坪坝区", "经度": 106.449227, "纬度": 29.579433, "电话": "023-65322661", "图片标题1": NaN, "图片地址1": "http://store.is.autonavi.com/showpic/55812e7ca3109f1e8a1cd6f9", "图片标题2": NaN, "图片地址2": "http://store.is.autonavi.com/showpic/55812e7ca3109f1e8a1cd6fc", "图片标题3": NaN, "图片地址3": NaN}
{"名称": "歌乐纪念林", "地址": "歌乐山森林公园内", "城市": "重庆市", "标签": "风景名胜;风景名胜相关;旅游景点", "区域名称": "沙坪坝区", "经度": 106.42621, "纬度": 29.565899, "电话": "023-65510647", "图片标题1": NaN, "图片地址1": NaN, "图片标题2": NaN, "图片地址2": NaN, "图片标题3": NaN, "图片地址3": NaN}
{"名称": "歌乐飞降", "地址": "歌乐山森林公园内", "城市": "重庆市", "标签": "风景名胜;风景名胜相关;旅游景点", "区域名称": "沙坪坝区", "经度": 106.424772, "纬度": 29.57106, "电话": "023-65510647", "图片标题1": NaN, "图片地址1": NaN, "图片标题2": NaN, "图片地址2": NaN, "图片标题3": NaN, "图片地址3": NaN}
