{"名称": "重庆歌乐山革命纪念馆", "地址": "烈士墓政法三村63号", "城市": "重庆市", "标签": "风景名胜;风景名胜;纪念馆", "区域名称": "沙坪坝区", "经度": 106.442057, "纬度": 29.572096, "电话": "023-65313528", "图片标题1": NaN, "图片地址1": "http://store.is.autonavi.com/showpic/8329ac7e50cc5108a4ed87c52fd33d09", "图片标题2": NaN, "图片地址2": "http://store.is.autonavi.com/showpic/3e3ef1b743a3ceb8a4d96c22b0362ff6", "图片标题3": NaN, "图片地址3": "http://store.is.autonavi.com/showpic/9180501bf7597b364b18a9bda22baa8d"}
{"名称": "重庆冯玉祥旧居", "地址": "陈家桥镇白鹤村", "城市": "重庆市", "标签": "风景名胜;风景名胜;纪念馆", "区域名称": "沙坪坝区", "经度": 106.334337, "纬度": 29.60386, "电话": "023-65630063", "图片标题1": NaN, "图片地址1": "http://store.is.autonavi.com/showpic/d3207ed2c41a89520d22f7c8baad7a87", "图片标题2": NaN, "图片地址2": "http://store.is.autonavi.com/showpic/79ac0af8bfe6f30c0a3df0cc24de67f9", "图片标题3": NaN, "图片地址3": "http://store.is.autonavi.com/showpic/4cadacb8743e27c81625b6c9eb97395e"}
{"名称": "伟人怀念馆", "地址": "童家桥正街2-50号", "城市": "重庆市", "标签": "风景名胜;风景名胜;纪念馆", "区域名称": "沙坪坝区", "经度": 106.434651, "纬度": 29.584704, "电话": "023-65314419", "图片标题1": NaN, "图片地址1": NaN, "图片标题2": NaN, "图片地址2": NaN, "图片标题3": NaN, "图片地址3": NaN}
{"名称": "中美合作所狼犬室旧址", "地址": "壮志路与童歌路交接处东北方向100米", "城市": "重庆市", "标签": "风景名胜;风景名胜;纪念馆", "区域名称": "沙坪坝区", "经度": 106.43903, "纬度": 29.57363, "电话": NaN, "图片标题1": "外景图", "图片地址1": "http://store.is.autonavi.com/showpic/ee1a7e88c46c93bfbca6a3f6cf99e87a", "图片标题2": "外景图", "图片地址2": "http://store.is.autonavi.com/showpic/b51a071f9d942108e2428e79fd7228a3", "图片标题3": "外景图", "图片地址3": "http://store.is.autonavi.com/showpic/bac0012ecb6d33dc8f54e44f8179d837"}
{"名称": "傅抱石旧居", "地址": "西科大道24号", "城市": "重庆市", "标签": "风景名胜;风景名胜;纪念馆", "区域名称": "沙坪坝区", "经度": 106.392877, "纬度": 29.603424, "电话": NaN, "图片标题1": NaN, "图片地址1": NaN, "图片标题2": NaN, "图片地址2": NaN, "图片标题3": NaN, "图片地址3": NaN}
{"名称": "臧克家旧居", "地址": "歌乐山镇天池村堰塘湾5号", "城市": "重庆市", "标签": "风景名胜;风景名胜;纪念馆", "区域名称": "沙坪坝区", "经度": 106.403672, "纬度": 29.568749, "电话": NaN, "图片标题1": NaN, "图片地址1": "http://store.is.autonavi.com/showpic/99d21f16dc4dbc098f5a29fd72766ff9", "图片标题2": NaN, "图片地址2": NaN, "图片标题3": NaN, "图片地址3": NaN}
{"名称": "谢正荣故居", "地址": "华冠驾校总校曾家训练基地西北侧250米", "城市": "重庆市", "标签": "风景名胜;风景名胜;纪念馆", "区域名称": "沙坪坝区", "经度": 106.29058, "纬度": 29.54302, "电话": NaN, "图片标题1": NaN, "图片地址1": NaN, "图片标题2": NaN, "图片地址2": NaN, "图片标题3": NaN, "图片地址3": NaN}
{"名称": "福果山生命纪念园", "地址": "212国道辅路与双碑立交交叉口东南180米", "城市": "重庆市", "标签": "风景名胜;风景名胜;纪念馆", "区域名称": "沙坪坝区", "经度": 106.443603, "纬度": 29.601628, "电话": "13983879038", "图片标题1": NaN, "图片地址1": "http://store.is.autonavi.com/showpic/23550036c9b590d2c58e52b4e21344af", "图片标题2": NaN, "图片地址2": "http://store.is.autonavi.com/showpic/6a950129786ab2ee756b93ea0fa60aa5", "图片标题3": NaN, "图片地址3": "http://store.is.autonavi.com/showpic/dd09e54dc3dd8baff9da0431b5fd79c8"}
{"名称": "一一·二七盟员烈士纪念碑", "地址": "壮志路歌乐山烈士陵园景区内", "城市": "重庆市", "标签": "风景名胜;风景名胜;纪念馆", "区域名称": "沙坪坝区", "经度": 106.440528, "纬度": 29.57153, "电话": NaN, "图片标题1": NaN, "图片地址1": NaN, "图片标题2": NaN, "图片地址2": NaN, "图片标题3": NaN, "图片地址3": NaN}
{"名称": "归国华侨烈士纪念碑", "地址": "壮志路歌乐山烈士陵园景区内", "城市": "重庆市", "标签": "风景名胜;风景名胜;纪念馆", "区域名称": "沙坪坝区", "经度": 106.440483, "纬度": 29.571537, "电话": NaN, "图片标题1": NaN, "图片地址1": NaN, "图片标题2": NaN, "图片地址2": NaN, "图片标题3": NaN, "图片地址3": NaN}
{"名称": "三圣宫张治中旧居", "地址": "土主镇三圣宫村", "城市": "重庆市", "标签": "风景名胜;风景名胜;纪念馆", "区域名称": "沙坪坝区", "经度": 106.372838, "纬度": 29.607824, "电话": NaN, "图片标题1": "重庆张治中将军旧居", "图片地址1": "http://store.is.autonavi.com/showpic/c3130c93019881d61504bd9e3b4427ca", "图片标题2": NaN, "图片地址2": "http://store.is.autonavi.com/showpic/ac20f6b5b9a8d083759c4f123446c3e4", "图片标题3": NaN, "图片地址3": "http://store.is.autonavi.com/showpic/60fbb8ca785bfcaf3403522493c501c3"}
{"名称": "刘牧虎旧居", "地址": "G85渝昆高速附近", "城市": "重庆市", "标签": "风景名胜;风景名胜;纪念馆", "区域名称": "沙坪坝区", "经度": 106.422447, "纬度": 29.519574, "电话": NaN, "图片标题1": NaN, "图片地址1": "http://store.is.autonavi.com/showpic/fa54f8492edf8a669506a0c911a6e475", "图片标题2": NaN, "图片地址2": NaN, "图片标题3": NaN, "图片地址3": NaN}
{"名称": "罗世文车耀先烈士纪念室", "地址": "歌乐山街道歌乐山国家森林公园内(北侧)", "城市": "重庆市", "标签": "风景名胜;风景名胜;纪念馆", "区域名称": "沙坪坝区", "经度": 106.432298, "纬度": 29.57822, "电话": "023-65442884", "图片标题1": NaN, "图片地址1": NaN, "图片标题2": NaN, "图片地址2": NaN, "图片标题3": NaN, "图片地址3": NaN}
