{"名称": "威特尼西餐(台北城店)", "地址": "大学城中路9号旭阳台北城F2", "城市": "重庆市", "标签": "餐饮服务;外国餐厅;西餐厅(综合风味)", "区域名称": "沙坪坝区", "经度": 106.306433, "纬度": 29.583605, "电话": "023-64313752", "图片标题1": NaN, "图片地址1": "http://store.is.autonavi.com/showpic/7f48d6e489a3bdabe8c6dca3dc63bcf0", "图片标题2": NaN, "图片地址2": "http://store.is.autonavi.com/showpic/60e417a9606727d7507b28de9114b040", "图片标题3": NaN, "图片地址3": "http://store.is.autonavi.com/showpic/a965649be4d963aaa384db9b4fcd6294"}
{"名称": "新元素(三峡广场店)", "地址": "三峡广场步行街与三峡支路交叉口西北60米", "城市": "重庆市", "标签": "餐饮服务;外国餐厅;西餐厅(综合风味)", "区域名称": "沙坪坝区", "经度": 106.463369, "纬度": 29.557758, "电话": NaN, "图片标题1": NaN, "图片地址1": "http://store.is.autonavi.com/showpic/2dabbc20c5b7fc4b241f8da03b169911", "图片标题2": NaN, "图片地址2": NaN, "图片标题3": NaN, "图片地址3": NaN}
{"名称": "豪客来牛排(炫地店)", "地址": "天陈路1号炫地购物中心三楼", "城市": "重庆市", "标签": "餐饮服务;外国餐厅;西餐厅(综合风味)|餐饮服务;外国餐厅;牛扒店(扒房)", "区域名称": "沙坪坝区", "经度": 106.46024, "纬度": 29.557441, "电话": "023-65470186", "图片标题1": NaN, "图片地址1": "http://store.is.autonavi.com/showpic/747b7987c8b2bc65c9cdf59547743a9c", "图片标题2": NaN, "图片地址2": NaN, "图片标题3": NaN, "图片地址3": NaN}
{"名称": "半秋山西餐厅(沙坪坝店)", "地址": "渝碚路50号融信大厦商业裙楼4层", "城市": "重庆市", "标签": "餐饮服务;外国餐厅;西餐厅(综合风味)", "区域名称": "沙坪坝区", "经度": 106.461497, "纬度": 29.557795, "电话": "023-65398077;023-65398087", "图片标题1": NaN, "图片地址1": "http://store.is.autonavi.com/showpic/028897e46b6087b31a6c53411e59a41d", "图片标题2": NaN, "图片地址2": "http://store.is.autonavi.com/showpic/0296ef7268bb9363952e3413a5dc17fd", "图片标题3": NaN, "图片地址3": "http://store.is.autonavi.com/showpic/029d763a0106937088944f3ed9b11652"}
{"名称": "沙坪坝万达必胜客(万达广场店)", "地址": "经纬大道1108号万达广场1b017、018号商铺", "城市": "重庆市", "标签": "餐饮服务;外国餐厅;西餐厅(综合风味)", "区域名称": "沙坪坝区", "经度": 106.474844, "纬度": 29.542917, "电话": "15922659613;19123373357;4009701890", "图片标题1": NaN, "图片地址1": "http://store.is.autonavi.com/showpic/a8d0563d2feefb50821be9a528544806", "图片标题2": NaN, "图片地址2": "http://store.is.autonavi.com/showpic/8e0d75cba8e3585a040451150235c365", "图片标题3": NaN, "图片地址3": "http://store.is.autonavi.com/showpic/02be2be84583a184c876d9fdefdb91af"}
{"名称": "纽玩餐厅(高新天街店)", "地址": "龙湖高新天街A馆5F-07", "城市": "重庆市", "标签": "餐饮服务;外国餐厅;西餐厅(综合风味)", "区域名称": "沙坪坝区", "经度": 106.363655, "纬度": 29.610813, "电话": "023-65187168", "图片标题1": NaN, "图片地址1": "http://store.is.autonavi.com/showpic/1a6a02160f777d108ca2cff7c9e1f268", "图片标题2": NaN, "图片地址2": "http://store.is.autonavi.com/showpic/7325dc276ae0c4b119d8b0f51126cc5b", "图片标题3": NaN, "图片地址3": "http://store.is.autonavi.com/showpic/013903a78e48de876afc741e386b4b4e"}
{"名称": "地狱乂厨房(龙湖U城店)", "地址": "西永组团U4-2-3-2地块南8馆-3层9号", "城市": "重庆市", "标签": "餐饮服务;外国餐厅;西餐厅(综合风味)", "区域名称": "沙坪坝区", "经度": 106.294204, "纬度": 29.606551, "电话": "023-65372034;18688488729", "图片标题1": NaN, "图片地址1": "http://store.is.autonavi.com/showpic/bd19317e04c0f9f99aebb2c14a2e1f53", "图片标题2": NaN, "图片地址2": "http://store.is.autonavi.com/showpic/08f4aea80e420f166ce32919ba9b8e25", "图片标题3": NaN, "图片地址3": "http://store.is.autonavi.com/showpic/0b0a9d4766b57a4b5a5574ab4a2e1105"}
{"名称": "泉逸西餐厅", "地址": "汇泉路8号融汇丽笙酒店2层(融汇温泉城)", "城市": "重庆市", "标签": "餐饮服务;外国餐厅;西餐厅(综合风味)", "区域名称": "沙坪坝区", "经度": 106.441003, "纬度": 29.542774, "电话": "023-88663466;023-88669999", "图片标题1": NaN, "图片地址1": "http://store.is.autonavi.com/showpic/08953a3b9bc12c5a931f09994276d659", "图片标题2": NaN, "图片地址2": "http://store.is.autonavi.com/showpic/113cbea91944c9bfe7aedc3027361ff5", "图片标题3": NaN, "图片地址3": "http://store.is.autonavi.com/showpic/152f450cbdd36843622c0eb12ff7d9f5"}
{"名称": "圣荷酒店启味西餐厅", "地址": "微电园西永大道36号圣荷酒店三楼", "城市": "重庆市", "标签": "餐饮服务;外国餐厅;西餐厅(综合风味)", "区域名称": "沙坪坝区", "经度": 106.374443, "纬度": 29.599747, "电话": "023-65348888", "图片标题1": NaN, "图片地址1": "http://store.is.autonavi.com/showpic/8f72d586198a1ff7e9847a6dfe9278bd", "图片标题2": NaN, "图片地址2": "http://store.is.autonavi.com/showpic/0fee70c2fb2f40c8c1df3ddba139d3b2", "图片标题3": NaN, "图片地址3": "http://store.is.autonavi.com/showpic/20a3e195f7d407b2302c4ea3c82bd91a"}
{"名称": "元素轻食", "地址": "碧祥路与大学城东一路交叉口东北60米", "城市": "重庆市", "标签": "餐饮服务;外国餐厅;西餐厅(综合风味)", "区域名称": "沙坪坝区", "经度": 106.331069, "纬度": 29.614893, "电话": NaN, "图片标题1": NaN, "图片地址1": NaN, "图片标题2": NaN, "图片地址2": NaN, "图片标题3": NaN, "图片地址3": NaN}
{"名称": "SUNDAY LAND森榄(金沙天街店)", "地址": "金沙天街B馆5楼41号(沙坪坝地铁站2号口步行260米)", "城市": "重庆市", "标签": "餐饮服务;外国餐厅;西餐厅(综合风味)", "区域名称": "沙坪坝区", "经度": 106.460795, "纬度": 29.554278, "电话": "023-65389667", "图片标题1": NaN, "图片地址1": "http://store.is.autonavi.com/showpic/c867cfa5ca5a86c8d20e62d9ed6ee724", "图片标题2": NaN, "图片地址2": "http://store.is.autonavi.com/showpic/d6060f41def7289fbd4632298adba0dc", "图片标题3": NaN, "图片地址3": "http://store.is.autonavi.com/showpic/e08707f0f36308309758d6d0d29a08f1"}
{"名称": "么哈(大学城熙街店)", "地址": "沙坪坝区大学城熙街商业街与艺德路交叉口西北60米", "城市": "重庆市", "标签": "餐饮服务;外国餐厅;西餐厅(综合风味)", "区域名称": "沙坪坝区", "经度": 106.301704, "纬度": 29.60125, "电话": NaN, "图片标题1": NaN, "图片地址1": "http://store.is.autonavi.com/showpic/6b6a301fc83419cf5bdb796aae9516c5", "图片标题2": NaN, "图片地址2": "http://store.is.autonavi.com/showpic/045b1d1e838c58c15479344e36094eca", "图片标题3": NaN, "图片地址3": "http://store.is.autonavi.com/showpic/217ae738a2af962d90b6452a238072ea"}
{"名称": "悠伴西餐(熙街熙熙MALL店)", "地址": "虎溪街道景宛路12号附47号4B-13", "城市": "重庆市", "标签": "餐饮服务;外国餐厅;西餐厅(综合风味)", "区域名称": "沙坪坝区", "经度": 106.302128, "纬度": 29.606688, "电话": "023-65606158", "图片标题1": NaN, "图片地址1": "http://store.is.autonavi.com/showpic/bf08f39802912ba9f4a25e2c78ef4608", "图片标题2": NaN, "图片地址2": "http://store.is.autonavi.com/showpic/0f491f83da5ce552412b261c6065aa83", "图片标题3": NaN, "图片地址3": "http://store.is.autonavi.com/showpic/1be0b0d5561048d2a81eaf7339d59769"}
{"名称": "汉堡大师", "地址": "景苑路与沙坪坝区大学城熙街商业街交叉口东北160米", "城市": "重庆市", "标签": "餐饮服务;外国餐厅;西餐厅(综合风味)", "区域名称": "沙坪坝区", "经度": 106.302592, "纬度": 29.604414, "电话": NaN, "图片标题1": NaN, "图片地址1": NaN, "图片标题2": NaN, "图片地址2": NaN, "图片标题3": NaN, "图片地址3": NaN}
{"名称": "S-pizza披萨速递(大学城店)", "地址": "沙坪坝区大学城富力城倾城里11栋1-26", "城市": "重庆市", "标签": "餐饮服务;外国餐厅;西餐厅(综合风味)", "区域名称": "沙坪坝区", "经度": 106.308525, "纬度": 29.602597, "电话": "18696694850", "图片标题1": NaN, "图片地址1": "http://store.is.autonavi.com/showpic/6f08c55e91736d1ad44438c4c5046c23", "图片标题2": NaN, "图片地址2": NaN, "图片标题3": NaN, "图片地址3": NaN}
{"名称": "九五芝尊披萨", "地址": "景苑路与景和路交叉口西160米", "城市": "重庆市", "标签": "餐饮服务;外国餐厅;西餐厅(综合风味)", "区域名称": "沙坪坝区", "经度": 106.302614, "纬度": 29.60636, "电话": NaN, "图片标题1": NaN, "图片地址1": NaN, "图片标题2": NaN, "图片地址2": NaN, "图片标题3": NaN, "图片地址3": NaN}
{"名称": "爆走牛排·意面(科院到寝店)", "地址": "大学城南一路171号附107号", "城市": "重庆市", "标签": "餐饮服务;外国餐厅;西餐厅(综合风味)", "区域名称": "沙坪坝区", "经度": 106.313493, "纬度": 29.583207, "电话": "19922285029", "图片标题1": NaN, "图片地址1": NaN, "图片标题2": NaN, "图片地址2": NaN, "图片标题3": NaN, "图片地址3": NaN}
{"名称": "满多利·Manduoli(沙坪坝店)", "地址": "三峡广场渝培路30号电梯直达3层(华翔大酒店同楼)", "城市": "重庆市", "标签": "餐饮服务;外国餐厅;西餐厅(综合风味)", "区域名称": "沙坪坝区", "经度": 106.462722, "纬度": 29.557327, "电话": "023-65552325", "图片标题1": NaN, "图片地址1": "http://store.is.autonavi.com/showpic/58d6f0954b6a49d13773f611e5d40b93", "图片标题2": NaN, "图片地址2": "http://store.is.autonavi.com/showpic/32378653a19d688350bb366aadff5568", "图片标题3": NaN, "图片地址3": NaN}
{"名称": "King Kong·泰式料理(金沙天街店)", "地址": "小龙坎龙湖光年4号楼38-17", "城市": "重庆市", "标签": "餐饮服务;外国餐厅;西餐厅(综合风味)", "区域名称": "沙坪坝区", "经度": 106.463129, "纬度": 29.554422, "电话": "13002345929", "图片标题1": NaN, "图片地址1": "http://store.is.autonavi.com/showpic/b587770fa2776dfec61d19d2c5410ffc", "图片标题2": NaN, "图片地址2": "http://store.is.autonavi.com/showpic/083e5c990b95834347841e4e65832b04", "图片标题3": NaN, "图片地址3": "http://store.is.autonavi.com/showpic/ae29c787e844e44c2285a6b018f681dd"}
{"名称": "泰吖·泰式大排档(熙街熙都会店)", "地址": "沙坪坝区大学城熙街商业街与景苑路交叉口东南80米", "城市": "重庆市", "标签": "餐饮服务;外国餐厅;西餐厅(综合风味)", "区域名称": "沙坪坝区", "经度": 106.302151, "纬度": 29.602513, "电话": NaN, "图片标题1": NaN, "图片地址1": "http://store.is.autonavi.com/showpic/ea0111a113c1e86e4f018edf121846b0", "图片标题2": NaN, "图片地址2": NaN, "图片标题3": NaN, "图片地址3": NaN}
{"名称": "西里巷", "地址": "四川外国语大学锦绣楼东北侧", "城市": "重庆市", "标签": "餐饮服务;外国餐厅;西餐厅(综合风味)", "区域名称": "沙坪坝区", "经度": 106.434606, "纬度": 29.566489, "电话": "15223695516;15310671922", "图片标题1": NaN, "图片地址1": NaN, "图片标题2": NaN, "图片地址2": NaN, "图片标题3": NaN, "图片地址3": NaN}
{"名称": "helens海伦司(重庆熙街三店)", "地址": "熙街2期15号楼F05", "城市": "重庆市", "标签": "餐饮服务;外国餐厅;西餐厅(综合风味)", "区域名称": "沙坪坝区", "经度": 106.301491, "纬度": 29.604829, "电话": "023-65336167", "图片标题1": NaN, "图片地址1": "http://store.is.autonavi.com/showpic/840febf64c61953912c3fc03a75afd0a", "图片标题2": NaN, "图片地址2": "http://store.is.autonavi.com/showpic/5feb9183c7804570c17b4e8e29087702", "图片标题3": NaN, "图片地址3": "http://store.is.autonavi.com/showpic/d9f15d7f04933f3a5e11dfd347a91023"}
{"名称": "西栖里里小酒馆", "地址": "渝碚路街道天陈路2号附2-4-A126、A124", "城市": "重庆市", "标签": "餐饮服务;外国餐厅;西餐厅(综合风味)", "区域名称": "沙坪坝区", "经度": 106.459359, "纬度": 29.557832, "电话": "13436146800;18580062161", "图片标题1": NaN, "图片地址1": "http://store.is.autonavi.com/showpic/dab0470690727a7ac022017f55b963ed", "图片标题2": NaN, "图片地址2": "http://store.is.autonavi.com/showpic/dab0470690727a7ac022017f55b963ed", "图片标题3": NaN, "图片地址3": "http://store.is.autonavi.com/showpic/22e70a7c5808b21653c7ce02f19d56f9"}
{"名称": "重庆丽苑维景国际大酒店郁金香西餐厅", "地址": "天陈路15号丽苑大酒店2层(沙坪坝地铁站5号口步行80米)", "城市": "重庆市", "标签": "餐饮服务;外国餐厅;西餐厅(综合风味)", "区域名称": "沙坪坝区", "经度": 106.460176, "纬度": 29.555848, "电话": NaN, "图片标题1": NaN, "图片地址1": "http://store.is.autonavi.com/showpic/f1f6ffad186af687c5b475958015e44a", "图片标题2": NaN, "图片地址2": "http://store.is.autonavi.com/showpic/6140eb021dad37f9dc0f7a5bc86babb3", "图片标题3": NaN, "图片地址3": "http://store.is.autonavi.com/showpic/807761bdc790eecac81f459bbb353d79"}
{"名称": "小南姜泰式冬阴功酸汤一人锅(熙街店)", "地址": "熙街景苑路8号附873(攀岩斜对面)", "城市": "重庆市", "标签": "餐饮服务;外国餐厅;西餐厅(综合风味)", "区域名称": "沙坪坝区", "经度": 106.302168, "纬度": 29.60376, "电话": NaN, "图片标题1": NaN, "图片地址1": "http://store.is.autonavi.com/showpic/1a68ec87a61bd147cf802f81e3fe01a9", "图片标题2": NaN, "图片地址2": NaN, "图片标题3": NaN, "图片地址3": NaN}
{"名称": "威特尼西餐(台北城店)", "地址": "大学城中路9号旭阳台北城F2", "城市": "重庆市", "标签": "餐饮服务;外国餐厅;西餐厅(综合风味)", "区域名称": "沙坪坝区", "经度": 106.306433, "纬度": 29.583605, "电话": "023-64313752", "图片标题1": NaN, "图片地址1": "http://store.is.autonavi.com/showpic/7f48d6e489a3bdabe8c6dca3dc63bcf0", "图片标题2": NaN, "图片地址2": "http://store.is.autonavi.com/showpic/60e417a9606727d7507b28de9114b040", "图片标题3": NaN, "图片地址3": "http://store.is.autonavi.com/showpic/a965649be4d963aaa384db9b4fcd6294"}
{"名称": "新元素(三峡广场店)", "地址": "三峡广场步行街与三峡支路交叉口西北60米", "城市": "重庆市", "标签": "餐饮服务;外国餐厅;西餐厅(综合风味)", "区域名称": "沙坪坝区", "经度": 106.463369, "纬度": 29.557758, "电话": NaN, "图片标题1": NaN, "图片地址1": "http://store.is.autonavi.com/showpic/2dabbc20c5b7fc4b241f8da03b169911", "图片标题2": NaN, "图片地址2": NaN, "图片标题3": NaN, "图片地址3": NaN}
{"名称": "豪客来牛排(炫地店)", "地址": "天陈路1号炫地购物中心三楼", "城市": "重庆市", "标签": "餐饮服务;外国餐厅;西餐厅(综合风味)|餐饮服务;外国餐厅;牛扒店(扒房)", "区域名称": "沙坪坝区", "经度": 106.46024, "纬度": 29.557441, "电话": "023-65470186", "图片标题1": NaN, "图片地址1": "http://store.is.autonavi.com/showpic/747b7987c8b2bc65c9cdf59547743a9c", "图片标题2": NaN, "图片地址2": NaN, "图片标题3": NaN, "图片地址3": NaN}
{"名称": "半秋山西餐厅(沙坪坝店)", "地址": "渝碚路50号融信大厦商业裙楼4层", "城市": "重庆市", "标签": "餐饮服务;外国餐厅;西餐厅(综合风味)", "区域名称": "沙坪坝区", "经度": 106.461497, "纬度": 29.557795, "电话": "023-65398077;023-65398087", "图片标题1": NaN, "图片地址1": "http://store.is.autonavi.com/showpic/028897e46b6087b31a6c53411e59a41d", "图片标题2": NaN, "图片地址2": "http://store.is.autonavi.com/showpic/0296ef7268bb9363952e3413a5dc17fd", "图片标题3": NaN, "图片地址3": "http://store.is.autonavi.com/showpic/029d763a0106937088944f3ed9b11652"}
{"名称": "沙坪坝万达必胜客(万达广场店)", "地址": "经纬大道1108号万达广场1b017、018号商铺", "城市": "重庆市", "标签": "餐饮服务;外国餐厅;西餐厅(综合风味)", "区域名称": "沙坪坝区", "经度": 106.474844, "纬度": 29.542917, "电话": "15922659613;19123373357;4009701890", "图片标题1": NaN, "图片地址1": "http://store.is.autonavi.com/showpic/a8d0563d2feefb50821be9a528544806", "图片标题2": NaN, "图片地址2": "http://store.is.autonavi.com/showpic/8e0d75cba8e3585a040451150235c365", "图片标题3": NaN, "图片地址3": "http://store.is.autonavi.com/showpic/02be2be84583a184c876d9fdefdb91af"}
{"名称": "纽玩餐厅(高新天街店)", "地址": "龙湖高新天街A馆5F-07", "城市": "重庆市", "标签": "餐饮服务;外国餐厅;西餐厅(综合风味)", "区域名称": "沙坪坝区", "经度": 106.363655, "纬度": 29.610813, "电话": "023-65187168", "图片标题1": NaN, "图片地址1": "http://store.is.autonavi.com/showpic/1a6a02160f777d108ca2cff7c9e1f268", "图片标题2": NaN, "图片地址2": "http://store.is.autonavi.com/showpic/7325dc276ae0c4b119d8b0f51126cc5b", "图片标题3": NaN, "图片地址3": "http://store.is.autonavi.com/showpic/013903a78e48de876afc741e386b4b4e"}
{"名称": "地狱乂厨房(龙湖U城店)", "地址": "西永组团U4-2-3-2地块南8馆-3层9号", "城市": "重庆市", "标签": "餐饮服务;外国餐厅;西餐厅(综合风味)", "区域名称": "沙坪坝区", "经度": 106.294204, "纬度": 29.606551, "电话": "023-65372034;18688488729", "图片标题1": NaN, "图片地址1": "http://store.is.autonavi.com/showpic/bd19317e04c0f9f99aebb2c14a2e1f53", "图片标题2": NaN, "图片地址2": "http://store.is.autonavi.com/showpic/08f4aea80e420f166ce32919ba9b8e25", "图片标题3": NaN, "图片地址3": "http://store.is.autonavi.com/showpic/0b0a9d4766b57a4b5a5574ab4a2e1105"}
{"名称": "泉逸西餐厅", "地址": "汇泉路8号融汇丽笙酒店2层(融汇温泉城)", "城市": "重庆市", "标签": "餐饮服务;外国餐厅;西餐厅(综合风味)", "区域名称": "沙坪坝区", "经度": 106.441003, "纬度": 29.542774, "电话": "023-88663466;023-88669999", "图片标题1": NaN, "图片地址1": "http://store.is.autonavi.com/showpic/08953a3b9bc12c5a931f09994276d659", "图片标题2": NaN, "图片地址2": "http://store.is.autonavi.com/showpic/113cbea91944c9bfe7aedc3027361ff5", "图片标题3": NaN, "图片地址3": "http://store.is.autonavi.com/showpic/152f450cbdd36843622c0eb12ff7d9f5"}
{"名称": "圣荷酒店启味西餐厅", "地址": "微电园西永大道36号圣荷酒店三楼", "城市": "重庆市", "标签": "餐饮服务;外国餐厅;西餐厅(综合风味)", "区域名称": "沙坪坝区", "经度": 106.374443, "纬度": 29.599747, "电话": "023-65348888", "图片标题1": NaN, "图片地址1": "http://store.is.autonavi.com/showpic/8f72d586198a1ff7e9847a6dfe9278bd", "图片标题2": NaN, "图片地址2": "http://store.is.autonavi.com/showpic/0fee70c2fb2f40c8c1df3ddba139d3b2", "图片标题3": NaN, "图片地址3": "http://store.is.autonavi.com/showpic/20a3e195f7d407b2302c4ea3c82bd91a"}
{"名称": "元素轻食", "地址": "碧祥路与大学城东一路交叉口东北60米", "城市": "重庆市", "标签": "餐饮服务;外国餐厅;西餐厅(综合风味)", "区域名称": "沙坪坝区", "经度": 106.331069, "纬度": 29.614893, "电话": NaN, "图片标题1": NaN, "图片地址1": NaN, "图片标题2": NaN, "图片地址2": NaN, "图片标题3": NaN, "图片地址3": NaN}
{"名称": "SUNDAY LAND森榄(金沙天街店)", "地址": "金沙天街B馆5楼41号(沙坪坝地铁站2号口步行260米)", "城市": "重庆市", "标签": "餐饮服务;外国餐厅;西餐厅(综合风味)", "区域名称": "沙坪坝区", "经度": 106.460795, "纬度": 29.554278, "电话": "023-65389667", "图片标题1": NaN, "图片地址1": "http://store.is.autonavi.com/showpic/c867cfa5ca5a86c8d20e62d9ed6ee724", "图片标题2": NaN, "图片地址2": "http://store.is.autonavi.com/showpic/d6060f41def7289fbd4632298adba0dc", "图片标题3": NaN, "图片地址3": "http://store.is.autonavi.com/showpic/e08707f0f36308309758d6d0d29a08f1"}
{"名称": "么哈(大学城熙街店)", "地址": "沙坪坝区大学城熙街商业街与艺德路交叉口西北60米", "城市": "重庆市", "标签": "餐饮服务;外国餐厅;西餐厅(综合风味)", "区域名称": "沙坪坝区", "经度": 106.301704, "纬度": 29.60125, "电话": NaN, "图片标题1": NaN, "图片地址1": "http://store.is.autonavi.com/showpic/6b6a301fc83419cf5bdb796aae9516c5", "图片标题2": NaN, "图片地址2": "http://store.is.autonavi.com/showpic/045b1d1e838c58c15479344e36094eca", "图片标题3": NaN, "图片地址3": "http://store.is.autonavi.com/showpic/217ae738a2af962d90b6452a238072ea"}
{"名称": "悠伴西餐(熙街熙熙MALL店)", "地址": "虎溪街道景宛路12号附47号4B-13", "城市": "重庆市", "标签": "餐饮服务;外国餐厅;西餐厅(综合风味)", "区域名称": "沙坪坝区", "经度": 106.302128, "纬度": 29.606688, "电话": "023-65606158", "图片标题1": NaN, "图片地址1": "http://store.is.autonavi.com/showpic/bf08f39802912ba9f4a25e2c78ef4608", "图片标题2": NaN, "图片地址2": "http://store.is.autonavi.com/showpic/0f491f83da5ce552412b261c6065aa83", "图片标题3": NaN, "图片地址3": "http://store.is.autonavi.com/showpic/1be0b0d5561048d2a81eaf7339d59769"}
{"名称": "汉堡大师", "地址": "景苑路与沙坪坝区大学城熙街商业街交叉口东北160米", "城市": "重庆市", "标签": "餐饮服务;外国餐厅;西餐厅(综合风味)", "区域名称": "沙坪坝区", "经度": 106.302592, "纬度": 29.604414, "电话": NaN, "图片标题1": NaN, "图片地址1": NaN, "图片标题2": NaN, "图片地址2": NaN, "图片标题3": NaN, "图片地址3": NaN}
{"名称": "S-pizza披萨速递(大学城店)", "地址": "沙坪坝区大学城富力城倾城里11栋1-26", "城市": "重庆市", "标签": "餐饮服务;外国餐厅;西餐厅(综合风味)", "区域名称": "沙坪坝区", "经度": 106.308525, "纬度": 29.602597, "电话": "18696694850", "图片标题1": NaN, "图片地址1": "http://store.is.autonavi.com/showpic/6f08c55e91736d1ad44438c4c5046c23", "图片标题2": NaN, "图片地址2": NaN, "图片标题3": NaN, "图片地址3": NaN}
{"名称": "九五芝尊披萨", "地址": "景苑路与景和路交叉口西160米", "城市": "重庆市", "标签": "餐饮服务;外国餐厅;西餐厅(综合风味)", "区域名称": "沙坪坝区", "经度": 106.302614, "纬度": 29.60636, "电话": NaN, "图片标题1": NaN, "图片地址1": NaN, "图片标题2": NaN, "图片地址2": NaN, "图片标题3": NaN, "图片地址3": NaN}
{"名称": "爆走牛排·意面(科院到寝店)", "地址": "大学城南一路171号附107号", "城市": "重庆市", "标签": "餐饮服务;外国餐厅;西餐厅(综合风味)", "区域名称": "沙坪坝区", "经度": 106.313493, "纬度": 29.583207, "电话": "19922285029", "图片标题1": NaN, "图片地址1": NaN, "图片标题2": NaN, "图片地址2": NaN, "图片标题3": NaN, "图片地址3": NaN}
{"名称": "满多利·Manduoli(沙坪坝店)", "地址": "三峡广场渝培路30号电梯直达3层(华翔大酒店同楼)", "城市": "重庆市", "标签": "餐饮服务;外国餐厅;西餐厅(综合风味)", "区域名称": "沙坪坝区", "经度": 106.462722, "纬度": 29.557327, "电话": "023-65552325", "图片标题1": NaN, "图片地址1": "http://store.is.autonavi.com/showpic/58d6f0954b6a49d13773f611e5d40b93", "图片标题2": NaN, "图片地址2": "http://store.is.autonavi.com/showpic/32378653a19d688350bb366aadff5568", "图片标题3": NaN, "图片地址3": NaN}
{"名称": "King Kong·泰式料理(金沙天街店)", "地址": "小龙坎龙湖光年4号楼38-17", "城市": "重庆市", "标签": "餐饮服务;外国餐厅;西餐厅(综合风味)", "区域名称": "沙坪坝区", "经度": 106.463129, "纬度": 29.554422, "电话": "13002345929", "图片标题1": NaN, "图片地址1": "http://store.is.autonavi.com/showpic/b587770fa2776dfec61d19d2c5410ffc", "图片标题2": NaN, "图片地址2": "http://store.is.autonavi.com/showpic/083e5c990b95834347841e4e65832b04", "图片标题3": NaN, "图片地址3": "http://store.is.autonavi.com/showpic/ae29c787e844e44c2285a6b018f681dd"}
{"名称": "泰吖·泰式大排档(熙街熙都会店)", "地址": "沙坪坝区大学城熙街商业街与景苑路交叉口东南80米", "城市": "重庆市", "标签": "餐饮服务;外国餐厅;西餐厅(综合风味)", "区域名称": "沙坪坝区", "经度": 106.302151, "纬度": 29.602513, "电话": NaN, "图片标题1": NaN, "图片地址1": "http://store.is.autonavi.com/showpic/ea0111a113c1e86e4f018edf121846b0", "图片标题2": NaN, "图片地址2": NaN, "图片标题3": NaN, "图片地址3": NaN}
{"名称": "西里巷", "地址": "四川外国语大学锦绣楼东北侧", "城市": "重庆市", "标签": "餐饮服务;外国餐厅;西餐厅(综合风味)", "区域名称": "沙坪坝区", "经度": 106.434606, "纬度": 29.566489, "电话": "15223695516;15310671922", "图片标题1": NaN, "图片地址1": NaN, "图片标题2": NaN, "图片地址2": NaN, "图片标题3": NaN, "图片地址3": NaN}
{"名称": "helens海伦司(重庆熙街三店)", "地址": "熙街2期15号楼F05", "城市": "重庆市", "标签": "餐饮服务;外国餐厅;西餐厅(综合风味)", "区域名称": "沙坪坝区", "经度": 106.301491, "纬度": 29.604829, "电话": "023-65336167", "图片标题1": NaN, "图片地址1": "http://store.is.autonavi.com/showpic/840febf64c61953912c3fc03a75afd0a", "图片标题2": NaN, "图片地址2": "http://store.is.autonavi.com/showpic/5feb9183c7804570c17b4e8e29087702", "图片标题3": NaN, "图片地址3": "http://store.is.autonavi.com/showpic/d9f15d7f04933f3a5e11dfd347a91023"}
{"名称": "西栖里里小酒馆", "地址": "渝碚路街道天陈路2号附2-4-A126、A124", "城市": "重庆市", "标签": "餐饮服务;外国餐厅;西餐厅(综合风味)", "区域名称": "沙坪坝区", "经度": 106.459359, "纬度": 29.557832, "电话": "13436146800;18580062161", "图片标题1": NaN, "图片地址1": "http://store.is.autonavi.com/showpic/dab0470690727a7ac022017f55b963ed", "图片标题2": NaN, "图片地址2": "http://store.is.autonavi.com/showpic/dab0470690727a7ac022017f55b963ed", "图片标题3": NaN, "图片地址3": "http://store.is.autonavi.com/showpic/22e70a7c5808b21653c7ce02f19d56f9"}
{"名称": "重庆丽苑维景国际大酒店郁金香西餐厅", "地址": "天陈路15号丽苑大酒店2层(沙坪坝地铁站5号口步行80米)", "城市": "重庆市", "标签": "餐饮服务;外国餐厅;西餐厅(综合风味)", "区域名称": "沙坪坝区", "经度": 106.460176, "纬度": 29.555848, "电话": NaN, "图片标题1": NaN, "图片地址1": "http://store.is.autonavi.com/showpic/f1f6ffad186af687c5b475958015e44a", "图片标题2": NaN, "图片地址2": "http://store.is.autonavi.com/showpic/6140eb021dad37f9dc0f7a5bc86babb3", "图片标题3": NaN, "图片地址3": "http://store.is.autonavi.com/showpic/807761bdc790eecac81f459bbb353d79"}
{"名称": "小南姜泰式冬阴功酸汤一人锅(熙街店)", "地址": "熙街景苑路8号附873(攀岩斜对面)", "城市": "重庆市", "标签": "餐饮服务;外国餐厅;西餐厅(综合风味)", "区域名称": "沙坪坝区", "经度": 106.302168, "纬度": 29.60376, "电话": NaN, "图片标题1": NaN, "图片地址1": "http://store.is.autonavi.com/showpic/1a68ec87a61bd147cf802f81e3fe01a9", "图片标题2": NaN, "图片地址2": NaN, "图片标题3": NaN, "图片地址3": NaN}
