{"名称": "巴蜀古代建筑博物馆", "地址": "陈家桥街道白鹤村", "城市": "重庆市", "标签": "科教文化服务;博物馆;博物馆", "区域名称": "沙坪坝区", "经度": 106.332807, "纬度": 29.603871, "电话": NaN, "图片标题1": NaN, "图片地址1": "http://store.is.autonavi.com/showpic/68fb6480368c543990010c9a769d185f", "图片标题2": NaN, "图片地址2": "http://store.is.autonavi.com/showpic/7020bd43a340cb2e8ac8bd0f678fc050", "图片标题3": NaN, "图片地址3": "http://store.is.autonavi.com/showpic/b99d7bec82ed2ad51a20e41fceeb4612"}
{"名称": "重庆记忆博物馆", "地址": "磁南街1号", "城市": "重庆市", "标签": "科教文化服务;博物馆;博物馆", "区域名称": "沙坪坝区", "经度": 106.449972, "纬度": 29.579906, "电话": NaN, "图片标题1": NaN, "图片地址1": "https://aos-comment.amap.com/B0FFKBBC2U/comment/content_media_external_images_media_78910.jpg", "图片标题2": NaN, "图片地址2": "https://aos-comment.amap.com/B0FFKBBC2U/comment/content_media_external_images_media_78909.jpg", "图片标题3": NaN, "图片地址3": "https://aos-comment.amap.com/B0FFKBBC2U/comment/content_media_external_images_media_78912.jpg"}
{"名称": "重庆恋爱博物馆", "地址": "华夏银座19-3(沙坪坝地铁站出入口步行110米)", "城市": "重庆市", "标签": "科教文化服务;博物馆;博物馆", "区域名称": "沙坪坝区", "经度": 106.459947, "纬度": 29.558169, "电话": 17602325559.0, "图片标题1": NaN, "图片地址1": "http://store.is.autonavi.com/showpic/112a1eab7088dddc1f3198e2c2c4a410", "图片标题2": NaN, "图片地址2": "http://store.is.autonavi.com/showpic/9134eb265c412b88788244a87a5f902b", "图片标题3": NaN, "图片地址3": "http://store.is.autonavi.com/showpic/508f6fb4dfc6c67644067aefbb7f5823"}
{"名称": "全艺术中心", "地址": "大学城南二路1035号书香溪墅6栋一单元8-1", "城市": "重庆市", "标签": "科教文化服务;博物馆;博物馆", "区域名称": "沙坪坝区", "经度": 106.282978, "纬度": 29.578309, "电话": 18002334585.0, "图片标题1": NaN, "图片地址1": "http://store.is.autonavi.com/showpic/270a9318f2cf0ebf8b4df39565a7b5e0", "图片标题2": NaN, "图片地址2": NaN, "图片标题3": NaN, "图片地址3": NaN}
{"名称": "民俗博物馆(磁器口正街)", "地址": "磁南街1号磁器口景区内", "城市": "重庆市", "标签": "科教文化服务;博物馆;博物馆", "区域名称": "沙坪坝区", "经度": 106.450844, "纬度": 29.579542, "电话": NaN, "图片标题1": NaN, "图片地址1": "http://store.is.autonavi.com/showpic/55812e7aa3109f1e8a1cd6bf", "图片标题2": NaN, "图片地址2": "http://store.is.autonavi.com/showpic/f0c28066173e718c2f0e9ab6fd6652b3", "图片标题3": NaN, "图片地址3": NaN}
{"名称": "重庆市人类生命与健康博物馆", "地址": "大学城中路61号", "城市": "重庆市", "标签": "科教文化服务;博物馆;博物馆", "区域名称": "沙坪坝区", "经度": 106.30844, "纬度": 29.624718, "电话": NaN, "图片标题1": "重庆市人类生命与健康博物馆", "图片地址1": "http://store.is.autonavi.com/showpic/6a18d9cb6eb2823545240fefade8a79a", "图片标题2": "重庆市人类生命与健康博物馆", "图片地址2": "http://store.is.autonavi.com/showpic/d0a9394351645440d1a8a5c9eeca7185", "图片标题3": NaN, "图片地址3": NaN}
{"名称": "磁器口民俗博物馆项目展示厅", "地址": "磁器口古镇内(东侧)", "城市": "重庆市", "标签": "科教文化服务;博物馆;博物馆", "区域名称": "沙坪坝区", "经度": 106.451721, "纬度": 29.580392, "电话": NaN, "图片标题1": NaN, "图片地址1": "http://store.is.autonavi.com/showpic/8f8ad5f22a06351af3d425d7875cf8fa", "图片标题2": NaN, "图片地址2": "http://store.is.autonavi.com/showpic/55812e9ba3109f1e8a1cdce3", "图片标题3": NaN, "图片地址3": "http://store.is.autonavi.com/showpic/55812e9ba3109f1e8a1cdce1"}
