{"名称": "兰州拉面(重大a区)", "地址": "沙正街168号(重庆大学地铁站3号口步行70米)", "城市": "重庆市", "标签": "餐饮服务;中餐厅;清真菜馆", "区域名称": "沙坪坝区", "经度": 106.463705, "纬度": 29.567155, "电话": "17623808660", "图片标题1": NaN, "图片地址1": "http://store.is.autonavi.com/showpic/ab85429bc320c2f25757180033b306bb", "图片标题2": NaN, "图片地址2": "http://store.is.autonavi.com/showpic/56568a21a3104425a5b6b236", "图片标题3": NaN, "图片地址3": "http://store.is.autonavi.com/showpic/1308d4287fc2a2a9eaa3bce016c65f15"}
{"名称": "清真沙湾大盘鸡兰州拉面", "地址": "高滩岩正街31-11号(高滩岩地铁站3A口步行430米)", "城市": "重庆市", "标签": "餐饮服务;中餐厅;清真菜馆", "区域名称": "沙坪坝区", "经度": 106.448076, "纬度": 29.534966, "电话": "17620467715", "图片标题1": NaN, "图片地址1": "http://store.is.autonavi.com/showpic/f5740c67ff93e7b4fecf3c906622db88", "图片标题2": NaN, "图片地址2": "http://store.is.autonavi.com/showpic/f552f7a388b916b4003c7cffe2e76a70", "图片标题3": NaN, "图片地址3": NaN}
{"名称": "兰州拉面(大学城南路店)", "地址": "沙坪坝大学城南路32号附21号", "城市": "重庆市", "标签": "餐饮服务;中餐厅;清真菜馆", "区域名称": "沙坪坝区", "经度": 106.308471, "纬度": 29.599465, "电话": "13594368756;18623195292", "图片标题1": NaN, "图片地址1": "http://store.is.autonavi.com/showpic/b464d7830ad60136c5f9e159f7c0293b", "图片标题2": NaN, "图片地址2": "http://store.is.autonavi.com/showpic/0dc7e93d919eea71d1cb7c2a6c19964c", "图片标题3": NaN, "图片地址3": "http://store.is.autonavi.com/showpic/2c5a446b8aa2861ee064d9a15d3f670a"}
{"名称": "兰州牛肉拉面(西永安置房)", "地址": "西永电子产业园一期安置房商业M17-1-4号", "城市": "重庆市", "标签": "餐饮服务;中餐厅;清真菜馆", "区域名称": "沙坪坝区", "经度": 106.373973, "纬度": 29.591886, "电话": "15023359086;18184001277", "图片标题1": NaN, "图片地址1": "http://store.is.autonavi.com/showpic/bfa2b2bb112a86978348eca16f45c943", "图片标题2": NaN, "图片地址2": "http://store.is.autonavi.com/showpic/0c7c78e64224e8a6bcc1c6940af5bfca", "图片标题3": NaN, "图片地址3": "http://store.is.autonavi.com/showpic/9eac530da92e8b2e37163d255acd8f8e"}
{"名称": "兰州拉面(电力局沙大院店)", "地址": "沙中路31号", "城市": "重庆市", "标签": "餐饮服务;中餐厅;清真菜馆", "区域名称": "沙坪坝区", "经度": 106.465191, "纬度": 29.561893, "电话": "17830862272", "图片标题1": NaN, "图片地址1": "http://store.is.autonavi.com/showpic/824f1a9cd114b365f846631f2e4cb431", "图片标题2": NaN, "图片地址2": "http://store.is.autonavi.com/showpic/d5ac4a8b140fc3b0b3706eb597c35f2a", "图片标题3": NaN, "图片地址3": "http://store.is.autonavi.com/showpic/e83f1261ac3f09aa0d1011b46091462b"}
{"名称": "准噶尔新疆风味餐厅(大学城店)", "地址": "大学城熙街二期17号1f-15准葛尔", "城市": "重庆市", "标签": "餐饮服务;中餐厅;清真菜馆", "区域名称": "沙坪坝区", "经度": 106.302941, "纬度": 29.603952, "电话": "18509095333", "图片标题1": NaN, "图片地址1": "http://store.is.autonavi.com/showpic/8168b211fafb638d11bb9866271387ca", "图片标题2": NaN, "图片地址2": "http://store.is.autonavi.com/showpic/5ecd09330b445bd870b8efa029017c87", "图片标题3": NaN, "图片地址3": "http://store.is.autonavi.com/showpic/88828ffd8e24493c2fe9202e1b5620b7"}
{"名称": "余蓓香油茶", "地址": "联芳桥3号附4号", "城市": "重庆市", "标签": "餐饮服务;中餐厅;中式素菜馆", "区域名称": "沙坪坝区", "经度": 106.476012, "纬度": 29.537507, "电话": NaN, "图片标题1": NaN, "图片地址1": "http://store.is.autonavi.com/showpic/2ec48011bd087bbb49357c09eca8d7f3", "图片标题2": NaN, "图片地址2": NaN, "图片标题3": NaN, "图片地址3": NaN}
{"名称": "洪湖藕王(西盛路店)", "地址": "永辉超市斜对面永年路39号附6号", "城市": "重庆市", "标签": "餐饮服务;中餐厅;清真菜馆", "区域名称": "沙坪坝区", "经度": 106.367518, "纬度": 29.613719, "电话": "15223210603;18983473918;18983478758", "图片标题1": NaN, "图片地址1": "http://store.is.autonavi.com/showpic/30cdcab36e821a1abca32dd3e755e631", "图片标题2": NaN, "图片地址2": "http://aos-cdn-image.amap.com/sns/ugccomment/53a523b4-79b6-49cc-9fd9-551ab178a392.jpg", "图片标题3": NaN, "图片地址3": NaN}
{"名称": "楼兰君子新疆烤肉王", "地址": "汉渝路与沙滨路辅路交叉口南320米", "城市": "重庆市", "标签": "餐饮服务;中餐厅;清真菜馆", "区域名称": "沙坪坝区", "经度": 106.478459, "纬度": 29.557832, "电话": NaN, "图片标题1": NaN, "图片地址1": "http://store.is.autonavi.com/showpic/d6dced1e07fcb470af7d23fcfeda9e63", "图片标题2": NaN, "图片地址2": NaN, "图片标题3": NaN, "图片地址3": NaN}
{"名称": "兰州拉面", "地址": "西荣路与永泰路交叉口东南40米", "城市": "重庆市", "标签": "餐饮服务;中餐厅;清真菜馆", "区域名称": "沙坪坝区", "经度": 106.362237, "纬度": 29.61201, "电话": "18697223024", "图片标题1": NaN, "图片地址1": "http://store.is.autonavi.com/showpic/8af9530eafaa35881b58f71988c83784", "图片标题2": NaN, "图片地址2": "https://aos-comment.amap.com/B0I06HTGV9/headerImg/387cdd3a234165023d04a58be439764e_2048_2048_80.jpg", "图片标题3": NaN, "图片地址3": "https://aos-comment.amap.com/B0I06HTGV9/headerImg/5bfd981ae617721d8cd76fd870ec9eaa_2048_2048_80.jpg"}
{"名称": "兰州牛肉拉面(客堂好吃街店)", "地址": "三峡广场南开步行街立海大厦一楼好吃街", "城市": "重庆市", "标签": "餐饮服务;中餐厅;清真菜馆", "区域名称": "沙坪坝区", "经度": 106.462143, "纬度": 29.559617, "电话": "17693001779", "图片标题1": NaN, "图片地址1": "http://store.is.autonavi.com/showpic/0798f28bdf5d95ded5637d8d2d42b59b", "图片标题2": NaN, "图片地址2": "http://store.is.autonavi.com/showpic/bdf2d70a533cc71b09ca1c8e443e8d93", "图片标题3": NaN, "图片地址3": "http://store.is.autonavi.com/showpic/d9194670b7d7c461fd18788238c9bcba"}
{"名称": "兰州拉面清真", "地址": "新桥医院对面西北楼兰州牛肉拉面", "城市": "重庆市", "标签": "餐饮服务;中餐厅;清真菜馆", "区域名称": "沙坪坝区", "经度": 106.437174, "纬度": 29.524185, "电话": "13272884561;19823376035", "图片标题1": NaN, "图片地址1": "http://store.is.autonavi.com/showpic/3ca7eb50873a79c1a79f59b19130a9d3", "图片标题2": NaN, "图片地址2": "http://store.is.autonavi.com/showpic/069dea8d2fbf06b5a8a3cb6e4a5ba806", "图片标题3": NaN, "图片地址3": "http://store.is.autonavi.com/showpic/abd6152d6461d668c2535a594376618a"}
{"名称": "重庆大学清真食堂", "地址": "沙正街174号重庆大学A区学生四食堂2层(近重庆大学A区南门)", "城市": "重庆市", "标签": "餐饮服务;中餐厅;清真菜馆", "区域名称": "沙坪坝区", "经度": 106.466802, "纬度": 29.563237, "电话": NaN, "图片标题1": NaN, "图片地址1": NaN, "图片标题2": NaN, "图片地址2": NaN, "图片标题3": NaN, "图片地址3": NaN}
{"名称": "新疆正宗烤羊肉串(沙坪坝店)", "地址": "沙滨路保利康桥10号附14号", "城市": "重庆市", "标签": "餐饮服务;中餐厅;清真菜馆", "区域名称": "沙坪坝区", "经度": 106.480628, "纬度": 29.553387, "电话": "18523349771", "图片标题1": NaN, "图片地址1": "http://store.is.autonavi.com/showpic/b23bf23678f62c838e42575a44f0d09c", "图片标题2": NaN, "图片地址2": "http://store.is.autonavi.com/showpic/0da0d4867f43d0772d5c6269f0d807e5", "图片标题3": NaN, "图片地址3": "http://store.is.autonavi.com/showpic/81c918fe98ded782bf566af08bec82a9"}
{"名称": "新疆美味烤羊肉串(金莎港湾店)", "地址": "金莎港湾新生村18号附17号", "城市": "重庆市", "标签": "餐饮服务;中餐厅;清真菜馆", "区域名称": "沙坪坝区", "经度": 106.479009, "纬度": 29.557654, "电话": "15215038460", "图片标题1": NaN, "图片地址1": "http://store.is.autonavi.com/showpic/d614500f1056d00ff2d01a2b3d51af9c", "图片标题2": NaN, "图片地址2": NaN, "图片标题3": NaN, "图片地址3": NaN}
{"名称": "嗝嗝来啦(龙湖U城一组团店)", "地址": "大学城北路龙湖u城天街L2楼92号附184号", "城市": "重庆市", "标签": "餐饮服务;中餐厅;中式素菜馆", "区域名称": "沙坪坝区", "经度": 106.293129, "纬度": 29.608761, "电话": "19122981610", "图片标题1": NaN, "图片地址1": "http://store.is.autonavi.com/showpic/2768114243184842add38edfc0c36d8f", "图片标题2": NaN, "图片地址2": NaN, "图片标题3": NaN, "图片地址3": NaN}
{"名称": "新疆美味羊肉串(大学城店)", "地址": "虎溪街道大学城东路21号附2号1-25", "城市": "重庆市", "标签": "餐饮服务;中餐厅;清真菜馆", "区域名称": "沙坪坝区", "经度": 106.317416, "纬度": 29.590976, "电话": "18194997380;18709039216", "图片标题1": NaN, "图片地址1": "http://store.is.autonavi.com/showpic/41124d8ac05bc010089c557306ecdb54", "图片标题2": NaN, "图片地址2": "http://store.is.autonavi.com/showpic/687ee40a3edc9d2a1d12f1b2d672487f", "图片标题3": NaN, "图片地址3": "http://store.is.autonavi.com/showpic/911610df2dbb01d724640c6ac98a28a2"}
{"名称": "新疆和田玉之乡羊肉烧烤店", "地址": "恒大优活城西盛路66号附48号", "城市": "重庆市", "标签": "餐饮服务;中餐厅;清真菜馆", "区域名称": "沙坪坝区", "经度": 106.357385, "纬度": 29.615659, "电话": "13369640082", "图片标题1": NaN, "图片地址1": "http://store.is.autonavi.com/showpic/b9f31848d8c67c7424638f23678f0a63", "图片标题2": NaN, "图片地址2": NaN, "图片标题3": NaN, "图片地址3": NaN}
{"名称": "疆味儿新疆餐吧(微电园店)", "地址": "龙湖拉特芳斯1街区2栋美联物业正对面", "城市": "重庆市", "标签": "餐饮服务;中餐厅;清真菜馆", "区域名称": "沙坪坝区", "经度": 106.364187, "纬度": 29.611629, "电话": "19923923254", "图片标题1": NaN, "图片地址1": "http://store.is.autonavi.com/showpic/494ba9d77b8a44be8a0cf04b633c855f", "图片标题2": NaN, "图片地址2": NaN, "图片标题3": NaN, "图片地址3": NaN}
{"名称": "新疆味道", "地址": "大学城东路富力城时光里西120米", "城市": "重庆市", "标签": "餐饮服务;中餐厅;清真菜馆", "区域名称": "沙坪坝区", "经度": 106.318181, "纬度": 29.600938, "电话": NaN, "图片标题1": NaN, "图片地址1": NaN, "图片标题2": NaN, "图片地址2": NaN, "图片标题3": NaN, "图片地址3": NaN}
{"名称": "新疆西艾力美味羊肉串(2号店)", "地址": "清溪路5号", "城市": "重庆市", "标签": "餐饮服务;中餐厅;清真菜馆", "区域名称": "沙坪坝区", "经度": 106.44485, "纬度": 29.553207, "电话": NaN, "图片标题1": NaN, "图片地址1": "http://store.is.autonavi.com/showpic/3f8bfb33fb1ed2b598f5d65dc1edef51", "图片标题2": NaN, "图片地址2": "http://store.is.autonavi.com/showpic/bf6fb8ce847b74b4cf3caeac70a112b3", "图片标题3": NaN, "图片地址3": NaN}
{"名称": "伊犁人家新疆餐厅(龙湖U城一组团店)", "地址": "大学城北路92号附134号", "城市": "重庆市", "标签": "餐饮服务;中餐厅;清真菜馆", "区域名称": "沙坪坝区", "经度": 106.294491, "纬度": 29.608437, "电话": "15022888152;18983428985", "图片标题1": NaN, "图片地址1": "http://store.is.autonavi.com/showpic/35df60bf91932f9392cdb82f47e6e9fb", "图片标题2": NaN, "图片地址2": "http://store.is.autonavi.com/showpic/9e7ffced7b004d89f9221a18dd8b295e", "图片标题3": NaN, "图片地址3": "http://store.is.autonavi.com/showpic/512353ebef01463c7c951eca22db07e9"}
{"名称": "新疆乃比美味羊肉串(金科廊桥天都店)", "地址": "大学城南二路1080号34", "城市": "重庆市", "标签": "餐饮服务;中餐厅;清真菜馆", "区域名称": "沙坪坝区", "经度": 106.288549, "纬度": 29.581597, "电话": "15001538923;18016979991", "图片标题1": NaN, "图片地址1": "http://store.is.autonavi.com/showpic/6a8e15e99dcbcd1a9c82c1d4c940473b", "图片标题2": NaN, "图片地址2": "http://store.is.autonavi.com/showpic/fa20872aafe3ca3100e426d515b808a6", "图片标题3": NaN, "图片地址3": NaN}
{"名称": "兰州拉面", "地址": "陈家桥陈青路212号-1号", "城市": "重庆市", "标签": "餐饮服务;中餐厅;清真菜馆", "区域名称": "沙坪坝区", "经度": 106.33157, "纬度": 29.620899, "电话": NaN, "图片标题1": NaN, "图片地址1": "http://store.is.autonavi.com/showpic/4b4c9937449ed05bfe22ab8c40785daa", "图片标题2": NaN, "图片地址2": "http://store.is.autonavi.com/showpic/962cbfafa037f2b46e9a4f12fe518643", "图片标题3": NaN, "图片地址3": "http://store.is.autonavi.com/showpic/9726842aa5c439f3f1cbd12a93ec2ae6"}
{"名称": "兰州拉面(重大a区)", "地址": "沙正街168号(重庆大学地铁站3号口步行70米)", "城市": "重庆市", "标签": "餐饮服务;中餐厅;清真菜馆", "区域名称": "沙坪坝区", "经度": 106.463705, "纬度": 29.567155, "电话": "17623808660", "图片标题1": NaN, "图片地址1": "http://store.is.autonavi.com/showpic/ab85429bc320c2f25757180033b306bb", "图片标题2": NaN, "图片地址2": "http://store.is.autonavi.com/showpic/56568a21a3104425a5b6b236", "图片标题3": NaN, "图片地址3": "http://store.is.autonavi.com/showpic/1308d4287fc2a2a9eaa3bce016c65f15"}
{"名称": "清真沙湾大盘鸡兰州拉面", "地址": "高滩岩正街31-11号(高滩岩地铁站3A口步行430米)", "城市": "重庆市", "标签": "餐饮服务;中餐厅;清真菜馆", "区域名称": "沙坪坝区", "经度": 106.448076, "纬度": 29.534966, "电话": "17620467715", "图片标题1": NaN, "图片地址1": "http://store.is.autonavi.com/showpic/f5740c67ff93e7b4fecf3c906622db88", "图片标题2": NaN, "图片地址2": "http://store.is.autonavi.com/showpic/f552f7a388b916b4003c7cffe2e76a70", "图片标题3": NaN, "图片地址3": NaN}
{"名称": "兰州拉面(大学城南路店)", "地址": "沙坪坝大学城南路32号附21号", "城市": "重庆市", "标签": "餐饮服务;中餐厅;清真菜馆", "区域名称": "沙坪坝区", "经度": 106.308471, "纬度": 29.599465, "电话": "13594368756;18623195292", "图片标题1": NaN, "图片地址1": "http://store.is.autonavi.com/showpic/b464d7830ad60136c5f9e159f7c0293b", "图片标题2": NaN, "图片地址2": "http://store.is.autonavi.com/showpic/0dc7e93d919eea71d1cb7c2a6c19964c", "图片标题3": NaN, "图片地址3": "http://store.is.autonavi.com/showpic/2c5a446b8aa2861ee064d9a15d3f670a"}
{"名称": "兰州牛肉拉面(西永安置房)", "地址": "西永电子产业园一期安置房商业M17-1-4号", "城市": "重庆市", "标签": "餐饮服务;中餐厅;清真菜馆", "区域名称": "沙坪坝区", "经度": 106.373973, "纬度": 29.591886, "电话": "15023359086;18184001277", "图片标题1": NaN, "图片地址1": "http://store.is.autonavi.com/showpic/bfa2b2bb112a86978348eca16f45c943", "图片标题2": NaN, "图片地址2": "http://store.is.autonavi.com/showpic/0c7c78e64224e8a6bcc1c6940af5bfca", "图片标题3": NaN, "图片地址3": "http://store.is.autonavi.com/showpic/9eac530da92e8b2e37163d255acd8f8e"}
{"名称": "兰州拉面(电力局沙大院店)", "地址": "沙中路31号", "城市": "重庆市", "标签": "餐饮服务;中餐厅;清真菜馆", "区域名称": "沙坪坝区", "经度": 106.465191, "纬度": 29.561893, "电话": "17830862272", "图片标题1": NaN, "图片地址1": "http://store.is.autonavi.com/showpic/824f1a9cd114b365f846631f2e4cb431", "图片标题2": NaN, "图片地址2": "http://store.is.autonavi.com/showpic/d5ac4a8b140fc3b0b3706eb597c35f2a", "图片标题3": NaN, "图片地址3": "http://store.is.autonavi.com/showpic/e83f1261ac3f09aa0d1011b46091462b"}
{"名称": "准噶尔新疆风味餐厅(大学城店)", "地址": "大学城熙街二期17号1f-15准葛尔", "城市": "重庆市", "标签": "餐饮服务;中餐厅;清真菜馆", "区域名称": "沙坪坝区", "经度": 106.302941, "纬度": 29.603952, "电话": "18509095333", "图片标题1": NaN, "图片地址1": "http://store.is.autonavi.com/showpic/8168b211fafb638d11bb9866271387ca", "图片标题2": NaN, "图片地址2": "http://store.is.autonavi.com/showpic/5ecd09330b445bd870b8efa029017c87", "图片标题3": NaN, "图片地址3": "http://store.is.autonavi.com/showpic/88828ffd8e24493c2fe9202e1b5620b7"}
{"名称": "余蓓香油茶", "地址": "联芳桥3号附4号", "城市": "重庆市", "标签": "餐饮服务;中餐厅;中式素菜馆", "区域名称": "沙坪坝区", "经度": 106.476012, "纬度": 29.537507, "电话": NaN, "图片标题1": NaN, "图片地址1": "http://store.is.autonavi.com/showpic/2ec48011bd087bbb49357c09eca8d7f3", "图片标题2": NaN, "图片地址2": NaN, "图片标题3": NaN, "图片地址3": NaN}
{"名称": "洪湖藕王(西盛路店)", "地址": "永辉超市斜对面永年路39号附6号", "城市": "重庆市", "标签": "餐饮服务;中餐厅;清真菜馆", "区域名称": "沙坪坝区", "经度": 106.367518, "纬度": 29.613719, "电话": "15223210603;18983473918;18983478758", "图片标题1": NaN, "图片地址1": "http://store.is.autonavi.com/showpic/30cdcab36e821a1abca32dd3e755e631", "图片标题2": NaN, "图片地址2": "http://aos-cdn-image.amap.com/sns/ugccomment/53a523b4-79b6-49cc-9fd9-551ab178a392.jpg", "图片标题3": NaN, "图片地址3": NaN}
{"名称": "楼兰君子新疆烤肉王", "地址": "汉渝路与沙滨路辅路交叉口南320米", "城市": "重庆市", "标签": "餐饮服务;中餐厅;清真菜馆", "区域名称": "沙坪坝区", "经度": 106.478459, "纬度": 29.557832, "电话": NaN, "图片标题1": NaN, "图片地址1": "http://store.is.autonavi.com/showpic/d6dced1e07fcb470af7d23fcfeda9e63", "图片标题2": NaN, "图片地址2": NaN, "图片标题3": NaN, "图片地址3": NaN}
{"名称": "兰州拉面", "地址": "西荣路与永泰路交叉口东南40米", "城市": "重庆市", "标签": "餐饮服务;中餐厅;清真菜馆", "区域名称": "沙坪坝区", "经度": 106.362237, "纬度": 29.61201, "电话": "18697223024", "图片标题1": NaN, "图片地址1": "http://store.is.autonavi.com/showpic/8af9530eafaa35881b58f71988c83784", "图片标题2": NaN, "图片地址2": "https://aos-comment.amap.com/B0I06HTGV9/headerImg/387cdd3a234165023d04a58be439764e_2048_2048_80.jpg", "图片标题3": NaN, "图片地址3": "https://aos-comment.amap.com/B0I06HTGV9/headerImg/5bfd981ae617721d8cd76fd870ec9eaa_2048_2048_80.jpg"}
{"名称": "兰州牛肉拉面(客堂好吃街店)", "地址": "三峡广场南开步行街立海大厦一楼好吃街", "城市": "重庆市", "标签": "餐饮服务;中餐厅;清真菜馆", "区域名称": "沙坪坝区", "经度": 106.462143, "纬度": 29.559617, "电话": "17693001779", "图片标题1": NaN, "图片地址1": "http://store.is.autonavi.com/showpic/0798f28bdf5d95ded5637d8d2d42b59b", "图片标题2": NaN, "图片地址2": "http://store.is.autonavi.com/showpic/bdf2d70a533cc71b09ca1c8e443e8d93", "图片标题3": NaN, "图片地址3": "http://store.is.autonavi.com/showpic/d9194670b7d7c461fd18788238c9bcba"}
{"名称": "兰州拉面清真", "地址": "新桥医院对面西北楼兰州牛肉拉面", "城市": "重庆市", "标签": "餐饮服务;中餐厅;清真菜馆", "区域名称": "沙坪坝区", "经度": 106.437174, "纬度": 29.524185, "电话": "13272884561;19823376035", "图片标题1": NaN, "图片地址1": "http://store.is.autonavi.com/showpic/3ca7eb50873a79c1a79f59b19130a9d3", "图片标题2": NaN, "图片地址2": "http://store.is.autonavi.com/showpic/069dea8d2fbf06b5a8a3cb6e4a5ba806", "图片标题3": NaN, "图片地址3": "http://store.is.autonavi.com/showpic/abd6152d6461d668c2535a594376618a"}
{"名称": "重庆大学清真食堂", "地址": "沙正街174号重庆大学A区学生四食堂2层(近重庆大学A区南门)", "城市": "重庆市", "标签": "餐饮服务;中餐厅;清真菜馆", "区域名称": "沙坪坝区", "经度": 106.466802, "纬度": 29.563237, "电话": NaN, "图片标题1": NaN, "图片地址1": NaN, "图片标题2": NaN, "图片地址2": NaN, "图片标题3": NaN, "图片地址3": NaN}
{"名称": "新疆正宗烤羊肉串(沙坪坝店)", "地址": "沙滨路保利康桥10号附14号", "城市": "重庆市", "标签": "餐饮服务;中餐厅;清真菜馆", "区域名称": "沙坪坝区", "经度": 106.480628, "纬度": 29.553387, "电话": "18523349771", "图片标题1": NaN, "图片地址1": "http://store.is.autonavi.com/showpic/b23bf23678f62c838e42575a44f0d09c", "图片标题2": NaN, "图片地址2": "http://store.is.autonavi.com/showpic/0da0d4867f43d0772d5c6269f0d807e5", "图片标题3": NaN, "图片地址3": "http://store.is.autonavi.com/showpic/81c918fe98ded782bf566af08bec82a9"}
{"名称": "新疆美味烤羊肉串(金莎港湾店)", "地址": "金莎港湾新生村18号附17号", "城市": "重庆市", "标签": "餐饮服务;中餐厅;清真菜馆", "区域名称": "沙坪坝区", "经度": 106.479009, "纬度": 29.557654, "电话": "15215038460", "图片标题1": NaN, "图片地址1": "http://store.is.autonavi.com/showpic/d614500f1056d00ff2d01a2b3d51af9c", "图片标题2": NaN, "图片地址2": NaN, "图片标题3": NaN, "图片地址3": NaN}
{"名称": "嗝嗝来啦(龙湖U城一组团店)", "地址": "大学城北路龙湖u城天街L2楼92号附184号", "城市": "重庆市", "标签": "餐饮服务;中餐厅;中式素菜馆", "区域名称": "沙坪坝区", "经度": 106.293129, "纬度": 29.608761, "电话": "19122981610", "图片标题1": NaN, "图片地址1": "http://store.is.autonavi.com/showpic/2768114243184842add38edfc0c36d8f", "图片标题2": NaN, "图片地址2": NaN, "图片标题3": NaN, "图片地址3": NaN}
{"名称": "新疆美味羊肉串(大学城店)", "地址": "虎溪街道大学城东路21号附2号1-25", "城市": "重庆市", "标签": "餐饮服务;中餐厅;清真菜馆", "区域名称": "沙坪坝区", "经度": 106.317416, "纬度": 29.590976, "电话": "18194997380;18709039216", "图片标题1": NaN, "图片地址1": "http://store.is.autonavi.com/showpic/41124d8ac05bc010089c557306ecdb54", "图片标题2": NaN, "图片地址2": "http://store.is.autonavi.com/showpic/687ee40a3edc9d2a1d12f1b2d672487f", "图片标题3": NaN, "图片地址3": "http://store.is.autonavi.com/showpic/911610df2dbb01d724640c6ac98a28a2"}
{"名称": "新疆和田玉之乡羊肉烧烤店", "地址": "恒大优活城西盛路66号附48号", "城市": "重庆市", "标签": "餐饮服务;中餐厅;清真菜馆", "区域名称": "沙坪坝区", "经度": 106.357385, "纬度": 29.615659, "电话": "13369640082", "图片标题1": NaN, "图片地址1": "http://store.is.autonavi.com/showpic/b9f31848d8c67c7424638f23678f0a63", "图片标题2": NaN, "图片地址2": NaN, "图片标题3": NaN, "图片地址3": NaN}
{"名称": "疆味儿新疆餐吧(微电园店)", "地址": "龙湖拉特芳斯1街区2栋美联物业正对面", "城市": "重庆市", "标签": "餐饮服务;中餐厅;清真菜馆", "区域名称": "沙坪坝区", "经度": 106.364187, "纬度": 29.611629, "电话": "19923923254", "图片标题1": NaN, "图片地址1": "http://store.is.autonavi.com/showpic/494ba9d77b8a44be8a0cf04b633c855f", "图片标题2": NaN, "图片地址2": NaN, "图片标题3": NaN, "图片地址3": NaN}
{"名称": "新疆味道", "地址": "大学城东路富力城时光里西120米", "城市": "重庆市", "标签": "餐饮服务;中餐厅;清真菜馆", "区域名称": "沙坪坝区", "经度": 106.318181, "纬度": 29.600938, "电话": NaN, "图片标题1": NaN, "图片地址1": NaN, "图片标题2": NaN, "图片地址2": NaN, "图片标题3": NaN, "图片地址3": NaN}
{"名称": "新疆西艾力美味羊肉串(2号店)", "地址": "清溪路5号", "城市": "重庆市", "标签": "餐饮服务;中餐厅;清真菜馆", "区域名称": "沙坪坝区", "经度": 106.44485, "纬度": 29.553207, "电话": NaN, "图片标题1": NaN, "图片地址1": "http://store.is.autonavi.com/showpic/3f8bfb33fb1ed2b598f5d65dc1edef51", "图片标题2": NaN, "图片地址2": "http://store.is.autonavi.com/showpic/bf6fb8ce847b74b4cf3caeac70a112b3", "图片标题3": NaN, "图片地址3": NaN}
{"名称": "伊犁人家新疆餐厅(龙湖U城一组团店)", "地址": "大学城北路92号附134号", "城市": "重庆市", "标签": "餐饮服务;中餐厅;清真菜馆", "区域名称": "沙坪坝区", "经度": 106.294491, "纬度": 29.608437, "电话": "15022888152;18983428985", "图片标题1": NaN, "图片地址1": "http://store.is.autonavi.com/showpic/35df60bf91932f9392cdb82f47e6e9fb", "图片标题2": NaN, "图片地址2": "http://store.is.autonavi.com/showpic/9e7ffced7b004d89f9221a18dd8b295e", "图片标题3": NaN, "图片地址3": "http://store.is.autonavi.com/showpic/512353ebef01463c7c951eca22db07e9"}
{"名称": "新疆乃比美味羊肉串(金科廊桥天都店)", "地址": "大学城南二路1080号34", "城市": "重庆市", "标签": "餐饮服务;中餐厅;清真菜馆", "区域名称": "沙坪坝区", "经度": 106.288549, "纬度": 29.581597, "电话": "15001538923;18016979991", "图片标题1": NaN, "图片地址1": "http://store.is.autonavi.com/showpic/6a8e15e99dcbcd1a9c82c1d4c940473b", "图片标题2": NaN, "图片地址2": "http://store.is.autonavi.com/showpic/fa20872aafe3ca3100e426d515b808a6", "图片标题3": NaN, "图片地址3": NaN}
{"名称": "兰州拉面", "地址": "陈家桥陈青路212号-1号", "城市": "重庆市", "标签": "餐饮服务;中餐厅;清真菜馆", "区域名称": "沙坪坝区", "经度": 106.33157, "纬度": 29.620899, "电话": NaN, "图片标题1": NaN, "图片地址1": "http://store.is.autonavi.com/showpic/4b4c9937449ed05bfe22ab8c40785daa", "图片标题2": NaN, "图片地址2": "http://store.is.autonavi.com/showpic/962cbfafa037f2b46e9a4f12fe518643", "图片标题3": NaN, "图片地址3": "http://store.is.autonavi.com/showpic/9726842aa5c439f3f1cbd12a93ec2ae6"}
