{"名称": "重庆西站汽车站", "地址": "凤中路168号重庆西站B1层", "城市": "重庆市", "标签": "交通设施服务;长途汽车站;长途汽车站", "区域名称": "沙坪坝区", "经度": 106.438448, "纬度": 29.502566, "电话": "023-88270866;023-88270877", "图片标题1": NaN, "图片地址1": "http://store.is.autonavi.com/showpic/116bd272969b9c24f344d88e7f1c737e", "图片标题2": NaN, "图片地址2": "http://aos-cdn-image.amap.com/sns/ugccomment/e070d9ea-a212-46e4-864f-3d248e914656.jpg", "图片标题3": NaN, "图片地址3": "http://aos-cdn-image.amap.com/sns/ugccomment/13efe382-e170-4f3f-a47a-1cb07f78d1d2.jpg"}
{"名称": "沙坪坝汽车站", "地址": "沙中路", "城市": "重庆市", "标签": "交通设施服务;长途汽车站;长途汽车站", "区域名称": "沙坪坝区", "经度": 106.469473, "纬度": 29.560422, "电话": NaN, "图片标题1": NaN, "图片地址1": "http://store.is.autonavi.com/showpic/471381663ba1f5c809a4ef2539355bb1", "图片标题2": NaN, "图片地址2": "http://aos-cdn-image.amap.com/sns/ugccomment/bc9d957c-bd16-468d-9b93-9dc87b13b309.jpg", "图片标题3": NaN, "图片地址3": NaN}
{"名称": "西永汽车站", "地址": "赖家桥地铁站1号口东南100米", "城市": "重庆市", "标签": "交通设施服务;长途汽车站;长途汽车站", "区域名称": "沙坪坝区", "经度": 106.382383, "纬度": 29.61048, "电话": NaN, "图片标题1": NaN, "图片地址1": NaN, "图片标题2": NaN, "图片地址2": NaN, "图片标题3": NaN, "图片地址3": NaN}
