{"名称": "杨公桥", "地址": "沙坪坝区", "城市": "重庆市", "标签": "地名地址信息;交通地名;立交桥", "区域名称": "沙坪坝区", "经度": 106.448004, "纬度": 29.563411, "电话": NaN}
{"名称": "西环立交", "地址": "沙坪坝区", "城市": "重庆市", "标签": "地名地址信息;交通地名;立交桥", "区域名称": "沙坪坝区", "经度": 106.440126, "纬度": 29.513956, "电话": NaN}
{"名称": "高滩岩立交", "地址": "沙坪坝区", "城市": "重庆市", "标签": "地名地址信息;交通地名;立交桥", "区域名称": "沙坪坝区", "经度": 106.443652, "纬度": 29.53819, "电话": NaN}
{"名称": "石小路立交", "地址": "沙坪坝区", "城市": "重庆市", "标签": "地名地址信息;交通地名;立交桥", "区域名称": "沙坪坝区", "经度": 106.46924, "纬度": 29.536377, "电话": NaN}
{"名称": "马家岩立交", "地址": "沙坪坝区", "城市": "重庆市", "标签": "地名地址信息;交通地名;立交桥", "区域名称": "沙坪坝区", "经度": 106.464851, "纬度": 29.540887, "电话": NaN}
{"名称": "赖家桥立交", "地址": "沙坪坝区", "城市": "重庆市", "标签": "地名地址信息;交通地名;立交桥", "区域名称": "沙坪坝区", "经度": 106.389747, "纬度": 29.608162, "电话": NaN}
{"名称": "三圣宫立交", "地址": "沙坪坝区", "城市": "重庆市", "标签": "地名地址信息;交通地名;立交桥", "区域名称": "沙坪坝区", "经度": 106.37159, "纬度": 29.609806, "电话": NaN}
{"名称": "物流园立交", "地址": "沙坪坝区", "城市": "重庆市", "标签": "地名地址信息;交通地名;立交桥", "区域名称": "沙坪坝区", "经度": 106.368096, "纬度": 29.641414, "电话": NaN}
{"名称": "汉渝路立交", "地址": "沙坪坝区", "城市": "重庆市", "标签": "地名地址信息;交通地名;立交桥", "区域名称": "沙坪坝区", "经度": 106.470213, "纬度": 29.559544, "电话": NaN}
{"名称": "小龙坎立交桥", "地址": "沙坪坝区", "城市": "重庆市", "标签": "地名地址信息;交通地名;立交桥", "区域名称": "沙坪坝区", "经度": 106.46908, "纬度": 29.552882, "电话": NaN}
{"名称": "青木关互通", "地址": "沙坪坝区", "城市": "重庆市", "标签": "地名地址信息;交通地名;立交桥", "区域名称": "沙坪坝区", "经度": 106.316374, "纬度": 29.656, "电话": NaN}
{"名称": "渝西互通", "地址": "沙坪坝区", "城市": "重庆市", "标签": "地名地址信息;交通地名;立交桥", "区域名称": "沙坪坝区", "经度": 106.305144, "纬度": 29.637744, "电话": NaN}
{"名称": "杨公桥立交", "地址": "沙坪坝区", "城市": "重庆市", "标签": "地名地址信息;交通地名;立交桥", "区域名称": "沙坪坝区", "经度": 106.452843, "纬度": 29.562782, "电话": NaN}
{"名称": "新桥立交", "地址": "沙坪坝区", "城市": "重庆市", "标签": "地名地址信息;交通地名;立交桥", "区域名称": "沙坪坝区", "经度": 106.445848, "纬度": 29.523999, "电话": NaN}
{"名称": "双碑立交桥", "地址": "沙坪坝区", "城市": "重庆市", "标签": "地名地址信息;交通地名;立交桥", "区域名称": "沙坪坝区", "经度": 106.442859, "纬度": 29.602268, "电话": NaN}
{"名称": "西永互通", "地址": "沙坪坝区", "城市": "重庆市", "标签": "地名地址信息;交通地名;立交桥", "区域名称": "沙坪坝区", "经度": 106.390499, "纬度": 29.592032, "电话": NaN}
{"名称": "土主互通", "地址": "沙坪坝区", "城市": "重庆市", "标签": "地名地址信息;交通地名;立交桥", "区域名称": "沙坪坝区", "经度": 106.37029, "纬度": 29.638049, "电话": NaN}
{"名称": "绕城渝遂互通", "地址": "沙坪坝区", "城市": "重庆市", "标签": "地名地址信息;交通地名;立交桥", "区域名称": "沙坪坝区", "经度": 106.321755, "纬度": 29.674278, "电话": NaN}
{"名称": "双碑西立交", "地址": "沙坪坝区", "城市": "重庆市", "标签": "地名地址信息;交通地名;立交桥", "区域名称": "沙坪坝区", "经度": 106.440862, "纬度": 29.604436, "电话": NaN}
{"名称": "曾家互通", "地址": "沙坪坝区", "城市": "重庆市", "标签": "地名地址信息;交通地名;立交桥", "区域名称": "沙坪坝区", "经度": 106.284182, "纬度": 29.558729, "电话": NaN}
{"名称": "凤天路立交", "地址": "沙坪坝区", "城市": "重庆市", "标签": "地名地址信息;交通地名;立交桥", "区域名称": "沙坪坝区", "经度": 106.457523, "纬度": 29.539494, "电话": NaN}
{"名称": "高家花园立交", "地址": "沙坪坝区", "城市": "重庆市", "标签": "地名地址信息;交通地名;立交桥", "区域名称": "沙坪坝区", "经度": 106.459771, "纬度": 29.577842, "电话": NaN}
{"名称": "建院后门中桥", "地址": "沙坪坝区", "城市": "重庆市", "标签": "地名地址信息;交通地名;桥|地名地址信息;交通地名;立交桥", "区域名称": "沙坪坝区", "经度": 106.456545, "纬度": 29.568667, "电话": NaN}
{"名称": "沙磁大桥", "地址": "沙坪坝区", "城市": "重庆市", "标签": "地名地址信息;交通地名;立交桥", "区域名称": "沙坪坝区", "经度": 106.453972, "纬度": 29.579126, "电话": NaN}
{"名称": "杨公桥", "地址": "沙坪坝区", "城市": "重庆市", "标签": "地名地址信息;交通地名;立交桥", "区域名称": "沙坪坝区", "经度": 106.448004, "纬度": 29.563411, "电话": NaN}
{"名称": "西环立交", "地址": "沙坪坝区", "城市": "重庆市", "标签": "地名地址信息;交通地名;立交桥", "区域名称": "沙坪坝区", "经度": 106.440126, "纬度": 29.513956, "电话": NaN}
{"名称": "高滩岩立交", "地址": "沙坪坝区", "城市": "重庆市", "标签": "地名地址信息;交通地名;立交桥", "区域名称": "沙坪坝区", "经度": 106.443652, "纬度": 29.53819, "电话": NaN}
{"名称": "石小路立交", "地址": "沙坪坝区", "城市": "重庆市", "标签": "地名地址信息;交通地名;立交桥", "区域名称": "沙坪坝区", "经度": 106.46924, "纬度": 29.536377, "电话": NaN}
{"名称": "马家岩立交", "地址": "沙坪坝区", "城市": "重庆市", "标签": "地名地址信息;交通地名;立交桥", "区域名称": "沙坪坝区", "经度": 106.464851, "纬度": 29.540887, "电话": NaN}
{"名称": "赖家桥立交", "地址": "沙坪坝区", "城市": "重庆市", "标签": "地名地址信息;交通地名;立交桥", "区域名称": "沙坪坝区", "经度": 106.389747, "纬度": 29.608162, "电话": NaN}
{"名称": "三圣宫立交", "地址": "沙坪坝区", "城市": "重庆市", "标签": "地名地址信息;交通地名;立交桥", "区域名称": "沙坪坝区", "经度": 106.37159, "纬度": 29.609806, "电话": NaN}
{"名称": "物流园立交", "地址": "沙坪坝区", "城市": "重庆市", "标签": "地名地址信息;交通地名;立交桥", "区域名称": "沙坪坝区", "经度": 106.368096, "纬度": 29.641414, "电话": NaN}
{"名称": "汉渝路立交", "地址": "沙坪坝区", "城市": "重庆市", "标签": "地名地址信息;交通地名;立交桥", "区域名称": "沙坪坝区", "经度": 106.470213, "纬度": 29.559544, "电话": NaN}
{"名称": "小龙坎立交桥", "地址": "沙坪坝区", "城市": "重庆市", "标签": "地名地址信息;交通地名;立交桥", "区域名称": "沙坪坝区", "经度": 106.46908, "纬度": 29.552882, "电话": NaN}
{"名称": "青木关互通", "地址": "沙坪坝区", "城市": "重庆市", "标签": "地名地址信息;交通地名;立交桥", "区域名称": "沙坪坝区", "经度": 106.316374, "纬度": 29.656, "电话": NaN}
{"名称": "渝西互通", "地址": "沙坪坝区", "城市": "重庆市", "标签": "地名地址信息;交通地名;立交桥", "区域名称": "沙坪坝区", "经度": 106.305144, "纬度": 29.637744, "电话": NaN}
{"名称": "杨公桥立交", "地址": "沙坪坝区", "城市": "重庆市", "标签": "地名地址信息;交通地名;立交桥", "区域名称": "沙坪坝区", "经度": 106.452843, "纬度": 29.562782, "电话": NaN}
{"名称": "新桥立交", "地址": "沙坪坝区", "城市": "重庆市", "标签": "地名地址信息;交通地名;立交桥", "区域名称": "沙坪坝区", "经度": 106.445848, "纬度": 29.523999, "电话": NaN}
{"名称": "双碑立交桥", "地址": "沙坪坝区", "城市": "重庆市", "标签": "地名地址信息;交通地名;立交桥", "区域名称": "沙坪坝区", "经度": 106.442859, "纬度": 29.602268, "电话": NaN}
{"名称": "西永互通", "地址": "沙坪坝区", "城市": "重庆市", "标签": "地名地址信息;交通地名;立交桥", "区域名称": "沙坪坝区", "经度": 106.390499, "纬度": 29.592032, "电话": NaN}
{"名称": "土主互通", "地址": "沙坪坝区", "城市": "重庆市", "标签": "地名地址信息;交通地名;立交桥", "区域名称": "沙坪坝区", "经度": 106.37029, "纬度": 29.638049, "电话": NaN}
{"名称": "绕城渝遂互通", "地址": "沙坪坝区", "城市": "重庆市", "标签": "地名地址信息;交通地名;立交桥", "区域名称": "沙坪坝区", "经度": 106.321755, "纬度": 29.674278, "电话": NaN}
{"名称": "双碑西立交", "地址": "沙坪坝区", "城市": "重庆市", "标签": "地名地址信息;交通地名;立交桥", "区域名称": "沙坪坝区", "经度": 106.440862, "纬度": 29.604436, "电话": NaN}
{"名称": "曾家互通", "地址": "沙坪坝区", "城市": "重庆市", "标签": "地名地址信息;交通地名;立交桥", "区域名称": "沙坪坝区", "经度": 106.284182, "纬度": 29.558729, "电话": NaN}
{"名称": "凤天路立交", "地址": "沙坪坝区", "城市": "重庆市", "标签": "地名地址信息;交通地名;立交桥", "区域名称": "沙坪坝区", "经度": 106.457523, "纬度": 29.539494, "电话": NaN}
{"名称": "高家花园立交", "地址": "沙坪坝区", "城市": "重庆市", "标签": "地名地址信息;交通地名;立交桥", "区域名称": "沙坪坝区", "经度": 106.459771, "纬度": 29.577842, "电话": NaN}
{"名称": "建院后门中桥", "地址": "沙坪坝区", "城市": "重庆市", "标签": "地名地址信息;交通地名;桥|地名地址信息;交通地名;立交桥", "区域名称": "沙坪坝区", "经度": 106.456545, "纬度": 29.568667, "电话": NaN}
{"名称": "沙磁大桥", "地址": "沙坪坝区", "城市": "重庆市", "标签": "地名地址信息;交通地名;立交桥", "区域名称": "沙坪坝区", "经度": 106.453972, "纬度": 29.579126, "电话": NaN}
