{"名称": "滨江民居停车场", "地址": "磁南街3号", "城市": "重庆市", "标签": "交通设施服务;停车场;公共停车场|交通设施服务;停车场;路边停车场", "区域名称": "沙坪坝区", "经度": 106.453082, "纬度": 29.578711, "电话": NaN, "图片标题1": NaN, "图片地址1": NaN, "图片标题2": NaN, "图片地址2": NaN, "图片标题3": NaN, "图片地址3": NaN}
{"名称": "重庆西站出租车网约车地下停车场", "地址": "重庆西站(重庆西站地铁站2号口步行380米)", "城市": "重庆市", "标签": "交通设施服务;停车场;专用停车场", "区域名称": "沙坪坝区", "经度": 106.438163, "纬度": 29.50249, "电话": NaN, "图片标题1": NaN, "图片地址1": "http://store.is.autonavi.com/showpic/7e069bf624e86f5a92210aaa69163b17", "图片标题2": NaN, "图片地址2": NaN, "图片标题3": NaN, "图片地址3": NaN}
{"名称": "西物商住楼停车场", "地址": "鸣金街与凤尾路交叉口东北60米", "城市": "重庆市", "标签": "交通设施服务;停车场;公共停车场", "区域名称": "沙坪坝区", "经度": 106.445536, "纬度": 29.52096, "电话": NaN, "图片标题1": NaN, "图片地址1": NaN, "图片标题2": NaN, "图片地址2": NaN, "图片标题3": NaN, "图片地址3": NaN}
{"名称": "沙区人民法院停车场", "地址": "沙坪坝区人民法院北门旁(天星桥地铁站2号口步行400米)", "城市": "重庆市", "标签": "交通设施服务;停车场;路边停车场|交通设施服务;停车场;专用停车场", "区域名称": "沙坪坝区", "经度": 106.454957, "纬度": 29.540485, "电话": NaN, "图片标题1": NaN, "图片地址1": "http://store.is.autonavi.com/showpic/e0995e7bcb4562a1f3e3c62842445143", "图片标题2": NaN, "图片地址2": "http://store.is.autonavi.com/showpic/5682500ca310b8c53dfbf757", "图片标题3": NaN, "图片地址3": "http://store.is.autonavi.com/showpic/557a7d2da3109f1e8a1885e5"}
{"名称": "千秋花园停车场", "地址": "沙北街沙北村1号千秋花园(沙坪坝北街)", "城市": "重庆市", "标签": "交通设施服务;停车场;公共停车场", "区域名称": "沙坪坝区", "经度": 106.462562, "纬度": 29.569692, "电话": NaN, "图片标题1": NaN, "图片地址1": "http://store.is.autonavi.com/showpic/ae6ad8f23fac945ac199f536a52ed682", "图片标题2": NaN, "图片地址2": NaN, "图片标题3": NaN, "图片地址3": NaN}
{"名称": "停车场(天梨路)", "地址": "天星桥立交与天梨路交叉口西40米", "城市": "重庆市", "标签": "交通设施服务;停车场;公共停车场", "区域名称": "沙坪坝区", "经度": 106.454254, "纬度": 29.546863, "电话": NaN, "图片标题1": NaN, "图片地址1": "http://store.is.autonavi.com/showpic/289bde030fc5dcd64316a9d7335d671a", "图片标题2": "入口全貌_2", "图片地址2": "http://store.is.autonavi.com/showpic/c6c497122cadd1087971a50b2d8596ec", "图片标题3": "收费公示牌_1", "图片地址3": "http://store.is.autonavi.com/showpic/63d2ddae0c4b0dd1319a241e6ff1658d"}
{"名称": "高滩岩停车场", "地址": "凤天大道与健康路交叉口南420米", "城市": "重庆市", "标签": "交通设施服务;停车场;公共停车场", "区域名称": "沙坪坝区", "经度": 106.457497, "纬度": 29.532455, "电话": NaN, "图片标题1": NaN, "图片地址1": "http://store.is.autonavi.com/showpic/b1b829ca87dfb80814be178f08c0df4f", "图片标题2": NaN, "图片地址2": NaN, "图片标题3": NaN, "图片地址3": NaN}
{"名称": "停车场(扬名居东北)", "地址": "都市花园中路与都市花园北路交叉口南60米", "城市": "重庆市", "标签": "交通设施服务;停车场;公共停车场", "区域名称": "沙坪坝区", "经度": 106.453361, "纬度": 29.54018, "电话": NaN, "图片标题1": NaN, "图片地址1": "http://store.is.autonavi.com/showpic/55e5b501a310f1fe8ea48e24", "图片标题2": NaN, "图片地址2": "http://store.is.autonavi.com/showpic/55e5b501a310f1fe8ea48e19", "图片标题3": NaN, "图片地址3": "http://store.is.autonavi.com/showpic/55e5b501a310f1fe8ea48e1b"}
{"名称": "停车场(都市花园西北)", "地址": "都市花园西路10-4号附近", "城市": "重庆市", "标签": "交通设施服务;停车场;公共停车场", "区域名称": "沙坪坝区", "经度": 106.449536, "纬度": 29.540023, "电话": NaN, "图片标题1": NaN, "图片地址1": "http://store.is.autonavi.com/showpic/55e5b4d7a310f1fe8ea48a7d", "图片标题2": NaN, "图片地址2": NaN, "图片标题3": NaN, "图片地址3": NaN}
{"名称": "欣光花园停车场", "地址": "凤天大道120附30号附近", "城市": "重庆市", "标签": "交通设施服务;停车场;公共停车场|交通设施服务;停车场;路边停车场", "区域名称": "沙坪坝区", "经度": 106.452293, "纬度": 29.531614, "电话": NaN, "图片标题1": NaN, "图片地址1": "http://store.is.autonavi.com/showpic/56b1b1d7a310218d5b4b8057", "图片标题2": NaN, "图片地址2": "http://store.is.autonavi.com/showpic/56b1b1d8a310218d5b4b8087", "图片标题3": NaN, "图片地址3": "http://store.is.autonavi.com/showpic/56b1b1d8a310218d5b4b808d"}
{"名称": "停车场(凤林戎居南)", "地址": "凤天大道123号附4号", "城市": "重庆市", "标签": "交通设施服务;停车场;公共停车场", "区域名称": "沙坪坝区", "经度": 106.454314, "纬度": 29.525999, "电话": NaN, "图片标题1": NaN, "图片地址1": NaN, "图片标题2": NaN, "图片地址2": NaN, "图片标题3": NaN, "图片地址3": NaN}
{"名称": "红岩魂下广场西停车场", "地址": "壮志路与锦绣东路交叉口北40米", "城市": "重庆市", "标签": "交通设施服务;停车场;公共停车场", "区域名称": "沙坪坝区", "经度": 106.440958, "纬度": 29.572194, "电话": NaN, "图片标题1": NaN, "图片地址1": "http://store.is.autonavi.com/showpic/45689a7f423dc7b4fe42f6557f29b902", "图片标题2": NaN, "图片地址2": NaN, "图片标题3": NaN, "图片地址3": NaN}
{"名称": "地上停车场", "地址": "童歌路歌乐山烈士陵园", "城市": "重庆市", "标签": "交通设施服务;停车场;公共停车场", "区域名称": "沙坪坝区", "经度": 106.439429, "纬度": 29.580388, "电话": NaN, "图片标题1": NaN, "图片地址1": NaN, "图片标题2": NaN, "图片地址2": NaN, "图片标题3": NaN, "图片地址3": NaN}
{"名称": "鼎盛山水停车场", "地址": "双碑奋进路鼎盛山水(双碑地铁站2号口步行210米)", "城市": "重庆市", "标签": "交通设施服务;停车场;公共停车场", "区域名称": "沙坪坝区", "经度": 106.44617, "纬度": 29.606294, "电话": NaN, "图片标题1": NaN, "图片地址1": NaN, "图片标题2": NaN, "图片地址2": NaN, "图片标题3": NaN, "图片地址3": NaN}
{"名称": "渣滓洞监狱旧址停车场", "地址": "凌云路(歌乐山烈士陵园)", "城市": "重庆市", "标签": "交通设施服务;停车场;公共停车场", "区域名称": "沙坪坝区", "经度": 106.435043, "纬度": 29.584096, "电话": NaN, "图片标题1": NaN, "图片地址1": "http://store.is.autonavi.com/showpic/3142956882ebeef85da29933033d037d", "图片标题2": NaN, "图片地址2": NaN, "图片标题3": NaN, "图片地址3": NaN}
{"名称": "停车场(香蕉园村)", "地址": "西科二路与西科大道交叉口东南120米", "城市": "重庆市", "标签": "交通设施服务;停车场;公共停车场", "区域名称": "沙坪坝区", "经度": 106.387378, "纬度": 29.600024, "电话": NaN, "图片标题1": NaN, "图片地址1": NaN, "图片标题2": NaN, "图片地址2": NaN, "图片标题3": NaN, "图片地址3": NaN}
{"名称": "停车场(月台路)", "地址": "重铁巨龙钢材市场南侧270米", "城市": "重庆市", "标签": "交通设施服务;停车场;公共停车场", "区域名称": "沙坪坝区", "经度": 106.38519, "纬度": 29.627941, "电话": NaN, "图片标题1": NaN, "图片地址1": NaN, "图片标题2": NaN, "图片地址2": NaN, "图片标题3": NaN, "图片地址3": NaN}
{"名称": "西永公司停车场", "地址": "团歇路重庆西永微电子产业园区", "城市": "重庆市", "标签": "交通设施服务;停车场;公共停车场", "区域名称": "沙坪坝区", "经度": 106.373133, "纬度": 29.603619, "电话": NaN, "图片标题1": NaN, "图片地址1": NaN, "图片标题2": NaN, "图片地址2": NaN, "图片标题3": NaN, "图片地址3": NaN}
{"名称": "停车场", "地址": "佰年供销西部智慧冷链基地西北侧140米", "城市": "重庆市", "标签": "交通设施服务;停车场;公共停车场", "区域名称": "沙坪坝区", "经度": 106.3822, "纬度": 29.6288, "电话": NaN, "图片标题1": NaN, "图片地址1": NaN, "图片标题2": NaN, "图片地址2": NaN, "图片标题3": NaN, "图片地址3": NaN}
{"名称": "停车场", "地址": "鼎新大道与青龙坪立交交叉口东南420米", "城市": "重庆市", "标签": "交通设施服务;停车场;公共停车场", "区域名称": "沙坪坝区", "经度": 106.394395, "纬度": 29.663498, "电话": NaN, "图片标题1": NaN, "图片地址1": NaN, "图片标题2": NaN, "图片地址2": NaN, "图片标题3": NaN, "图片地址3": NaN}
{"名称": "海石公园停车场", "地址": "海石公园(295县道西)", "城市": "重庆市", "标签": "交通设施服务;停车场;公共停车场", "区域名称": "沙坪坝区", "经度": 106.415451, "纬度": 29.690798, "电话": NaN, "图片标题1": NaN, "图片地址1": "http://store.is.autonavi.com/showpic/6fb4c1ea740ba15a1403fcd5b099f322", "图片标题2": NaN, "图片地址2": NaN, "图片标题3": NaN, "图片地址3": NaN}
{"名称": "停车场", "地址": "大学城东路(新普科技西侧约140米)", "城市": "重庆市", "标签": "交通设施服务;停车场;公共停车场", "区域名称": "沙坪坝区", "经度": 106.316546, "纬度": 29.566155, "电话": NaN, "图片标题1": NaN, "图片地址1": NaN, "图片标题2": NaN, "图片地址2": NaN, "图片标题3": NaN, "图片地址3": NaN}
{"名称": "停车场(高石坎)", "地址": "西永综合保税区B区查验场东侧270米", "城市": "重庆市", "标签": "交通设施服务;停车场;公共停车场", "区域名称": "沙坪坝区", "经度": 106.317437, "纬度": 29.556013, "电话": NaN, "图片标题1": NaN, "图片地址1": NaN, "图片标题2": NaN, "图片地址2": NaN, "图片标题3": NaN, "图片地址3": NaN}
{"名称": "停车场(龙飞路)", "地址": "龙飞路与龙海路交叉口东南40米", "城市": "重庆市", "标签": "交通设施服务;停车场;公共停车场", "区域名称": "沙坪坝区", "经度": 106.382466, "纬度": 29.705226, "电话": NaN, "图片标题1": NaN, "图片地址1": NaN, "图片标题2": NaN, "图片地址2": NaN, "图片标题3": NaN, "图片地址3": NaN}
{"名称": "停车场", "地址": "西永综合保税区B区查验场东北侧100米", "城市": "重庆市", "标签": "交通设施服务;停车场;公共停车场", "区域名称": "沙坪坝区", "经度": 106.315378, "纬度": 29.557162, "电话": NaN, "图片标题1": NaN, "图片地址1": NaN, "图片标题2": NaN, "图片地址2": NaN, "图片标题3": NaN, "图片地址3": NaN}
{"名称": "滨江民居停车场", "地址": "磁南街3号", "城市": "重庆市", "标签": "交通设施服务;停车场;公共停车场|交通设施服务;停车场;路边停车场", "区域名称": "沙坪坝区", "经度": 106.453082, "纬度": 29.578711, "电话": NaN, "图片标题1": NaN, "图片地址1": NaN, "图片标题2": NaN, "图片地址2": NaN, "图片标题3": NaN, "图片地址3": NaN}
{"名称": "重庆西站出租车网约车地下停车场", "地址": "重庆西站(重庆西站地铁站2号口步行380米)", "城市": "重庆市", "标签": "交通设施服务;停车场;专用停车场", "区域名称": "沙坪坝区", "经度": 106.438163, "纬度": 29.50249, "电话": NaN, "图片标题1": NaN, "图片地址1": "http://store.is.autonavi.com/showpic/7e069bf624e86f5a92210aaa69163b17", "图片标题2": NaN, "图片地址2": NaN, "图片标题3": NaN, "图片地址3": NaN}
{"名称": "西物商住楼停车场", "地址": "鸣金街与凤尾路交叉口东北60米", "城市": "重庆市", "标签": "交通设施服务;停车场;公共停车场", "区域名称": "沙坪坝区", "经度": 106.445536, "纬度": 29.52096, "电话": NaN, "图片标题1": NaN, "图片地址1": NaN, "图片标题2": NaN, "图片地址2": NaN, "图片标题3": NaN, "图片地址3": NaN}
{"名称": "沙区人民法院停车场", "地址": "沙坪坝区人民法院北门旁(天星桥地铁站2号口步行400米)", "城市": "重庆市", "标签": "交通设施服务;停车场;路边停车场|交通设施服务;停车场;专用停车场", "区域名称": "沙坪坝区", "经度": 106.454957, "纬度": 29.540485, "电话": NaN, "图片标题1": NaN, "图片地址1": "http://store.is.autonavi.com/showpic/e0995e7bcb4562a1f3e3c62842445143", "图片标题2": NaN, "图片地址2": "http://store.is.autonavi.com/showpic/5682500ca310b8c53dfbf757", "图片标题3": NaN, "图片地址3": "http://store.is.autonavi.com/showpic/557a7d2da3109f1e8a1885e5"}
{"名称": "千秋花园停车场", "地址": "沙北街沙北村1号千秋花园(沙坪坝北街)", "城市": "重庆市", "标签": "交通设施服务;停车场;公共停车场", "区域名称": "沙坪坝区", "经度": 106.462562, "纬度": 29.569692, "电话": NaN, "图片标题1": NaN, "图片地址1": "http://store.is.autonavi.com/showpic/ae6ad8f23fac945ac199f536a52ed682", "图片标题2": NaN, "图片地址2": NaN, "图片标题3": NaN, "图片地址3": NaN}
{"名称": "停车场(天梨路)", "地址": "天星桥立交与天梨路交叉口西40米", "城市": "重庆市", "标签": "交通设施服务;停车场;公共停车场", "区域名称": "沙坪坝区", "经度": 106.454254, "纬度": 29.546863, "电话": NaN, "图片标题1": NaN, "图片地址1": "http://store.is.autonavi.com/showpic/289bde030fc5dcd64316a9d7335d671a", "图片标题2": "入口全貌_2", "图片地址2": "http://store.is.autonavi.com/showpic/c6c497122cadd1087971a50b2d8596ec", "图片标题3": "收费公示牌_1", "图片地址3": "http://store.is.autonavi.com/showpic/63d2ddae0c4b0dd1319a241e6ff1658d"}
{"名称": "高滩岩停车场", "地址": "凤天大道与健康路交叉口南420米", "城市": "重庆市", "标签": "交通设施服务;停车场;公共停车场", "区域名称": "沙坪坝区", "经度": 106.457497, "纬度": 29.532455, "电话": NaN, "图片标题1": NaN, "图片地址1": "http://store.is.autonavi.com/showpic/b1b829ca87dfb80814be178f08c0df4f", "图片标题2": NaN, "图片地址2": NaN, "图片标题3": NaN, "图片地址3": NaN}
{"名称": "停车场(扬名居东北)", "地址": "都市花园中路与都市花园北路交叉口南60米", "城市": "重庆市", "标签": "交通设施服务;停车场;公共停车场", "区域名称": "沙坪坝区", "经度": 106.453361, "纬度": 29.54018, "电话": NaN, "图片标题1": NaN, "图片地址1": "http://store.is.autonavi.com/showpic/55e5b501a310f1fe8ea48e24", "图片标题2": NaN, "图片地址2": "http://store.is.autonavi.com/showpic/55e5b501a310f1fe8ea48e19", "图片标题3": NaN, "图片地址3": "http://store.is.autonavi.com/showpic/55e5b501a310f1fe8ea48e1b"}
{"名称": "停车场(都市花园西北)", "地址": "都市花园西路10-4号附近", "城市": "重庆市", "标签": "交通设施服务;停车场;公共停车场", "区域名称": "沙坪坝区", "经度": 106.449536, "纬度": 29.540023, "电话": NaN, "图片标题1": NaN, "图片地址1": "http://store.is.autonavi.com/showpic/55e5b4d7a310f1fe8ea48a7d", "图片标题2": NaN, "图片地址2": NaN, "图片标题3": NaN, "图片地址3": NaN}
{"名称": "欣光花园停车场", "地址": "凤天大道120附30号附近", "城市": "重庆市", "标签": "交通设施服务;停车场;公共停车场|交通设施服务;停车场;路边停车场", "区域名称": "沙坪坝区", "经度": 106.452293, "纬度": 29.531614, "电话": NaN, "图片标题1": NaN, "图片地址1": "http://store.is.autonavi.com/showpic/56b1b1d7a310218d5b4b8057", "图片标题2": NaN, "图片地址2": "http://store.is.autonavi.com/showpic/56b1b1d8a310218d5b4b8087", "图片标题3": NaN, "图片地址3": "http://store.is.autonavi.com/showpic/56b1b1d8a310218d5b4b808d"}
{"名称": "停车场(凤林戎居南)", "地址": "凤天大道123号附4号", "城市": "重庆市", "标签": "交通设施服务;停车场;公共停车场", "区域名称": "沙坪坝区", "经度": 106.454314, "纬度": 29.525999, "电话": NaN, "图片标题1": NaN, "图片地址1": NaN, "图片标题2": NaN, "图片地址2": NaN, "图片标题3": NaN, "图片地址3": NaN}
{"名称": "红岩魂下广场西停车场", "地址": "壮志路与锦绣东路交叉口北40米", "城市": "重庆市", "标签": "交通设施服务;停车场;公共停车场", "区域名称": "沙坪坝区", "经度": 106.440958, "纬度": 29.572194, "电话": NaN, "图片标题1": NaN, "图片地址1": "http://store.is.autonavi.com/showpic/45689a7f423dc7b4fe42f6557f29b902", "图片标题2": NaN, "图片地址2": NaN, "图片标题3": NaN, "图片地址3": NaN}
{"名称": "地上停车场", "地址": "童歌路歌乐山烈士陵园", "城市": "重庆市", "标签": "交通设施服务;停车场;公共停车场", "区域名称": "沙坪坝区", "经度": 106.439429, "纬度": 29.580388, "电话": NaN, "图片标题1": NaN, "图片地址1": NaN, "图片标题2": NaN, "图片地址2": NaN, "图片标题3": NaN, "图片地址3": NaN}
{"名称": "鼎盛山水停车场", "地址": "双碑奋进路鼎盛山水(双碑地铁站2号口步行210米)", "城市": "重庆市", "标签": "交通设施服务;停车场;公共停车场", "区域名称": "沙坪坝区", "经度": 106.44617, "纬度": 29.606294, "电话": NaN, "图片标题1": NaN, "图片地址1": NaN, "图片标题2": NaN, "图片地址2": NaN, "图片标题3": NaN, "图片地址3": NaN}
{"名称": "渣滓洞监狱旧址停车场", "地址": "凌云路(歌乐山烈士陵园)", "城市": "重庆市", "标签": "交通设施服务;停车场;公共停车场", "区域名称": "沙坪坝区", "经度": 106.435043, "纬度": 29.584096, "电话": NaN, "图片标题1": NaN, "图片地址1": "http://store.is.autonavi.com/showpic/3142956882ebeef85da29933033d037d", "图片标题2": NaN, "图片地址2": NaN, "图片标题3": NaN, "图片地址3": NaN}
{"名称": "停车场(香蕉园村)", "地址": "西科二路与西科大道交叉口东南120米", "城市": "重庆市", "标签": "交通设施服务;停车场;公共停车场", "区域名称": "沙坪坝区", "经度": 106.387378, "纬度": 29.600024, "电话": NaN, "图片标题1": NaN, "图片地址1": NaN, "图片标题2": NaN, "图片地址2": NaN, "图片标题3": NaN, "图片地址3": NaN}
{"名称": "停车场(月台路)", "地址": "重铁巨龙钢材市场南侧270米", "城市": "重庆市", "标签": "交通设施服务;停车场;公共停车场", "区域名称": "沙坪坝区", "经度": 106.38519, "纬度": 29.627941, "电话": NaN, "图片标题1": NaN, "图片地址1": NaN, "图片标题2": NaN, "图片地址2": NaN, "图片标题3": NaN, "图片地址3": NaN}
{"名称": "西永公司停车场", "地址": "团歇路重庆西永微电子产业园区", "城市": "重庆市", "标签": "交通设施服务;停车场;公共停车场", "区域名称": "沙坪坝区", "经度": 106.373133, "纬度": 29.603619, "电话": NaN, "图片标题1": NaN, "图片地址1": NaN, "图片标题2": NaN, "图片地址2": NaN, "图片标题3": NaN, "图片地址3": NaN}
{"名称": "停车场", "地址": "佰年供销西部智慧冷链基地西北侧140米", "城市": "重庆市", "标签": "交通设施服务;停车场;公共停车场", "区域名称": "沙坪坝区", "经度": 106.3822, "纬度": 29.6288, "电话": NaN, "图片标题1": NaN, "图片地址1": NaN, "图片标题2": NaN, "图片地址2": NaN, "图片标题3": NaN, "图片地址3": NaN}
{"名称": "停车场", "地址": "鼎新大道与青龙坪立交交叉口东南420米", "城市": "重庆市", "标签": "交通设施服务;停车场;公共停车场", "区域名称": "沙坪坝区", "经度": 106.394395, "纬度": 29.663498, "电话": NaN, "图片标题1": NaN, "图片地址1": NaN, "图片标题2": NaN, "图片地址2": NaN, "图片标题3": NaN, "图片地址3": NaN}
{"名称": "海石公园停车场", "地址": "海石公园(295县道西)", "城市": "重庆市", "标签": "交通设施服务;停车场;公共停车场", "区域名称": "沙坪坝区", "经度": 106.415451, "纬度": 29.690798, "电话": NaN, "图片标题1": NaN, "图片地址1": "http://store.is.autonavi.com/showpic/6fb4c1ea740ba15a1403fcd5b099f322", "图片标题2": NaN, "图片地址2": NaN, "图片标题3": NaN, "图片地址3": NaN}
{"名称": "停车场", "地址": "大学城东路(新普科技西侧约140米)", "城市": "重庆市", "标签": "交通设施服务;停车场;公共停车场", "区域名称": "沙坪坝区", "经度": 106.316546, "纬度": 29.566155, "电话": NaN, "图片标题1": NaN, "图片地址1": NaN, "图片标题2": NaN, "图片地址2": NaN, "图片标题3": NaN, "图片地址3": NaN}
{"名称": "停车场(高石坎)", "地址": "西永综合保税区B区查验场东侧270米", "城市": "重庆市", "标签": "交通设施服务;停车场;公共停车场", "区域名称": "沙坪坝区", "经度": 106.317437, "纬度": 29.556013, "电话": NaN, "图片标题1": NaN, "图片地址1": NaN, "图片标题2": NaN, "图片地址2": NaN, "图片标题3": NaN, "图片地址3": NaN}
{"名称": "停车场(龙飞路)", "地址": "龙飞路与龙海路交叉口东南40米", "城市": "重庆市", "标签": "交通设施服务;停车场;公共停车场", "区域名称": "沙坪坝区", "经度": 106.382466, "纬度": 29.705226, "电话": NaN, "图片标题1": NaN, "图片地址1": NaN, "图片标题2": NaN, "图片地址2": NaN, "图片标题3": NaN, "图片地址3": NaN}
{"名称": "停车场", "地址": "西永综合保税区B区查验场东北侧100米", "城市": "重庆市", "标签": "交通设施服务;停车场;公共停车场", "区域名称": "沙坪坝区", "经度": 106.315378, "纬度": 29.557162, "电话": NaN, "图片标题1": NaN, "图片地址1": NaN, "图片标题2": NaN, "图片地址2": NaN, "图片标题3": NaN, "图片地址3": NaN}
{"名称": "地上停车场", "地址": "曾家镇大学城中路东250米重庆西永综合保税区B区报关报检厅附近", "城市": "重庆市", "标签": "交通设施服务;停车场;公共停车场", "区域名称": "沙坪坝区", "经度": 106.310409, "纬度": 29.556902, "电话": NaN, "图片标题1": NaN, "图片地址1": NaN, "图片标题2": NaN, "图片地址2": NaN, "图片标题3": NaN, "图片地址3": NaN}
{"名称": "停车场(康居西城西南)", "地址": "康城路与康城南路交叉口东南160米", "城市": "重庆市", "标签": "交通设施服务;停车场;公共停车场", "区域名称": "沙坪坝区", "经度": 106.310428, "纬度": 29.575924, "电话": NaN, "图片标题1": NaN, "图片地址1": "http://store.is.autonavi.com/showpic/de6a9d462439de504a3c365cb03b38d4", "图片标题2": NaN, "图片地址2": NaN, "图片标题3": NaN, "图片地址3": NaN}
{"名称": "停车场", "地址": "大学城南二路附近", "城市": "重庆市", "标签": "交通设施服务;停车场;公共停车场", "区域名称": "沙坪坝区", "经度": 106.30607, "纬度": 29.580116, "电话": NaN, "图片标题1": NaN, "图片地址1": NaN, "图片标题2": NaN, "图片地址2": NaN, "图片标题3": NaN, "图片地址3": NaN}
{"名称": "地上停车场", "地址": "大学城西路与大学城南路交叉口西南420米", "城市": "重庆市", "标签": "交通设施服务;停车场;公共停车场", "区域名称": "沙坪坝区", "经度": 106.2916, "纬度": 29.595033, "电话": NaN, "图片标题1": NaN, "图片地址1": NaN, "图片标题2": NaN, "图片地址2": NaN, "图片标题3": NaN, "图片地址3": NaN}
{"名称": "停车场(师大苑西)", "地址": "大学城西路36号(师大苑内)", "城市": "重庆市", "标签": "交通设施服务;停车场;公共停车场", "区域名称": "沙坪坝区", "经度": 106.291422, "纬度": 29.613672, "电话": NaN, "图片标题1": NaN, "图片地址1": NaN, "图片标题2": NaN, "图片地址2": NaN, "图片标题3": NaN, "图片地址3": NaN}
{"名称": "道路停车位", "地址": "经纬大道与显丰大道交叉口西南100米", "城市": "重庆市", "标签": "交通设施服务;停车场;路边停车场", "区域名称": "沙坪坝区", "经度": 106.471754, "纬度": 29.540795, "电话": NaN, "图片标题1": NaN, "图片地址1": "http://store.is.autonavi.com/showpic/568cdfe9a310f9ed880dd321", "图片标题2": NaN, "图片地址2": NaN, "图片标题3": NaN, "图片地址3": NaN}
{"名称": "停车场(沙坪坝南街)", "地址": "渝碚路街道沙杨路76号附近", "城市": "重庆市", "标签": "交通设施服务;停车场;公共停车场", "区域名称": "沙坪坝区", "经度": 106.462715, "纬度": 29.560928, "电话": NaN, "图片标题1": NaN, "图片地址1": "http://store.is.autonavi.com/showpic/77f6ac852085f3fd0342ffe19a685978", "图片标题2": NaN, "图片地址2": "http://store.is.autonavi.com/showpic/557966f7a3109f1e8a16cc0a", "图片标题3": NaN, "图片地址3": "http://store.is.autonavi.com/showpic/8095340f67dbec1491f08780413de8de"}
{"名称": "天梨路-道路停车位", "地址": "天梨路与天星桥立交交叉口北40米", "城市": "重庆市", "标签": "交通设施服务;停车场;路边停车场", "区域名称": "沙坪坝区", "经度": 106.454847, "纬度": 29.547253, "电话": NaN, "图片标题1": NaN, "图片地址1": "http://store.is.autonavi.com/showpic/557a7e22a3109f1e8a18cdb3", "图片标题2": NaN, "图片地址2": NaN, "图片标题3": NaN, "图片地址3": NaN}
{"名称": "光能建材大厦停车场", "地址": "天马路45号光能建材大厦(天星桥地铁站3号口步行210米)", "城市": "重庆市", "标签": "交通设施服务;停车场;公共停车场", "区域名称": "沙坪坝区", "经度": 106.460104, "纬度": 29.540084, "电话": NaN, "图片标题1": NaN, "图片地址1": "http://store.is.autonavi.com/showpic/55deb34da31051576112cec8", "图片标题2": NaN, "图片地址2": "http://store.is.autonavi.com/showpic/55deb34da31051576112cec6", "图片标题3": NaN, "图片地址3": NaN}
{"名称": "天涯公寓停车场", "地址": "沙坪坝区图书馆西北门旁", "城市": "重庆市", "标签": "交通设施服务;停车场;专用停车场", "区域名称": "沙坪坝区", "经度": 106.455181, "纬度": 29.563568, "电话": NaN, "图片标题1": NaN, "图片地址1": NaN, "图片标题2": NaN, "图片地址2": NaN, "图片标题3": NaN, "图片地址3": NaN}
{"名称": "公园支路-道路停车位", "地址": "公园支路与天陈路交叉口东20米", "城市": "重庆市", "标签": "交通设施服务;停车场;路边停车场", "区域名称": "沙坪坝区", "经度": 106.455155, "纬度": 29.549315, "电话": NaN, "图片标题1": NaN, "图片地址1": "http://store.is.autonavi.com/showpic/557a7e24a3109f1e8a18ce60", "图片标题2": NaN, "图片地址2": NaN, "图片标题3": NaN, "图片地址3": NaN}
{"名称": "壮志路停车场", "地址": "壮志路歌乐山烈士陵园", "城市": "重庆市", "标签": "交通设施服务;停车场;公共停车场", "区域名称": "沙坪坝区", "经度": 106.438924, "纬度": 29.573263, "电话": NaN, "图片标题1": NaN, "图片地址1": "http://store.is.autonavi.com/showpic/0ab4df80d2f0c0cda48966316e91ffa4", "图片标题2": NaN, "图片地址2": NaN, "图片标题3": NaN, "图片地址3": NaN}
{"名称": "嘉勤路-道路停车位", "地址": "双碑重庆嘉陵医院北(嘉勤路)", "城市": "重庆市", "标签": "交通设施服务;停车场;路边停车场", "区域名称": "沙坪坝区", "经度": 106.449654, "纬度": 29.6093, "电话": NaN, "图片标题1": NaN, "图片地址1": NaN, "图片标题2": NaN, "图片地址2": NaN, "图片标题3": NaN, "图片地址3": NaN}
{"名称": "重庆西站地下停车场", "地址": "华玉路100号附近", "城市": "重庆市", "标签": "交通设施服务;停车场;公共停车场", "区域名称": "沙坪坝区", "经度": 106.438752, "纬度": 29.497236, "电话": NaN, "图片标题1": NaN, "图片地址1": "http://store.is.autonavi.com/showpic/8fb94f496e09d01e978b9ac7abef4acf", "图片标题2": NaN, "图片地址2": "http://store.is.autonavi.com/showpic/e51abf85605233ea21182b40aa320371", "图片标题3": NaN, "图片地址3": NaN}
{"名称": "道路停车位", "地址": "西科大道", "城市": "重庆市", "标签": "交通设施服务;停车场;路边停车场", "区域名称": "沙坪坝区", "经度": 106.383639, "纬度": 29.567861, "电话": NaN, "图片标题1": NaN, "图片地址1": NaN, "图片标题2": NaN, "图片地址2": NaN, "图片标题3": NaN, "图片地址3": NaN}
{"名称": "陈南路-道路停车位", "地址": "陈青路与陈南路交叉口西北80米", "城市": "重庆市", "标签": "交通设施服务;停车场;路边停车场", "区域名称": "沙坪坝区", "经度": 106.340707, "纬度": 29.612658, "电话": NaN, "图片标题1": NaN, "图片地址1": NaN, "图片标题2": NaN, "图片地址2": NaN, "图片标题3": NaN, "图片地址3": NaN}
{"名称": "新青路-道路停车位", "地址": "新青路与青北下街交叉口西100米", "城市": "重庆市", "标签": "交通设施服务;停车场;路边停车场", "区域名称": "沙坪坝区", "经度": 106.302389, "纬度": 29.673795, "电话": NaN, "图片标题1": NaN, "图片地址1": NaN, "图片标题2": NaN, "图片地址2": NaN, "图片标题3": NaN, "图片地址3": NaN}
{"名称": "停车场(丽质人生家园东)", "地址": "广达电脑重庆制造城", "城市": "重庆市", "标签": "交通设施服务;停车场;公共停车场", "区域名称": "沙坪坝区", "经度": 106.317054, "纬度": 29.551847, "电话": NaN, "图片标题1": NaN, "图片地址1": NaN, "图片标题2": NaN, "图片地址2": NaN, "图片标题3": NaN, "图片地址3": NaN}
{"名称": "重庆融汇泉·别院停车场", "地址": "梨树湾融汇温泉城泉里小镇(温泉进门正对面)附近", "城市": "重庆市", "标签": "交通设施服务;停车场;公共停车场", "区域名称": "沙坪坝区", "经度": 106.438556, "纬度": 29.541801, "电话": NaN, "图片标题1": NaN, "图片地址1": "http://store.is.autonavi.com/showpic/883a83620faa39a82cad4aa75a744237", "图片标题2": NaN, "图片地址2": NaN, "图片标题3": NaN, "图片地址3": NaN}
{"名称": "都市花园中路-道路停车位", "地址": "都市花园中路96-14附近", "城市": "重庆市", "标签": "交通设施服务;停车场;路边停车场", "区域名称": "沙坪坝区", "经度": 106.453274, "纬度": 29.539338, "电话": NaN, "图片标题1": NaN, "图片地址1": "http://store.is.autonavi.com/showpic/557a7d2aa3109f1e8a18851c", "图片标题2": NaN, "图片地址2": "http://store.is.autonavi.com/showpic/55de9d66a310515761129d27", "图片标题3": NaN, "图片地址3": "http://store.is.autonavi.com/showpic/5682500ea310b8c53dfbf8e8"}
{"名称": "都市花园西路-道路停车位", "地址": "都市花园西路9-6号附近", "城市": "重庆市", "标签": "交通设施服务;停车场;路边停车场", "区域名称": "沙坪坝区", "经度": 106.451451, "纬度": 29.540622, "电话": NaN, "图片标题1": NaN, "图片地址1": "http://store.is.autonavi.com/showpic/55e5b505a310f1fe8ea48f14", "图片标题2": NaN, "图片地址2": "http://store.is.autonavi.com/showpic/55e5b505a310f1fe8ea48f1f", "图片标题3": NaN, "图片地址3": "http://store.is.autonavi.com/showpic/55e5b505a310f1fe8ea48f1c"}
{"名称": "停车场(重庆德爱中医院西)", "地址": "桥东路与西林大道交叉口东南200米", "城市": "重庆市", "标签": "交通设施服务;停车场;公共停车场", "区域名称": "沙坪坝区", "经度": 106.344803, "纬度": 29.622775, "电话": NaN, "图片标题1": NaN, "图片地址1": NaN, "图片标题2": NaN, "图片地址2": NaN, "图片标题3": NaN, "图片地址3": NaN}
{"名称": "陈新村二横街-道路停车位", "地址": "陈新村二横街与陈新村陈新路交叉口西北80米", "城市": "重庆市", "标签": "交通设施服务;停车场;路边停车场", "区域名称": "沙坪坝区", "经度": 106.339021, "纬度": 29.615795, "电话": NaN, "图片标题1": NaN, "图片地址1": NaN, "图片标题2": NaN, "图片地址2": NaN, "图片标题3": NaN, "图片地址3": NaN}
{"名称": "停车场(丽质人生家园东北)", "地址": "广达重庆厂东北侧190米", "城市": "重庆市", "标签": "交通设施服务;停车场;公共停车场", "区域名称": "沙坪坝区", "经度": 106.317281, "纬度": 29.553746, "电话": NaN, "图片标题1": NaN, "图片地址1": NaN, "图片标题2": NaN, "图片地址2": NaN, "图片标题3": NaN, "图片地址3": NaN}
{"名称": "停车场(丽质人生家园西北)", "地址": "曾家镇西永综合保税区综保大道18号附5号附近", "城市": "重庆市", "标签": "交通设施服务;停车场;公共停车场", "区域名称": "沙坪坝区", "经度": 106.313145, "纬度": 29.551828, "电话": NaN, "图片标题1": NaN, "图片地址1": NaN, "图片标题2": NaN, "图片地址2": NaN, "图片标题3": NaN, "图片地址3": NaN}
{"名称": "重庆·西永民乐苑一期停车场", "地址": "西园二路23号", "城市": "重庆市", "标签": "交通设施服务;停车场;公共停车场", "区域名称": "沙坪坝区", "经度": 106.372475, "纬度": 29.5698, "电话": NaN, "图片标题1": NaN, "图片地址1": NaN, "图片标题2": NaN, "图片地址2": NaN, "图片标题3": NaN, "图片地址3": NaN}
{"名称": "二开发区一横街-道路停车位", "地址": "二开发区二横街19-6号附近", "城市": "重庆市", "标签": "交通设施服务;停车场;路边停车场", "区域名称": "沙坪坝区", "经度": 106.336796, "纬度": 29.617476, "电话": NaN, "图片标题1": NaN, "图片地址1": NaN, "图片标题2": NaN, "图片地址2": NaN, "图片标题3": NaN, "图片地址3": NaN}
{"名称": "重庆康明斯发动机有限公司停车场", "地址": "壮志路与童歌路交叉口东北280米", "城市": "重庆市", "标签": "交通设施服务;停车场;专用停车场", "区域名称": "沙坪坝区", "经度": 106.440874, "纬度": 29.574809, "电话": NaN, "图片标题1": NaN, "图片地址1": NaN, "图片标题2": NaN, "图片地址2": NaN, "图片标题3": NaN, "图片地址3": NaN}
{"名称": "重庆大学虎溪校区停车场", "地址": "大学城南路55号重庆大学虎溪校区", "城市": "重庆市", "标签": "交通设施服务;停车场;专用停车场", "区域名称": "沙坪坝区", "经度": 106.298907, "纬度": 29.595299, "电话": NaN, "图片标题1": NaN, "图片地址1": NaN, "图片标题2": NaN, "图片地址2": NaN, "图片标题3": NaN, "图片地址3": NaN}
{"名称": "停车场(沙坪坝区土地登记中心北)", "地址": "凤天大道与天马路交叉口南60米", "城市": "重庆市", "标签": "交通设施服务;停车场;公共停车场", "区域名称": "沙坪坝区", "经度": 106.457407, "纬度": 29.538139, "电话": NaN, "图片标题1": NaN, "图片地址1": "http://store.is.autonavi.com/showpic/216b64064abdeae9c05944c6b2605cd3", "图片标题2": NaN, "图片地址2": "http://store.is.autonavi.com/showpic/1a0b1a186e34eb9f6c5bda8ea2bccab0", "图片标题3": "入口全貌_2", "图片地址3": "http://store.is.autonavi.com/showpic/f54345b112079026b143afc1f5be0935"}
{"名称": "重庆师范大学大学城校区北停车场", "地址": "师范大学大学城校区", "城市": "重庆市", "标签": "交通设施服务;停车场;公共停车场", "区域名称": "沙坪坝区", "经度": 106.305779, "纬度": 29.613775, "电话": NaN, "图片标题1": NaN, "图片地址1": NaN, "图片标题2": NaN, "图片地址2": NaN, "图片标题3": NaN, "图片地址3": NaN}
{"名称": "金港大厦(沙坪坝南街)", "地址": "沙南街4号", "城市": "重庆市", "标签": "商务住宅;楼宇;商务写字楼|交通设施服务;停车场;公共停车场", "区域名称": "沙坪坝区", "经度": 106.462653, "纬度": 29.560763, "电话": NaN, "图片标题1": NaN, "图片地址1": "http://store.is.autonavi.com/showpic/09bf5c4ae26be2ef4c3c2a1c5ffe622b", "图片标题2": NaN, "图片地址2": "http://store.is.autonavi.com/showpic/557966f8a3109f1e8a16cc40", "图片标题3": NaN, "图片地址3": "http://store.is.autonavi.com/showpic/55796700a3109f1e8a16cfd0"}
{"名称": "道路停车位", "地址": "金桥路与凤中路辅路交叉口东140米", "城市": "重庆市", "标签": "交通设施服务;停车场;路边停车场", "区域名称": "沙坪坝区", "经度": 106.442361, "纬度": 29.505302, "电话": NaN, "图片标题1": NaN, "图片地址1": NaN, "图片标题2": NaN, "图片地址2": NaN, "图片标题3": NaN, "图片地址3": NaN}
{"名称": "道路停车位", "地址": NaN, "城市": "重庆市", "标签": "交通设施服务;停车场;路边停车场", "区域名称": "沙坪坝区", "经度": 106.446025, "纬度": 29.639951, "电话": NaN, "图片标题1": NaN, "图片地址1": NaN, "图片标题2": NaN, "图片地址2": NaN, "图片标题3": NaN, "图片地址3": NaN}
{"名称": "西荣路-道路停车位", "地址": "一纵线快速路与三圣宫立交交叉口西160米", "城市": "重庆市", "标签": "交通设施服务;停车场;路边停车场", "区域名称": "沙坪坝区", "经度": 106.370183, "纬度": 29.612195, "电话": NaN, "图片标题1": NaN, "图片地址1": NaN, "图片标题2": NaN, "图片地址2": NaN, "图片标题3": NaN, "图片地址3": NaN}
{"名称": "白公馆旧址停车场", "地址": "白公馆旧址", "城市": "重庆市", "标签": "交通设施服务;停车场;公共停车场", "区域名称": "沙坪坝区", "经度": 106.433621, "纬度": 29.576351, "电话": 13983979227.0, "图片标题1": NaN, "图片地址1": "http://store.is.autonavi.com/showpic/fd2c9599fc5e5c2aef7747494750cbac", "图片标题2": NaN, "图片地址2": NaN, "图片标题3": NaN, "图片地址3": NaN}
{"名称": "景阳路-道路停车位", "地址": "景阳路与汇贤路交叉口南100米", "城市": "重庆市", "标签": "交通设施服务;停车场;路边停车场", "区域名称": "沙坪坝区", "经度": 106.312422, "纬度": 29.591445, "电话": NaN, "图片标题1": NaN, "图片地址1": NaN, "图片标题2": NaN, "图片地址2": NaN, "图片标题3": NaN, "图片地址3": NaN}
{"名称": "思贤路-道路停车位", "地址": "思贤路与大学城中路交叉口西340米", "城市": "重庆市", "标签": "交通设施服务;停车场;路边停车场", "区域名称": "沙坪坝区", "经度": 106.303545, "纬度": 29.587819, "电话": NaN, "图片标题1": NaN, "图片地址1": NaN, "图片标题2": NaN, "图片地址2": NaN, "图片标题3": NaN, "图片地址3": NaN}
{"名称": "道路停车位", "地址": "富洲路与香榭街交叉口东40米", "城市": "重庆市", "标签": "交通设施服务;停车场;路边停车场", "区域名称": "沙坪坝区", "经度": 106.482176, "纬度": 29.542319, "电话": NaN, "图片标题1": NaN, "图片地址1": NaN, "图片标题2": NaN, "图片地址2": NaN, "图片标题3": NaN, "图片地址3": NaN}
{"名称": "道路停车位", "地址": "汉渝路与沙滨路辅路交叉口西南280米", "城市": "重庆市", "标签": "交通设施服务;停车场;路边停车场", "区域名称": "沙坪坝区", "经度": 106.478185, "纬度": 29.55828, "电话": NaN, "图片标题1": NaN, "图片地址1": NaN, "图片标题2": NaN, "图片地址2": NaN, "图片标题3": NaN, "图片地址3": NaN}
{"名称": "道路停车位", "地址": "龙泉路与上土湾路交叉口东北320米", "城市": "重庆市", "标签": "交通设施服务;停车场;路边停车场", "区域名称": "沙坪坝区", "经度": 106.471939, "纬度": 29.555199, "电话": NaN, "图片标题1": NaN, "图片地址1": NaN, "图片标题2": NaN, "图片地址2": NaN, "图片标题3": NaN, "图片地址3": NaN}
{"名称": "道路停车位", "地址": "汉渝路与沙滨路辅路交叉口西南260米", "城市": "重庆市", "标签": "交通设施服务;停车场;路边停车场", "区域名称": "沙坪坝区", "经度": 106.478074, "纬度": 29.55849, "电话": NaN, "图片标题1": NaN, "图片地址1": NaN, "图片标题2": NaN, "图片地址2": NaN, "图片标题3": NaN, "图片地址3": NaN}
{"名称": "联芳社区停车场", "地址": "香榭街与长大路交叉口西北220米", "城市": "重庆市", "标签": "交通设施服务;停车场;路边停车场", "区域名称": "沙坪坝区", "经度": 106.482595, "纬度": 29.539668, "电话": NaN, "图片标题1": NaN, "图片地址1": NaN, "图片标题2": NaN, "图片地址2": NaN, "图片标题3": NaN, "图片地址3": NaN}
{"名称": "停车场", "地址": "沙滨路17号", "城市": "重庆市", "标签": "交通设施服务;停车场;路边停车场", "区域名称": "沙坪坝区", "经度": 106.478444, "纬度": 29.557827, "电话": NaN, "图片标题1": NaN, "图片地址1": "http://store.is.autonavi.com/showpic/6de5d212790dd34a87dcd893a47aa590", "图片标题2": NaN, "图片地址2": NaN, "图片标题3": NaN, "图片地址3": NaN}
{"名称": "香榭街-道路停车位", "地址": "香榭街与富洲路交叉口东南100米", "城市": "重庆市", "标签": "交通设施服务;停车场;路边停车场", "区域名称": "沙坪坝区", "经度": 106.481928, "纬度": 29.541248, "电话": NaN, "图片标题1": NaN, "图片地址1": NaN, "图片标题2": NaN, "图片地址2": NaN, "图片标题3": NaN, "图片地址3": NaN}
{"名称": "工人街-道路停车位", "地址": "工人街与汉渝路交叉口东南200米", "城市": "重庆市", "标签": "交通设施服务;停车场;路边停车场", "区域名称": "沙坪坝区", "经度": 106.468049, "纬度": 29.55694, "电话": NaN, "图片标题1": NaN, "图片地址1": NaN, "图片标题2": NaN, "图片地址2": NaN, "图片标题3": NaN, "图片地址3": NaN}
{"名称": "公正路-道路停车位", "地址": "经纬大道与显丰大道交叉口北100米", "城市": "重庆市", "标签": "交通设施服务;停车场;路边停车场", "区域名称": "沙坪坝区", "经度": 106.473163, "纬度": 29.542628, "电话": NaN, "图片标题1": NaN, "图片地址1": NaN, "图片标题2": NaN, "图片地址2": NaN, "图片标题3": NaN, "图片地址3": NaN}
{"名称": "道路停车位", "地址": "凤天大道与都市花园路交叉口东220米", "城市": "重庆市", "标签": "交通设施服务;停车场;路边停车场", "区域名称": "沙坪坝区", "经度": 106.459369, "纬度": 29.537595, "电话": NaN, "图片标题1": NaN, "图片地址1": NaN, "图片标题2": NaN, "图片地址2": NaN, "图片标题3": NaN, "图片地址3": NaN}
{"名称": "都市花园路-道路停车位", "地址": "都市花园路与都市花园中路交叉口东40米", "城市": "重庆市", "标签": "交通设施服务;停车场;路边停车场", "区域名称": "沙坪坝区", "经度": 106.4535, "纬度": 29.538076, "电话": NaN, "图片标题1": NaN, "图片地址1": NaN, "图片标题2": NaN, "图片地址2": NaN, "图片标题3": NaN, "图片地址3": NaN}
{"名称": "停车场(富康新城东北)", "地址": "路丰驾校(总校)南侧50米", "城市": "重庆市", "标签": "交通设施服务;停车场;公共停车场", "区域名称": "沙坪坝区", "经度": 106.381478, "纬度": 29.581145, "电话": NaN, "图片标题1": NaN, "图片地址1": NaN, "图片标题2": NaN, "图片地址2": NaN, "图片标题3": NaN, "图片地址3": NaN}
{"名称": "停车场(大学城中路)", "地址": "花马大学城中路龙湖睿城", "城市": "重庆市", "标签": "交通设施服务;停车场;公共停车场", "区域名称": "沙坪坝区", "经度": 106.307486, "纬度": 29.593701, "电话": NaN, "图片标题1": NaN, "图片地址1": NaN, "图片标题2": NaN, "图片地址2": NaN, "图片标题3": NaN, "图片地址3": NaN}
{"名称": "月光大酒店停车场", "地址": "凤天大道18号月光大酒店(天星桥地铁站2号口步行400米)", "城市": "重庆市", "标签": "交通设施服务;停车场;专用停车场", "区域名称": "沙坪坝区", "经度": 106.456722, "纬度": 29.538185, "电话": NaN, "图片标题1": NaN, "图片地址1": "http://store.is.autonavi.com/showpic/557a7d26a3109f1e8a188333", "图片标题2": NaN, "图片地址2": "http://store.is.autonavi.com/showpic/55de9d63a310515761129b38", "图片标题3": NaN, "图片地址3": "http://store.is.autonavi.com/showpic/5682500ca310b8c53dfbf70f"}
{"名称": "燕渝苑沿街停车场", "地址": "天星桥正街48-19附近(高滩岩地铁站4A口步行50米)", "城市": "重庆市", "标签": "交通设施服务;停车场;公共停车场", "区域名称": "沙坪坝区", "经度": 106.451045, "纬度": 29.539904, "电话": NaN, "图片标题1": NaN, "图片地址1": "http://store.is.autonavi.com/showpic/55e5b507a310f1fe8ea48f9c", "图片标题2": NaN, "图片地址2": NaN, "图片标题3": NaN, "图片地址3": NaN}
{"名称": "土主停车场", "地址": "团歇路与土主互通交叉口西20米", "城市": "重庆市", "标签": "交通设施服务;停车场;公共停车场", "区域名称": "沙坪坝区", "经度": 106.368661, "纬度": 29.633741, "电话": NaN, "图片标题1": NaN, "图片地址1": NaN, "图片标题2": NaN, "图片地址2": NaN, "图片标题3": NaN, "图片地址3": NaN}
{"名称": "停车场", "地址": "广达电脑东南侧100米", "城市": "重庆市", "标签": "交通设施服务;停车场;公共停车场", "区域名称": "沙坪坝区", "经度": 106.31858, "纬度": 29.556038, "电话": NaN, "图片标题1": NaN, "图片地址1": NaN, "图片标题2": NaN, "图片地址2": NaN, "图片标题3": NaN, "图片地址3": NaN}
{"名称": "停车场(启点台球西北)", "地址": "怡悦路重电苑", "城市": "重庆市", "标签": "交通设施服务;停车场;公共停车场", "区域名称": "沙坪坝区", "经度": 106.328997, "纬度": 29.623594, "电话": NaN, "图片标题1": NaN, "图片地址1": NaN, "图片标题2": NaN, "图片地址2": NaN, "图片标题3": NaN, "图片地址3": NaN}
{"名称": "国泰汽博城停车场", "地址": "丰盛路国盛龙腾丰文A区旁", "城市": "重庆市", "标签": "交通设施服务;停车场;公共停车场", "区域名称": "沙坪坝区", "经度": 106.340186, "纬度": 29.628293, "电话": NaN, "图片标题1": NaN, "图片地址1": "http://store.is.autonavi.com/showpic/75bed5dfcd67275c06a199106ee26e02", "图片标题2": NaN, "图片地址2": NaN, "图片标题3": NaN, "图片地址3": NaN}
{"名称": "曾家服务区停车场", "地址": "曾家镇莲花寺社曾家服务区", "城市": "重庆市", "标签": "交通设施服务;停车场;公共停车场", "区域名称": "沙坪坝区", "经度": 106.287645, "纬度": 29.535313, "电话": NaN, "图片标题1": NaN, "图片地址1": NaN, "图片标题2": NaN, "图片地址2": NaN, "图片标题3": NaN, "图片地址3": NaN}
{"名称": "停车场", "地址": "大学城北一路与怡悦路交叉口西南240米", "城市": "重庆市", "标签": "交通设施服务;停车场;公共停车场", "区域名称": "沙坪坝区", "经度": 106.329347, "纬度": 29.623177, "电话": NaN, "图片标题1": NaN, "图片地址1": NaN, "图片标题2": NaN, "图片地址2": NaN, "图片标题3": NaN, "图片地址3": NaN}
{"名称": "协信城立方停车场", "地址": "大学城东路9号", "城市": "重庆市", "标签": "交通设施服务;停车场;公共停车场", "区域名称": "沙坪坝区", "经度": 106.316731, "纬度": 29.582846, "电话": NaN, "图片标题1": NaN, "图片地址1": "http://store.is.autonavi.com/showpic/633cb58152f412a5b5fcb3ae344cb4c2", "图片标题2": NaN, "图片地址2": NaN, "图片标题3": NaN, "图片地址3": NaN}
{"名称": "富力城五星名座停车场", "地址": "大学城中路46号富力城五星名座", "城市": "重庆市", "标签": "交通设施服务;停车场;专用停车场", "区域名称": "沙坪坝区", "经度": 106.304695, "纬度": 29.599772, "电话": NaN, "图片标题1": NaN, "图片地址1": "http://store.is.autonavi.com/showpic/7f4f345a3167daf511ec05ec966d98fa", "图片标题2": NaN, "图片地址2": "http://store.is.autonavi.com/showpic/82b035df988f8a02b1d22c9263b9621d", "图片标题3": NaN, "图片地址3": "http://store.is.autonavi.com/showpic/55f906d8e9c90dce477fd7e18b316fa9"}
{"名称": "停车场(大学城西路)", "地址": "大学城西路与大学城北路交叉口北160米", "城市": "重庆市", "标签": "交通设施服务;停车场;公共停车场", "区域名称": "沙坪坝区", "经度": 106.294418, "纬度": 29.608786, "电话": NaN, "图片标题1": NaN, "图片地址1": NaN, "图片标题2": NaN, "图片地址2": NaN, "图片标题3": NaN, "图片地址3": NaN}
{"名称": "重庆大学碧桃园停车场", "地址": "纵五路重庆大学碧桃园北侧约40米", "城市": "重庆市", "标签": "交通设施服务;停车场;公共停车场", "区域名称": "沙坪坝区", "经度": 106.287474, "纬度": 29.595606, "电话": NaN, "图片标题1": NaN, "图片地址1": "http://store.is.autonavi.com/showpic/51fa07abe86075db7f40833041f00e62", "图片标题2": NaN, "图片地址2": NaN, "图片标题3": NaN, "图片地址3": NaN}
{"名称": "融汇·泉里小镇停车场", "地址": "汇泉路1号", "城市": "重庆市", "标签": "交通设施服务;停车场;公共停车场", "区域名称": "沙坪坝区", "经度": 106.439556, "纬度": 29.542793, "电话": NaN, "图片标题1": NaN, "图片地址1": NaN, "图片标题2": NaN, "图片地址2": NaN, "图片标题3": NaN, "图片地址3": NaN}
{"名称": "都市花园西路-道路停车位", "地址": "都市花园西路与覃家岗正街交叉口南160米", "城市": "重庆市", "标签": "交通设施服务;停车场;路边停车场", "区域名称": "沙坪坝区", "经度": 106.451354, "纬度": 29.539824, "电话": NaN, "图片标题1": NaN, "图片地址1": NaN, "图片标题2": NaN, "图片地址2": NaN, "图片标题3": NaN, "图片地址3": NaN}
{"名称": "都市花园北路-道路停车位", "地址": "都市花园东路4-附1号附近", "城市": "重庆市", "标签": "交通设施服务;停车场;路边停车场", "区域名称": "沙坪坝区", "经度": 106.454188, "纬度": 29.540716, "电话": NaN, "图片标题1": NaN, "图片地址1": NaN, "图片标题2": NaN, "图片地址2": NaN, "图片标题3": NaN, "图片地址3": NaN}
{"名称": "东方剑桥(南区)停车场", "地址": "大学城中路东方剑桥-南区", "城市": "重庆市", "标签": "交通设施服务;停车场;公共停车场", "区域名称": "沙坪坝区", "经度": 106.305706, "纬度": 29.586282, "电话": NaN, "图片标题1": NaN, "图片地址1": NaN, "图片标题2": NaN, "图片地址2": NaN, "图片标题3": NaN, "图片地址3": NaN}
{"名称": "金科廊桥天都停车场", "地址": "重大南路金科廊桥天都", "城市": "重庆市", "标签": "交通设施服务;停车场;专用停车场", "区域名称": "沙坪坝区", "经度": 106.290341, "纬度": 29.583856, "电话": NaN, "图片标题1": NaN, "图片地址1": NaN, "图片标题2": NaN, "图片地址2": NaN, "图片标题3": NaN, "图片地址3": NaN}
{"名称": "保利万和富力影城停车场", "地址": "大学城中路46号(大学城地铁站1号口步行340米)", "城市": "重庆市", "标签": "交通设施服务;停车场;公共停车场", "区域名称": "沙坪坝区", "经度": 106.308306, "纬度": 29.609574, "电话": NaN, "图片标题1": NaN, "图片地址1": "http://store.is.autonavi.com/showpic/51bffa8ac8168e9dfd0b9ecd32c1045f", "图片标题2": NaN, "图片地址2": NaN, "图片标题3": NaN, "图片地址3": NaN}
{"名称": "停车场(南开步行街)", "地址": "南园4号附1号(沙坪坝地铁站出入口步行210米)", "城市": "重庆市", "标签": "交通设施服务;停车场;公共停车场", "区域名称": "沙坪坝区", "经度": 106.460029, "纬度": 29.559181, "电话": NaN, "图片标题1": NaN, "图片地址1": "http://store.is.autonavi.com/showpic/570f0f597ac63a0efb09aef1", "图片标题2": NaN, "图片地址2": "http://store.is.autonavi.com/showpic/570f0f597ac63a0efb09aef7", "图片标题3": NaN, "图片地址3": NaN}
{"名称": "龙荫小区停车场", "地址": "康家路龙荫小区", "城市": "重庆市", "标签": "交通设施服务;停车场;专用停车场", "区域名称": "沙坪坝区", "经度": 106.306644, "纬度": 29.557259, "电话": NaN, "图片标题1": NaN, "图片地址1": "http://store.is.autonavi.com/showpic/38be451c8eded531b195359ac68dd29e", "图片标题2": NaN, "图片地址2": NaN, "图片标题3": NaN, "图片地址3": NaN}
{"名称": "保利万和熙街影城停车场", "地址": "景苑路8号附989号", "城市": "重庆市", "标签": "交通设施服务;停车场;公共停车场", "区域名称": "沙坪坝区", "经度": 106.301782, "纬度": 29.60555, "电话": NaN, "图片标题1": NaN, "图片地址1": "http://store.is.autonavi.com/showpic/276d1c11bb1c1c2dedfded9482aaee8a", "图片标题2": "入口全貌_2", "图片地址2": "http://store.is.autonavi.com/showpic/ab2c5f8c176928e9bdadbf4413080d09", "图片标题3": NaN, "图片地址3": "http://store.is.autonavi.com/showpic/4cd1aa1eeae65ebe81b29640372dad40"}
{"名称": "向乐村停车场", "地址": "渝碚路212号", "城市": "重庆市", "标签": "交通设施服务;停车场;专用停车场", "区域名称": "沙坪坝区", "经度": 106.455436, "纬度": 29.562267, "电话": NaN, "图片标题1": NaN, "图片地址1": "http://store.is.autonavi.com/showpic/5642e188a3109280d00726d5", "图片标题2": NaN, "图片地址2": NaN, "图片标题3": NaN, "图片地址3": NaN}
{"名称": "芳草地小区停车场", "地址": "凤天大道21号-49号附近", "城市": "重庆市", "标签": "交通设施服务;停车场;公共停车场", "区域名称": "沙坪坝区", "经度": 106.458531, "纬度": 29.535959, "电话": NaN, "图片标题1": NaN, "图片地址1": "http://store.is.autonavi.com/showpic/12df6514f2a0a814b5c4319d1c26bb02", "图片标题2": "入口全貌_2", "图片地址2": "http://store.is.autonavi.com/showpic/9ebde0bb322badb7ef7eb75216f2b8f3", "图片标题3": NaN, "图片地址3": "http://store.is.autonavi.com/showpic/f5fe53af869a1c8eed2e4a9b4b74b55a"}
{"名称": "布克公馆停车场", "地址": "凤天大道116附2号附近", "城市": "重庆市", "标签": "交通设施服务;停车场;公共停车场", "区域名称": "沙坪坝区", "经度": 106.452911, "纬度": 29.530847, "电话": NaN, "图片标题1": NaN, "图片地址1": "http://store.is.autonavi.com/showpic/56b1b1d6a310218d5b4b7f1f", "图片标题2": NaN, "图片地址2": "http://store.is.autonavi.com/showpic/3988a6739bb9a5c2e40e885e09f7f0c1", "图片标题3": NaN, "图片地址3": "http://store.is.autonavi.com/showpic/56b1b1d6a310218d5b4b7f21"}
{"名称": "布克公馆停车场", "地址": "凤天大道120附7号附近", "城市": "重庆市", "标签": "交通设施服务;停车场;公共停车场", "区域名称": "沙坪坝区", "经度": 106.451858, "纬度": 29.531352, "电话": NaN, "图片标题1": NaN, "图片地址1": "http://store.is.autonavi.com/showpic/913711a643d25600c5a9435e1138756f", "图片标题2": NaN, "图片地址2": NaN, "图片标题3": NaN, "图片地址3": NaN}
{"名称": "学林雅园停车场", "地址": "学林雅园3号附3号学林雅园", "城市": "重庆市", "标签": "交通设施服务;停车场;专用停车场", "区域名称": "沙坪坝区", "经度": 106.461021, "纬度": 29.571294, "电话": NaN, "图片标题1": NaN, "图片地址1": "http://store.is.autonavi.com/showpic/9c4afc29727c45feb04706c96959b1da", "图片标题2": NaN, "图片地址2": "http://store.is.autonavi.com/showpic/2fe62ab5b226b954471c2400993bc5f8", "图片标题3": NaN, "图片地址3": "http://store.is.autonavi.com/showpic/1ae444fd7afa2a00348c98fda3bf5c11"}
{"名称": "渝桂大道-道路停车位", "地址": "中建二局招商西永中八四生活区西北侧260米", "城市": "重庆市", "标签": "交通设施服务;停车场;路边停车场", "区域名称": "沙坪坝区", "经度": 106.357256, "纬度": 29.662007, "电话": NaN, "图片标题1": NaN, "图片地址1": NaN, "图片标题2": NaN, "图片地址2": NaN, "图片标题3": NaN, "图片地址3": NaN}
{"名称": "凤鸣商贸小区停车场", "地址": "凤天大道146号附29号附近", "城市": "重庆市", "标签": "交通设施服务;停车场;公共停车场", "区域名称": "沙坪坝区", "经度": 106.447208, "纬度": 29.523589, "电话": NaN, "图片标题1": NaN, "图片地址1": NaN, "图片标题2": NaN, "图片地址2": NaN, "图片标题3": NaN, "图片地址3": NaN}
{"名称": "华彩·俊豪1号停车场", "地址": "凤天路130号附1号(重庆图书馆地铁站2号口步行410米)", "城市": "重庆市", "标签": "交通设施服务;停车场;公共停车场", "区域名称": "沙坪坝区", "经度": 106.452697, "纬度": 29.528942, "电话": NaN, "图片标题1": NaN, "图片地址1": "http://store.is.autonavi.com/showpic/19d405ac1209ff1af3a136e3ec2a718e", "图片标题2": NaN, "图片地址2": NaN, "图片标题3": NaN, "图片地址3": NaN}
{"名称": "龙湖·虎溪西区停车场", "地址": "景铮路龙湖·虎溪-西区", "城市": "重庆市", "标签": "交通设施服务;停车场;专用停车场", "区域名称": "沙坪坝区", "经度": 106.317557, "纬度": 29.609506, "电话": NaN, "图片标题1": NaN, "图片地址1": "http://store.is.autonavi.com/showpic/9c9afb71ff17f8ad6b9d4f27cef9729c", "图片标题2": NaN, "图片地址2": NaN, "图片标题3": NaN, "图片地址3": NaN}
{"名称": "重庆大学B区停车场", "地址": "沙坪坝正街174号重庆大学B区", "城市": "重庆市", "标签": "交通设施服务;停车场;专用停车场", "区域名称": "沙坪坝区", "经度": 106.461119, "纬度": 29.569688, "电话": NaN, "图片标题1": NaN, "图片地址1": NaN, "图片标题2": NaN, "图片地址2": NaN, "图片标题3": NaN, "图片地址3": NaN}
{"名称": "平顶山文化公园南门北停车场", "地址": "石小路159号联芳建材市场内(近天马路)平顶山文化公园", "城市": "重庆市", "标签": "交通设施服务;停车场;公共停车场", "区域名称": "沙坪坝区", "经度": 106.473701, "纬度": 29.547573, "电话": NaN, "图片标题1": NaN, "图片地址1": "http://store.is.autonavi.com/showpic/f34b67f6ede622ebad00d24e6ba9051d", "图片标题2": NaN, "图片地址2": NaN, "图片标题3": NaN, "图片地址3": NaN}
{"名称": "停车场(陈家桥安居小区南)", "地址": "陈南路与陈西路交叉口东80米", "城市": "重庆市", "标签": "交通设施服务;停车场;公共停车场", "区域名称": "沙坪坝区", "经度": 106.335425, "纬度": 29.61865, "电话": NaN, "图片标题1": NaN, "图片地址1": NaN, "图片标题2": NaN, "图片地址2": NaN, "图片标题3": NaN, "图片地址3": NaN}
{"名称": "锦华源停车场", "地址": "天马路99号(天星桥地铁站2号口步行170米)", "城市": "重庆市", "标签": "交通设施服务;停车场;公共停车场", "区域名称": "沙坪坝区", "经度": 106.457309, "纬度": 29.541874, "电话": NaN, "图片标题1": NaN, "图片地址1": "http://store.is.autonavi.com/showpic/557a97a4a3109f1e8a1952bf", "图片标题2": NaN, "图片地址2": "http://store.is.autonavi.com/showpic/5680f909a3104d32a824a26f", "图片标题3": NaN, "图片地址3": "http://store.is.autonavi.com/showpic/57173dd77ac63a0cf2ead1d5"}
{"名称": "道路停车位", "地址": "天马路95-9号附近(重庆图书馆地铁站4B口步行490米)", "城市": "重庆市", "标签": "交通设施服务;停车场;专用停车场", "区域名称": "沙坪坝区", "经度": 106.459214, "纬度": 29.534657, "电话": NaN, "图片标题1": NaN, "图片地址1": NaN, "图片标题2": NaN, "图片地址2": NaN, "图片标题3": NaN, "图片地址3": NaN}
{"名称": "道路停车位", "地址": "沙坪坝站西路龙凤云洲西南侧约150米", "城市": "重庆市", "标签": "交通设施服务;停车场;路边停车场", "区域名称": "沙坪坝区", "经度": 106.447199, "纬度": 29.558713, "电话": NaN, "图片标题1": NaN, "图片地址1": NaN, "图片标题2": NaN, "图片地址2": NaN, "图片标题3": NaN, "图片地址3": NaN}
{"名称": "欣怡佳苑停车场", "地址": "凤天大道112附5号附近", "城市": "重庆市", "标签": "交通设施服务;停车场;路边停车场", "区域名称": "沙坪坝区", "经度": 106.453662, "纬度": 29.532197, "电话": NaN, "图片标题1": NaN, "图片地址1": "http://store.is.autonavi.com/showpic/75b02136f7ebc4bfb25a760c4f3c169e", "图片标题2": NaN, "图片地址2": NaN, "图片标题3": NaN, "图片地址3": NaN}
{"名称": "南开苑BCD栋停车场", "地址": "南开苑(沙坪坝地铁站1号口步行310米)", "城市": "重庆市", "标签": "交通设施服务;停车场;停车场相关", "区域名称": "沙坪坝区", "经度": 106.46085, "纬度": 29.55888, "电话": NaN, "图片标题1": NaN, "图片地址1": "http://store.is.autonavi.com/showpic/38c785409c2122ef7eb7a6b7d4e5de78", "图片标题2": NaN, "图片地址2": NaN, "图片标题3": NaN, "图片地址3": NaN}
{"名称": "惠普园内部地面停车场", "地址": "西园一路28号附2号", "城市": "重庆市", "标签": "交通设施服务;停车场;专用停车场", "区域名称": "沙坪坝区", "经度": 106.367541, "纬度": 29.600025, "电话": NaN, "图片标题1": NaN, "图片地址1": NaN, "图片标题2": NaN, "图片地址2": NaN, "图片标题3": NaN, "图片地址3": NaN}
{"名称": "融汇.温泉城C区停车场", "地址": "杨梨路融汇温泉城·圣地亚南区", "城市": "重庆市", "标签": "交通设施服务;停车场;公共停车场", "区域名称": "沙坪坝区", "经度": 106.440571, "纬度": 29.55262, "电话": NaN, "图片标题1": NaN, "图片地址1": NaN, "图片标题2": NaN, "图片地址2": NaN, "图片标题3": NaN, "图片地址3": NaN}
{"名称": "北麓国际城A区停车场", "地址": "景阳路北麓国际城-A区", "城市": "重庆市", "标签": "交通设施服务;停车场;专用停车场", "区域名称": "沙坪坝区", "经度": 106.311943, "纬度": 29.586492, "电话": NaN, "图片标题1": NaN, "图片地址1": "http://store.is.autonavi.com/showpic/0d3b86011295c4520a3982307564556e", "图片标题2": NaN, "图片地址2": NaN, "图片标题3": NaN, "图片地址3": NaN}
{"名称": "道路停车位", "地址": "中新路与中土路交叉口东北100米", "城市": "重庆市", "标签": "交通设施服务;停车场;路边停车场", "区域名称": "沙坪坝区", "经度": 106.412685, "纬度": 29.639884, "电话": NaN, "图片标题1": NaN, "图片地址1": NaN, "图片标题2": NaN, "图片地址2": NaN, "图片标题3": NaN, "图片地址3": NaN}
{"名称": "歌乐山烈士陵园停车场", "地址": "烈士墓政法三村", "城市": "重庆市", "标签": "交通设施服务;停车场;公共停车场", "区域名称": "沙坪坝区", "经度": 106.440977, "纬度": 29.572294, "电话": NaN, "图片标题1": NaN, "图片地址1": "http://store.is.autonavi.com/showpic/5055081daf06fee860637c79d8938266", "图片标题2": NaN, "图片地址2": NaN, "图片标题3": NaN, "图片地址3": NaN}
{"名称": "重庆轨道交通停车场", "地址": "大学城北路与大学城中路交叉口东160米", "城市": "重庆市", "标签": "交通设施服务;停车场;公共停车场", "区域名称": "沙坪坝区", "经度": 106.30985, "纬度": 29.60774, "电话": NaN, "图片标题1": NaN, "图片地址1": "http://store.is.autonavi.com/showpic/ddcf0d990f90a703c3bf8c036fe5bcaf", "图片标题2": NaN, "图片地址2": NaN, "图片标题3": NaN, "图片地址3": NaN}
{"名称": "歌乐山园林公墓停车场", "地址": "歌乐山街道刘家村附近", "城市": "重庆市", "标签": "交通设施服务;停车场;公共停车场", "区域名称": "沙坪坝区", "经度": 106.418204, "纬度": 29.548031, "电话": NaN, "图片标题1": NaN, "图片地址1": NaN, "图片标题2": NaN, "图片地址2": NaN, "图片标题3": NaN, "图片地址3": NaN}
{"名称": "道路停车位", "地址": "凤天大道137号凤林戎居", "城市": "重庆市", "标签": "交通设施服务;停车场;路边停车场", "区域名称": "沙坪坝区", "经度": 106.457258, "纬度": 29.529369, "电话": NaN, "图片标题1": NaN, "图片地址1": NaN, "图片标题2": NaN, "图片地址2": NaN, "图片标题3": NaN, "图片地址3": NaN}
{"名称": "道路停车位", "地址": "凤天大道65-17号附近", "城市": "重庆市", "标签": "交通设施服务;停车场;路边停车场", "区域名称": "沙坪坝区", "经度": 106.456838, "纬度": 29.529991, "电话": NaN, "图片标题1": NaN, "图片地址1": "http://store.is.autonavi.com/showpic/418788a2ebf1a7ed29082a6f818d5633", "图片标题2": NaN, "图片地址2": "http://store.is.autonavi.com/showpic/e66ce0c93d15e4ac029ea8402fa70fba", "图片标题3": NaN, "图片地址3": "http://store.is.autonavi.com/showpic/be6c3d61f2d5bed8503f166b2a285417"}
{"名称": "鸿兴大厦停车场", "地址": "工人街49-8号鸿兴大厦", "城市": "重庆市", "标签": "交通设施服务;停车场;公共停车场", "区域名称": "沙坪坝区", "经度": 106.47042, "纬度": 29.557371, "电话": NaN, "图片标题1": NaN, "图片地址1": "http://store.is.autonavi.com/showpic/564c45a7a310db76f34585e9", "图片标题2": NaN, "图片地址2": "http://store.is.autonavi.com/showpic/558134f6a3109f1e8a1d8161", "图片标题3": NaN, "图片地址3": "http://store.is.autonavi.com/showpic/558134f6a3109f1e8a1d815f"}
{"名称": "蒙恩堂停车场", "地址": "歌乐山北街与保育路交叉口南200米", "城市": "重庆市", "标签": "交通设施服务;停车场;路边停车场", "区域名称": "沙坪坝区", "经度": 106.419087, "纬度": 29.569831, "电话": NaN, "图片标题1": NaN, "图片地址1": "http://store.is.autonavi.com/showpic/521e04f42cb09b2cd8ebad157a3d6925", "图片标题2": NaN, "图片地址2": NaN, "图片标题3": NaN, "图片地址3": NaN}
{"名称": "停车场(首创城东北)", "地址": "嘉汇路首创城", "城市": "重庆市", "标签": "交通设施服务;停车场;路边停车场", "区域名称": "沙坪坝区", "经度": 106.450804, "纬度": 29.604691, "电话": NaN, "图片标题1": NaN, "图片地址1": NaN, "图片标题2": NaN, "图片地址2": NaN, "图片标题3": NaN, "图片地址3": NaN}
{"名称": "道路停车位", "地址": "沙滨路9-附36号附近", "城市": "重庆市", "标签": "交通设施服务;停车场;路边停车场", "区域名称": "沙坪坝区", "经度": 106.482131, "纬度": 29.554663, "电话": NaN, "图片标题1": NaN, "图片地址1": NaN, "图片标题2": NaN, "图片地址2": NaN, "图片标题3": NaN, "图片地址3": NaN}
{"名称": "显丰大道-道路停车位", "地址": "显丰大道74-16号附近", "城市": "重庆市", "标签": "交通设施服务;停车场;路边停车场", "区域名称": "沙坪坝区", "经度": 106.473242, "纬度": 29.542846, "电话": NaN, "图片标题1": NaN, "图片地址1": NaN, "图片标题2": NaN, "图片地址2": NaN, "图片标题3": NaN, "图片地址3": NaN}
{"名称": "富洲路-道路停车位", "地址": "富洲路与石小路交叉口东北280米", "城市": "重庆市", "标签": "交通设施服务;停车场;路边停车场", "区域名称": "沙坪坝区", "经度": 106.472952, "纬度": 29.537366, "电话": NaN, "图片标题1": NaN, "图片地址1": NaN, "图片标题2": NaN, "图片地址2": NaN, "图片标题3": NaN, "图片地址3": NaN}
{"名称": "富洲路-道路停车位", "地址": "富洲路东50米", "城市": "重庆市", "标签": "交通设施服务;停车场;路边停车场", "区域名称": "沙坪坝区", "经度": 106.474464, "纬度": 29.539853, "电话": NaN, "图片标题1": NaN, "图片地址1": "http://store.is.autonavi.com/showpic/06fb3f7e76723624f35f3756ebb76f60", "图片标题2": NaN, "图片地址2": "http://store.is.autonavi.com/showpic/37abd76a32ec88ea1da77a2d4b9dc79d", "图片标题3": NaN, "图片地址3": "http://store.is.autonavi.com/showpic/fff4d9ea432e7a6e79053c4817916ebd"}
{"名称": "道路停车位", "地址": "朝阳路12-30号附近", "城市": "重庆市", "标签": "交通设施服务;停车场;路边停车场", "区域名称": "沙坪坝区", "经度": 106.452015, "纬度": 29.527717, "电话": NaN, "图片标题1": NaN, "图片地址1": "http://store.is.autonavi.com/showpic/56b1b1d3a310218d5b4b7d69", "图片标题2": NaN, "图片地址2": NaN, "图片标题3": NaN, "图片地址3": NaN}
{"名称": "道路停车位", "地址": "凤天大道华彩俊豪支路", "城市": "重庆市", "标签": "交通设施服务;停车场;路边停车场", "区域名称": "沙坪坝区", "经度": 106.451925, "纬度": 29.527728, "电话": NaN, "图片标题1": NaN, "图片地址1": "http://store.is.autonavi.com/showpic/2e3b5a72b5cb7834d760414c33e369e4", "图片标题2": NaN, "图片地址2": NaN, "图片标题3": NaN, "图片地址3": NaN}
{"名称": "富州新城D街区停车场", "地址": "富洲路5号附1号", "城市": "重庆市", "标签": "交通设施服务;停车场;专用停车场", "区域名称": "沙坪坝区", "经度": 106.476257, "纬度": 29.541814, "电话": NaN, "图片标题1": NaN, "图片地址1": "http://store.is.autonavi.com/showpic/8b0b884ab18056beaf364153df450eae", "图片标题2": NaN, "图片地址2": NaN, "图片标题3": NaN, "图片地址3": NaN}
{"名称": "道路停车位", "地址": "房屋管理局沙坪坝房管所西", "城市": "重庆市", "标签": "交通设施服务;停车场;专用停车场", "区域名称": "沙坪坝区", "经度": 106.462921, "纬度": 29.565323, "电话": NaN, "图片标题1": NaN, "图片地址1": "http://store.is.autonavi.com/showpic/eda583e262b26f764783e1a3e826d513", "图片标题2": NaN, "图片地址2": NaN, "图片标题3": NaN, "图片地址3": NaN}
{"名称": "道路停车位", "地址": "凤天大道124附36-42号附近", "城市": "重庆市", "标签": "交通设施服务;停车场;路边停车场", "区域名称": "沙坪坝区", "经度": 106.453394, "纬度": 29.529374, "电话": NaN, "图片标题1": NaN, "图片地址1": "http://store.is.autonavi.com/showpic/56b1b1cea310218d5b4b7a52", "图片标题2": NaN, "图片地址2": "http://store.is.autonavi.com/showpic/56b1b1d5a310218d5b4b7e8f", "图片标题3": NaN, "图片地址3": "http://store.is.autonavi.com/showpic/56b1b1d5a310218d5b4b7e8b"}
{"名称": "道路停车位", "地址": "沙滨路(金沙港湾A区)", "城市": "重庆市", "标签": "交通设施服务;停车场;路边停车场", "区域名称": "沙坪坝区", "经度": 106.480457, "纬度": 29.558234, "电话": NaN, "图片标题1": NaN, "图片地址1": NaN, "图片标题2": NaN, "图片地址2": NaN, "图片标题3": NaN, "图片地址3": NaN}
{"名称": "香榭街-道路停车位", "地址": "香榭街南方新城·北苑", "城市": "重庆市", "标签": "交通设施服务;停车场;路边停车场", "区域名称": "沙坪坝区", "经度": 106.482501, "纬度": 29.539557, "电话": NaN, "图片标题1": NaN, "图片地址1": NaN, "图片标题2": NaN, "图片地址2": NaN, "图片标题3": NaN, "图片地址3": NaN}
{"名称": "道路停车位", "地址": "汉渝路工人村49号附近(小龙坎地铁站1号口步行280米)", "城市": "重庆市", "标签": "交通设施服务;停车场;路边停车场", "区域名称": "沙坪坝区", "经度": 106.469518, "纬度": 29.555731, "电话": NaN, "图片标题1": NaN, "图片地址1": NaN, "图片标题2": NaN, "图片地址2": NaN, "图片标题3": NaN, "图片地址3": NaN}
{"名称": "道路停车位", "地址": "杨公桥立交与G75兰海高速交叉口西北140米", "城市": "重庆市", "标签": "交通设施服务;停车场;路边停车场", "区域名称": "沙坪坝区", "经度": 106.449024, "纬度": 29.559552, "电话": NaN, "图片标题1": NaN, "图片地址1": NaN, "图片标题2": NaN, "图片地址2": NaN, "图片标题3": NaN, "图片地址3": NaN}
{"名称": "道路停车位", "地址": "经纬大道1109号附5号", "城市": "重庆市", "标签": "交通设施服务;停车场;路边停车场", "区域名称": "沙坪坝区", "经度": 106.482189, "纬度": 29.542497, "电话": NaN, "图片标题1": NaN, "图片地址1": "http://store.is.autonavi.com/showpic/56b413a5a310218d5b4bef63", "图片标题2": NaN, "图片地址2": NaN, "图片标题3": NaN, "图片地址3": NaN}
{"名称": "道路停车位", "地址": "金磁路与溪景路交叉口北180米", "城市": "重庆市", "标签": "交通设施服务;停车场;路边停车场", "区域名称": "沙坪坝区", "经度": 106.447724, "纬度": 29.568473, "电话": NaN, "图片标题1": NaN, "图片地址1": NaN, "图片标题2": NaN, "图片地址2": NaN, "图片标题3": NaN, "图片地址3": NaN}
{"名称": "嘉江路-道路停车位", "地址": "嘉新路与嘉江路交叉口西北80米", "城市": "重庆市", "标签": "交通设施服务;停车场;路边停车场", "区域名称": "沙坪坝区", "经度": 106.455075, "纬度": 29.611381, "电话": NaN, "图片标题1": NaN, "图片地址1": NaN, "图片标题2": NaN, "图片地址2": NaN, "图片标题3": NaN, "图片地址3": NaN}
{"名称": "显丰大道-道路停车位", "地址": "经纬大道与显丰大道交叉口北40米", "城市": "重庆市", "标签": "交通设施服务;停车场;路边停车场", "区域名称": "沙坪坝区", "经度": 106.472508, "纬度": 29.541683, "电话": NaN, "图片标题1": NaN, "图片地址1": "http://store.is.autonavi.com/showpic/5694d100a310f9ed88117322", "图片标题2": NaN, "图片地址2": NaN, "图片标题3": NaN, "图片地址3": NaN}
{"名称": "道路停车位", "地址": "六洞村奋进路62号(双碑地铁站2号口步行270米)", "城市": "重庆市", "标签": "交通设施服务;停车场;路边停车场", "区域名称": "沙坪坝区", "经度": 106.445243, "纬度": 29.603762, "电话": NaN, "图片标题1": NaN, "图片地址1": NaN, "图片标题2": NaN, "图片地址2": NaN, "图片标题3": NaN, "图片地址3": NaN}
{"名称": "道路停车位", "地址": "双碑西立交与双碑街交叉口东240米", "城市": "重庆市", "标签": "交通设施服务;停车场;路边停车场", "区域名称": "沙坪坝区", "经度": 106.445199, "纬度": 29.604915, "电话": NaN, "图片标题1": NaN, "图片地址1": NaN, "图片标题2": NaN, "图片地址2": NaN, "图片标题3": NaN, "图片地址3": NaN}
{"名称": "道路停车位", "地址": "嘉勤路鼎盛山水(双碑地铁站2号口步行210米)", "城市": "重庆市", "标签": "交通设施服务;停车场;路边停车场", "区域名称": "沙坪坝区", "经度": 106.445349, "纬度": 29.606986, "电话": NaN, "图片标题1": NaN, "图片地址1": "http://store.is.autonavi.com/showpic/d011c04af5d2f0165084017bc6bda735", "图片标题2": NaN, "图片地址2": NaN, "图片标题3": NaN, "图片地址3": NaN}
{"名称": "道路停车位", "地址": "双碑街与双碑西立交交叉口东北300米", "城市": "重庆市", "标签": "交通设施服务;停车场;路边停车场", "区域名称": "沙坪坝区", "经度": 106.445324, "纬度": 29.607428, "电话": NaN, "图片标题1": NaN, "图片地址1": NaN, "图片标题2": NaN, "图片地址2": NaN, "图片标题3": NaN, "图片地址3": NaN}
{"名称": "道路停车位", "地址": "凤天大道110-24号附近", "城市": "重庆市", "标签": "交通设施服务;停车场;路边停车场", "区域名称": "沙坪坝区", "经度": 106.455794, "纬度": 29.533287, "电话": NaN, "图片标题1": NaN, "图片地址1": "http://store.is.autonavi.com/showpic/a839c69cec6209219f897e19799af8e1", "图片标题2": "入口全貌_2", "图片地址2": "http://store.is.autonavi.com/showpic/05d2422c8dbb5887f7790a236ab295a0", "图片标题3": NaN, "图片地址3": "http://store.is.autonavi.com/showpic/ed0804ea6fbc99abfc29572f1e6e9e07"}
{"名称": "道路停车位", "地址": "凤天大道120附17号附近", "城市": "重庆市", "标签": "交通设施服务;停车场;路边停车场", "区域名称": "沙坪坝区", "经度": 106.453244, "纬度": 29.531668, "电话": NaN, "图片标题1": NaN, "图片地址1": "http://store.is.autonavi.com/showpic/148edb1fbb6924a6d39d920f932015e0", "图片标题2": NaN, "图片地址2": "http://store.is.autonavi.com/showpic/13954d092319a0dea7a29b8a1496aa27", "图片标题3": NaN, "图片地址3": "http://store.is.autonavi.com/showpic/56b1b1d6a310218d5b4b7ed1"}
{"名称": "道路停车位", "地址": "沙坪坝站西路88-附83号附近", "城市": "重庆市", "标签": "交通设施服务;停车场;路边停车场", "区域名称": "沙坪坝区", "经度": 106.447162, "纬度": 29.558923, "电话": NaN, "图片标题1": NaN, "图片地址1": NaN, "图片标题2": NaN, "图片地址2": NaN, "图片标题3": NaN, "图片地址3": NaN}
{"名称": "道路停车位", "地址": "凤天大道109号-附12号附近", "城市": "重庆市", "标签": "交通设施服务;停车场;路边停车场", "区域名称": "沙坪坝区", "经度": 106.456692, "纬度": 29.52812, "电话": NaN, "图片标题1": NaN, "图片地址1": "http://store.is.autonavi.com/showpic/355e1955312ddd1baeff4940c82107fc", "图片标题2": NaN, "图片地址2": "http://store.is.autonavi.com/showpic/aabff2c536a3bf58f53fa5f1cdce9e06", "图片标题3": NaN, "图片地址3": "http://store.is.autonavi.com/showpic/4ae0e26e9921f4918acb68e99cfce91e"}
{"名称": "沿河北路-道路停车位", "地址": "沿河北路与二开发区一横街交叉口东20米", "城市": "重庆市", "标签": "交通设施服务;停车场;路边停车场", "区域名称": "沙坪坝区", "经度": 106.338047, "纬度": 29.616565, "电话": NaN, "图片标题1": NaN, "图片地址1": NaN, "图片标题2": NaN, "图片地址2": NaN, "图片标题3": NaN, "图片地址3": NaN}
{"名称": "陈西路-道路停车位", "地址": "陈青路与陈东路交叉口西160米", "城市": "重庆市", "标签": "交通设施服务;停车场;路边停车场", "区域名称": "沙坪坝区", "经度": 106.33137, "纬度": 29.619087, "电话": NaN, "图片标题1": NaN, "图片地址1": NaN, "图片标题2": NaN, "图片地址2": NaN, "图片标题3": NaN, "图片地址3": NaN}
{"名称": "桥北一路-道路停车位", "地址": "桥北一路与桥北路交叉口西80米", "城市": "重庆市", "标签": "交通设施服务;停车场;路边停车场", "区域名称": "沙坪坝区", "经度": 106.336837, "纬度": 29.621856, "电话": NaN, "图片标题1": NaN, "图片地址1": NaN, "图片标题2": NaN, "图片地址2": NaN, "图片标题3": NaN, "图片地址3": NaN}
{"名称": "至德路-道路停车位", "地址": "至德路与大学城东路交叉口西100米", "城市": "重庆市", "标签": "交通设施服务;停车场;路边停车场", "区域名称": "沙坪坝区", "经度": 106.320069, "纬度": 29.611082, "电话": NaN, "图片标题1": NaN, "图片地址1": NaN, "图片标题2": NaN, "图片地址2": NaN, "图片标题3": NaN, "图片地址3": NaN}
{"名称": "至德路-道路停车位", "地址": "至德路与景辉路交叉口东100米", "城市": "重庆市", "标签": "交通设施服务;停车场;路边停车场", "区域名称": "沙坪坝区", "经度": 106.317438, "纬度": 29.611078, "电话": NaN, "图片标题1": NaN, "图片地址1": NaN, "图片标题2": NaN, "图片地址2": NaN, "图片标题3": NaN, "图片地址3": NaN}
{"名称": "景铮路-道路停车位", "地址": "景铮路与盛德路交叉口北300米", "城市": "重庆市", "标签": "交通设施服务;停车场;路边停车场", "区域名称": "沙坪坝区", "经度": 106.319182, "纬度": 29.616998, "电话": NaN, "图片标题1": NaN, "图片地址1": NaN, "图片标题2": NaN, "图片地址2": NaN, "图片标题3": NaN, "图片地址3": NaN}
{"名称": "道路停车位", "地址": "曾泰路与春阳路交叉口西80米", "城市": "重庆市", "标签": "交通设施服务;停车场;路边停车场", "区域名称": "沙坪坝区", "经度": 106.30224, "纬度": 29.561162, "电话": NaN, "图片标题1": NaN, "图片地址1": NaN, "图片标题2": NaN, "图片地址2": NaN, "图片标题3": NaN, "图片地址3": NaN}
{"名称": "道路停车位", "地址": "大学城南二路166号附近", "城市": "重庆市", "标签": "交通设施服务;停车场;路边停车场", "区域名称": "沙坪坝区", "经度": 106.288955, "纬度": 29.581233, "电话": NaN, "图片标题1": NaN, "图片地址1": NaN, "图片标题2": NaN, "图片地址2": NaN, "图片标题3": NaN, "图片地址3": NaN}
{"名称": "龙湖·U城停车场", "地址": "大学城北路94号(尖顶坡地铁站1号口步行300米)", "城市": "重庆市", "标签": "交通设施服务;停车场;专用停车场", "区域名称": "沙坪坝区", "经度": 106.290397, "纬度": 29.607837, "电话": NaN, "图片标题1": NaN, "图片地址1": "http://store.is.autonavi.com/showpic/8b2b7c2dac0f10b83557429f2d60a8bf", "图片标题2": NaN, "图片地址2": NaN, "图片标题3": NaN, "图片地址3": NaN}
{"名称": "道路停车位", "地址": "纵五路附近", "城市": "重庆市", "标签": "交通设施服务;停车场;路边停车场", "区域名称": "沙坪坝区", "经度": 106.28466, "纬度": 29.592319, "电话": NaN, "图片标题1": NaN, "图片地址1": NaN, "图片标题2": NaN, "图片地址2": NaN, "图片标题3": NaN, "图片地址3": NaN}
{"名称": "道路停车位", "地址": "学智路717号宝嘉花与山附近", "城市": "重庆市", "标签": "交通设施服务;停车场;路边停车场", "区域名称": "沙坪坝区", "经度": 106.283069, "纬度": 29.592366, "电话": NaN, "图片标题1": NaN, "图片地址1": NaN, "图片标题2": NaN, "图片地址2": NaN, "图片标题3": NaN, "图片地址3": NaN}
{"名称": "道路停车位", "地址": "G5001重庆绕城高速附近", "城市": "重庆市", "标签": "交通设施服务;停车场;路边停车场", "区域名称": "沙坪坝区", "经度": 106.283785, "纬度": 29.592261, "电话": NaN, "图片标题1": NaN, "图片地址1": NaN, "图片标题2": NaN, "图片地址2": NaN, "图片标题3": NaN, "图片地址3": NaN}
{"名称": "道路停车位", "地址": "银昆高速宝嘉花与山", "城市": "重庆市", "标签": "交通设施服务;停车场;路边停车场", "区域名称": "沙坪坝区", "经度": 106.280467, "纬度": 29.592298, "电话": NaN, "图片标题1": NaN, "图片地址1": NaN, "图片标题2": NaN, "图片地址2": NaN, "图片标题3": NaN, "图片地址3": NaN}
{"名称": "阿兴记小洞天停车场", "地址": "天马路75号", "城市": "重庆市", "标签": "交通设施服务;停车场;公共停车场", "区域名称": "沙坪坝区", "经度": 106.458454, "纬度": 29.540216, "电话": NaN, "图片标题1": NaN, "图片地址1": "http://store.is.autonavi.com/showpic/55deb356a31051576112d2b0", "图片标题2": NaN, "图片地址2": "http://store.is.autonavi.com/showpic/55deb356a31051576112d2ae", "图片标题3": NaN, "图片地址3": "http://store.is.autonavi.com/showpic/55deb356a31051576112d2c5"}
{"名称": "升伟桓安酒店停车场", "地址": "天马路73号", "城市": "重庆市", "标签": "交通设施服务;停车场;公共停车场", "区域名称": "沙坪坝区", "经度": 106.458454, "纬度": 29.540216, "电话": NaN, "图片标题1": NaN, "图片地址1": "http://store.is.autonavi.com/showpic/55deb356a31051576112d2a4", "图片标题2": NaN, "图片地址2": "http://store.is.autonavi.com/showpic/55deb356a31051576112d2a6", "图片标题3": NaN, "图片地址3": "http://store.is.autonavi.com/showpic/55deb356a31051576112d2bc"}
{"名称": "重庆大学停车场", "地址": "汉渝路18号杏坛苑小区", "城市": "重庆市", "标签": "交通设施服务;停车场;专用停车场", "区域名称": "沙坪坝区", "经度": 106.470343, "纬度": 29.566281, "电话": NaN, "图片标题1": NaN, "图片地址1": NaN, "图片标题2": NaN, "图片地址2": NaN, "图片标题3": NaN, "图片地址3": NaN}
{"名称": "停车场(沙中路)", "地址": "沙中路重庆大学国家大学科技园", "城市": "重庆市", "标签": "交通设施服务;停车场;专用停车场", "区域名称": "沙坪坝区", "经度": 106.468269, "纬度": 29.561431, "电话": NaN, "图片标题1": NaN, "图片地址1": "http://store.is.autonavi.com/showpic/565689ffa3104425a5b6ad5b", "图片标题2": NaN, "图片地址2": "http://store.is.autonavi.com/showpic/57173d747ac63a0cf2eaa943", "图片标题3": NaN, "图片地址3": NaN}
{"名称": "奥林娇子停车场", "地址": "汉渝路工人村64号附5号(小龙坎地铁站1号口步行420米)", "城市": "重庆市", "标签": "交通设施服务;停车场;路边停车场", "区域名称": "沙坪坝区", "经度": 106.467893, "纬度": 29.556877, "电话": NaN, "图片标题1": NaN, "图片地址1": "http://store.is.autonavi.com/showpic/558134e8a3109f1e8a1d7dec", "图片标题2": NaN, "图片地址2": "http://store.is.autonavi.com/showpic/84f7b73487f62535c263790b180b809b", "图片标题3": NaN, "图片地址3": "http://store.is.autonavi.com/showpic/564c459ea310db76f34583d2"}
{"名称": "重庆大学停车场(毕业大道)", "地址": "沙坪坝正街174号重庆大学", "城市": "重庆市", "标签": "交通设施服务;停车场;专用停车场", "区域名称": "沙坪坝区", "经度": 106.471616, "纬度": 29.564589, "电话": NaN, "图片标题1": NaN, "图片地址1": NaN, "图片标题2": NaN, "图片地址2": NaN, "图片标题3": NaN, "图片地址3": NaN}
{"名称": "停车场(尚城国际西南)", "地址": "小龙坎新街44号正东方向160米", "城市": "重庆市", "标签": "交通设施服务;停车场;公共停车场", "区域名称": "沙坪坝区", "经度": 106.467218, "纬度": 29.556264, "电话": NaN, "图片标题1": NaN, "图片地址1": "http://store.is.autonavi.com/showpic/54bc4c861515de712485d6ef3a552776", "图片标题2": NaN, "图片地址2": "http://store.is.autonavi.com/showpic/51b27b386648bacbc869bdbc19a0b096", "图片标题3": NaN, "图片地址3": "http://store.is.autonavi.com/showpic/ff1f592937f71640f6328f199f53a8d8"}
{"名称": "重庆大学(A区)-停车场", "地址": "沙坪坝正街电力局沙大院(重庆大学地铁站3号口步行430米)", "城市": "重庆市", "标签": "交通设施服务;停车场;路边停车场", "区域名称": "沙坪坝区", "经度": 106.46405, "纬度": 29.56415, "电话": NaN, "图片标题1": NaN, "图片地址1": "http://store.is.autonavi.com/showpic/bba1a02d51a57b22db019c77c4a7174e", "图片标题2": NaN, "图片地址2": "http://store.is.autonavi.com/showpic/cf84dd7eea9c2ec450763db92a293115", "图片标题3": NaN, "图片地址3": "http://store.is.autonavi.com/showpic/6068b5cdf001c4ec5b1955cd652bf463"}
