{"名称": "重庆西站", "地址": "新桥街道凤中路168号(重庆西站地铁站2号口步行420米)", "城市": "重庆市", "标签": "交通设施服务;火车站;火车站", "区域名称": "沙坪坝区", "经度": 106.436604, "纬度": 29.500308, "电话": NaN, "图片标题1": NaN, "图片地址1": "http://store.is.autonavi.com/showpic/8847f296a07b786738e5596456dca1e3", "图片标题2": NaN, "图片地址2": "http://store.is.autonavi.com/showpic/7cf691aac1db3ba21303ba150a7f66d2", "图片标题3": NaN, "图片地址3": "http://store.is.autonavi.com/showpic/a5716615c17b78d297ff244bd5a26e87"}
{"名称": "沙坪坝站", "地址": "北站东路200号(沙坪坝地铁站7号口步行160米)", "城市": "重庆市", "标签": "交通设施服务;火车站;火车站", "区域名称": "沙坪坝区", "经度": 106.460664, "纬度": 29.554128, "电话": NaN, "图片标题1": NaN, "图片地址1": "https://aos-comment.amap.com/B0FFFGQ5M8/headerImg/5a49cafa1ca64091b070f3c9ef2c279e_2048_2048_80.jpg", "图片标题2": NaN, "图片地址2": "http://aos-cdn-image.amap.com/sns/ugccomment/b2fe86e8-d5a5-4048-8b90-02b59777144f.jpg", "图片标题3": NaN, "图片地址3": "https://aos-comment.amap.com/B0FFFGQ5M8/headerImg/39bf73f4db2ae3e2f4561172d6903997_2048_2048_80.jpg"}
{"名称": "团结村站", "地址": NaN, "城市": "重庆市", "标签": "交通设施服务;火车站;货运火车站", "区域名称": "沙坪坝区", "经度": 106.379597, "纬度": 29.639492, "电话": NaN, "图片标题1": NaN, "图片地址1": "http://store.is.autonavi.com/showpic/65184ebec74630d4931a9982ddad8221", "图片标题2": NaN, "图片地址2": "http://store.is.autonavi.com/showpic/ac9f15b4bcda546fde4036a33878a8c7", "图片标题3": NaN, "图片地址3": NaN}
{"名称": "井口站", "地址": NaN, "城市": "重庆市", "标签": "交通设施服务;火车站;货运火车站", "区域名称": "沙坪坝区", "经度": 106.459495, "纬度": 29.654002, "电话": NaN, "图片标题1": NaN, "图片地址1": NaN, "图片标题2": NaN, "图片地址2": NaN, "图片标题3": NaN, "图片地址3": NaN}
{"名称": "重庆西站1站台", "地址": "新桥街道凤中路168号重庆西站1F层", "城市": "重庆市", "标签": "交通设施服务;火车站;站台", "区域名称": "沙坪坝区", "经度": 106.437486, "纬度": 29.500239, "电话": NaN, "图片标题1": NaN, "图片地址1": NaN, "图片标题2": NaN, "图片地址2": NaN, "图片标题3": NaN, "图片地址3": NaN}
{"名称": "重庆西站(4B-5B检票口)", "地址": "新桥街道凤中路168号重庆西站2F层", "城市": "重庆市", "标签": "交通设施服务;火车站;进站口/检票口", "区域名称": "沙坪坝区", "经度": 106.436928, "纬度": 29.500498, "电话": NaN, "图片标题1": NaN, "图片地址1": NaN, "图片标题2": NaN, "图片地址2": NaN, "图片标题3": NaN, "图片地址3": NaN}
{"名称": "重庆西站公安制证窗口", "地址": "新桥街道凤中路168号重庆西站1F层", "城市": "重庆市", "标签": "交通设施服务;火车站;公安制证", "区域名称": "沙坪坝区", "经度": 106.437887, "纬度": 29.499311, "电话": NaN, "图片标题1": NaN, "图片地址1": NaN, "图片标题2": NaN, "图片地址2": NaN, "图片标题3": NaN, "图片地址3": NaN}
{"名称": "重庆西站补票处", "地址": "新桥街道凤中路168号重庆西站B2层", "城市": "重庆市", "标签": "交通设施服务;火车站;票务相关", "区域名称": "沙坪坝区", "经度": 106.437696, "纬度": 29.500069, "电话": NaN, "图片标题1": NaN, "图片地址1": NaN, "图片标题2": NaN, "图片地址2": NaN, "图片标题3": NaN, "图片地址3": NaN}
{"名称": "重庆西站4-5站台", "地址": "新桥街道凤中路168号重庆西站1F层", "城市": "重庆市", "标签": "交通设施服务;火车站;站台", "区域名称": "沙坪坝区", "经度": 106.436929, "纬度": 29.500858, "电话": NaN, "图片标题1": NaN, "图片地址1": NaN, "图片标题2": NaN, "图片地址2": NaN, "图片标题3": NaN, "图片地址3": NaN}
{"名称": "重庆西站2-3站台", "地址": "新桥街道凤中路168号重庆西站1F层", "城市": "重庆市", "标签": "交通设施服务;火车站;站台", "区域名称": "沙坪坝区", "经度": 106.437165, "纬度": 29.50082, "电话": NaN, "图片标题1": NaN, "图片地址1": NaN, "图片标题2": NaN, "图片地址2": NaN, "图片标题3": NaN, "图片地址3": NaN}
{"名称": "重庆西站贵宾厅", "地址": "凤中路168号重庆西站左侧高架下方", "城市": "重庆市", "标签": "交通设施服务;火车站;候车室", "区域名称": "沙坪坝区", "经度": 106.43686, "纬度": 29.498955, "电话": NaN, "图片标题1": NaN, "图片地址1": NaN, "图片标题2": NaN, "图片地址2": NaN, "图片标题3": NaN, "图片地址3": NaN}
{"名称": "歌乐山站", "地址": "茅山峡公路北150米", "城市": "重庆市", "标签": "交通设施服务;火车站;货运火车站", "区域名称": "沙坪坝区", "经度": 106.43776, "纬度": 29.624506, "电话": NaN, "图片标题1": NaN, "图片地址1": NaN, "图片标题2": NaN, "图片地址2": NaN, "图片标题3": NaN, "图片地址3": NaN}
{"名称": "重庆西站商务座专用通道3(2F·北)", "地址": "凤中路168号重庆西站2层北侧", "城市": "重庆市", "标签": "交通设施服务;火车站;候车室", "区域名称": "沙坪坝区", "经度": 106.436595, "纬度": 29.50093, "电话": NaN, "图片标题1": NaN, "图片地址1": NaN, "图片标题2": NaN, "图片地址2": NaN, "图片标题3": NaN, "图片地址3": NaN}
{"名称": "重庆西站1重点旅客", "地址": "新桥街道凤中路168号重庆西站1F层", "城市": "重庆市", "标签": "交通设施服务;火车站;票务相关", "区域名称": "沙坪坝区", "经度": 106.437899, "纬度": 29.49984, "电话": NaN, "图片标题1": NaN, "图片地址1": NaN, "图片标题2": NaN, "图片地址2": NaN, "图片标题3": NaN, "图片地址3": NaN}
{"名称": "重庆西站34售票窗口", "地址": "新桥街道凤中路168号重庆西站2F层", "城市": "重庆市", "标签": "交通设施服务;火车站;票务相关", "区域名称": "沙坪坝区", "经度": 106.435063, "纬度": 29.500999, "电话": NaN, "图片标题1": NaN, "图片地址1": NaN, "图片标题2": NaN, "图片地址2": NaN, "图片标题3": NaN, "图片地址3": NaN}
{"名称": "重庆西站3退票窗口", "地址": "新桥街道凤中路168号重庆西站1F层", "城市": "重庆市", "标签": "交通设施服务;火车站;退票", "区域名称": "沙坪坝区", "经度": 106.437837, "纬度": 29.499805, "电话": NaN, "图片标题1": NaN, "图片地址1": NaN, "图片标题2": NaN, "图片地址2": NaN, "图片标题3": NaN, "图片地址3": NaN}
{"名称": "重庆西站铁路售票处3(2F·北)", "地址": "新桥街道凤中路168号重庆西站2F层", "城市": "重庆市", "标签": "交通设施服务;火车站;售票|生活服务;售票处;售票处", "区域名称": "沙坪坝区", "经度": 106.435199, "纬度": 29.501056, "电话": NaN, "图片标题1": NaN, "图片地址1": NaN, "图片标题2": NaN, "图片地址2": NaN, "图片标题3": NaN, "图片地址3": NaN}
{"名称": "重庆西站自动售票处2(2F·南)", "地址": "新桥街道凤中路168号重庆西站2F层", "城市": "重庆市", "标签": "交通设施服务;火车站;售票|生活服务;售票处;售票处", "区域名称": "沙坪坝区", "经度": 106.436161, "纬度": 29.499696, "电话": NaN, "图片标题1": NaN, "图片地址1": NaN, "图片标题2": NaN, "图片地址2": NaN, "图片标题3": NaN, "图片地址3": NaN}
{"名称": "重庆西站2值班/售票窗口", "地址": "新桥街道凤中路168号重庆西站1F层", "城市": "重庆市", "标签": "交通设施服务;火车站;票务相关", "区域名称": "沙坪坝区", "经度": 106.437894, "纬度": 29.499823, "电话": NaN, "图片标题1": NaN, "图片地址1": NaN, "图片标题2": NaN, "图片地址2": NaN, "图片标题3": NaN, "图片地址3": NaN}
{"名称": "重庆西站35改签退票窗口", "地址": "新桥街道凤中路168号重庆西站2F层", "城市": "重庆市", "标签": "交通设施服务;火车站;票务相关", "区域名称": "沙坪坝区", "经度": 106.435084, "纬度": 29.500999, "电话": NaN, "图片标题1": NaN, "图片地址1": NaN, "图片标题2": NaN, "图片地址2": NaN, "图片标题3": NaN, "图片地址3": NaN}
{"名称": "重庆西站6-7站台", "地址": "新桥街道凤中路168号重庆西站1F层", "城市": "重庆市", "标签": "交通设施服务;火车站;站台", "区域名称": "沙坪坝区", "经度": 106.436625, "纬度": 29.50084, "电话": NaN, "图片标题1": NaN, "图片地址1": NaN, "图片标题2": NaN, "图片地址2": NaN, "图片标题3": NaN, "图片地址3": NaN}
{"名称": "重庆西站(验票口)", "地址": "新桥街道凤中路168号重庆西站1F层", "城市": "重庆市", "标签": "交通设施服务;火车站;进站口/检票口", "区域名称": "沙坪坝区", "经度": 106.438131, "纬度": 29.500332, "电话": NaN, "图片标题1": NaN, "图片地址1": "http://store.is.autonavi.com/showpic/410ac7a5bc01ecef3c7806f62e70d95c", "图片标题2": NaN, "图片地址2": NaN, "图片标题3": NaN, "图片地址3": NaN}
{"名称": "重庆西站(1A检票口)", "地址": "新桥街道凤中路168号重庆西站2F层", "城市": "重庆市", "标签": "交通设施服务;火车站;进站口/检票口", "区域名称": "沙坪坝区", "经度": 106.437446, "纬度": 29.500038, "电话": NaN, "图片标题1": NaN, "图片地址1": NaN, "图片标题2": NaN, "图片地址2": NaN, "图片标题3": NaN, "图片地址3": NaN}
{"名称": "重庆西站(1B检票口)", "地址": "新桥街道凤中路168号重庆西站2F层", "城市": "重庆市", "标签": "交通设施服务;火车站;进站口/检票口", "区域名称": "沙坪坝区", "经度": 106.437526, "纬度": 29.500453, "电话": NaN, "图片标题1": NaN, "图片地址1": NaN, "图片标题2": NaN, "图片地址2": NaN, "图片标题3": NaN, "图片地址3": NaN}
{"名称": "重庆西站(验票口)", "地址": "新桥街道凤中路168号重庆西站2F层", "城市": "重庆市", "标签": "交通设施服务;火车站;进站口/检票口", "区域名称": "沙坪坝区", "经度": 106.43605, "纬度": 29.501016, "电话": NaN, "图片标题1": NaN, "图片地址1": NaN, "图片标题2": NaN, "图片地址2": NaN, "图片标题3": NaN, "图片地址3": NaN}
{"名称": "重庆西站", "地址": "新桥街道凤中路168号(重庆西站地铁站2号口步行420米)", "城市": "重庆市", "标签": "交通设施服务;火车站;火车站", "区域名称": "沙坪坝区", "经度": 106.436604, "纬度": 29.500308, "电话": NaN, "图片标题1": NaN, "图片地址1": "http://store.is.autonavi.com/showpic/8847f296a07b786738e5596456dca1e3", "图片标题2": NaN, "图片地址2": "http://store.is.autonavi.com/showpic/7cf691aac1db3ba21303ba150a7f66d2", "图片标题3": NaN, "图片地址3": "http://store.is.autonavi.com/showpic/a5716615c17b78d297ff244bd5a26e87"}
{"名称": "沙坪坝站", "地址": "北站东路200号(沙坪坝地铁站7号口步行160米)", "城市": "重庆市", "标签": "交通设施服务;火车站;火车站", "区域名称": "沙坪坝区", "经度": 106.460664, "纬度": 29.554128, "电话": NaN, "图片标题1": NaN, "图片地址1": "https://aos-comment.amap.com/B0FFFGQ5M8/headerImg/5a49cafa1ca64091b070f3c9ef2c279e_2048_2048_80.jpg", "图片标题2": NaN, "图片地址2": "http://aos-cdn-image.amap.com/sns/ugccomment/b2fe86e8-d5a5-4048-8b90-02b59777144f.jpg", "图片标题3": NaN, "图片地址3": "https://aos-comment.amap.com/B0FFFGQ5M8/headerImg/39bf73f4db2ae3e2f4561172d6903997_2048_2048_80.jpg"}
{"名称": "团结村站", "地址": NaN, "城市": "重庆市", "标签": "交通设施服务;火车站;货运火车站", "区域名称": "沙坪坝区", "经度": 106.379597, "纬度": 29.639492, "电话": NaN, "图片标题1": NaN, "图片地址1": "http://store.is.autonavi.com/showpic/65184ebec74630d4931a9982ddad8221", "图片标题2": NaN, "图片地址2": "http://store.is.autonavi.com/showpic/ac9f15b4bcda546fde4036a33878a8c7", "图片标题3": NaN, "图片地址3": NaN}
{"名称": "井口站", "地址": NaN, "城市": "重庆市", "标签": "交通设施服务;火车站;货运火车站", "区域名称": "沙坪坝区", "经度": 106.459495, "纬度": 29.654002, "电话": NaN, "图片标题1": NaN, "图片地址1": NaN, "图片标题2": NaN, "图片地址2": NaN, "图片标题3": NaN, "图片地址3": NaN}
{"名称": "重庆西站1站台", "地址": "新桥街道凤中路168号重庆西站1F层", "城市": "重庆市", "标签": "交通设施服务;火车站;站台", "区域名称": "沙坪坝区", "经度": 106.437486, "纬度": 29.500239, "电话": NaN, "图片标题1": NaN, "图片地址1": NaN, "图片标题2": NaN, "图片地址2": NaN, "图片标题3": NaN, "图片地址3": NaN}
{"名称": "重庆西站(4B-5B检票口)", "地址": "新桥街道凤中路168号重庆西站2F层", "城市": "重庆市", "标签": "交通设施服务;火车站;进站口/检票口", "区域名称": "沙坪坝区", "经度": 106.436928, "纬度": 29.500498, "电话": NaN, "图片标题1": NaN, "图片地址1": NaN, "图片标题2": NaN, "图片地址2": NaN, "图片标题3": NaN, "图片地址3": NaN}
{"名称": "重庆西站公安制证窗口", "地址": "新桥街道凤中路168号重庆西站1F层", "城市": "重庆市", "标签": "交通设施服务;火车站;公安制证", "区域名称": "沙坪坝区", "经度": 106.437887, "纬度": 29.499311, "电话": NaN, "图片标题1": NaN, "图片地址1": NaN, "图片标题2": NaN, "图片地址2": NaN, "图片标题3": NaN, "图片地址3": NaN}
{"名称": "重庆西站补票处", "地址": "新桥街道凤中路168号重庆西站B2层", "城市": "重庆市", "标签": "交通设施服务;火车站;票务相关", "区域名称": "沙坪坝区", "经度": 106.437696, "纬度": 29.500069, "电话": NaN, "图片标题1": NaN, "图片地址1": NaN, "图片标题2": NaN, "图片地址2": NaN, "图片标题3": NaN, "图片地址3": NaN}
{"名称": "重庆西站4-5站台", "地址": "新桥街道凤中路168号重庆西站1F层", "城市": "重庆市", "标签": "交通设施服务;火车站;站台", "区域名称": "沙坪坝区", "经度": 106.436929, "纬度": 29.500858, "电话": NaN, "图片标题1": NaN, "图片地址1": NaN, "图片标题2": NaN, "图片地址2": NaN, "图片标题3": NaN, "图片地址3": NaN}
{"名称": "重庆西站2-3站台", "地址": "新桥街道凤中路168号重庆西站1F层", "城市": "重庆市", "标签": "交通设施服务;火车站;站台", "区域名称": "沙坪坝区", "经度": 106.437165, "纬度": 29.50082, "电话": NaN, "图片标题1": NaN, "图片地址1": NaN, "图片标题2": NaN, "图片地址2": NaN, "图片标题3": NaN, "图片地址3": NaN}
{"名称": "重庆西站贵宾厅", "地址": "凤中路168号重庆西站左侧高架下方", "城市": "重庆市", "标签": "交通设施服务;火车站;候车室", "区域名称": "沙坪坝区", "经度": 106.43686, "纬度": 29.498955, "电话": NaN, "图片标题1": NaN, "图片地址1": NaN, "图片标题2": NaN, "图片地址2": NaN, "图片标题3": NaN, "图片地址3": NaN}
{"名称": "歌乐山站", "地址": "茅山峡公路北150米", "城市": "重庆市", "标签": "交通设施服务;火车站;货运火车站", "区域名称": "沙坪坝区", "经度": 106.43776, "纬度": 29.624506, "电话": NaN, "图片标题1": NaN, "图片地址1": NaN, "图片标题2": NaN, "图片地址2": NaN, "图片标题3": NaN, "图片地址3": NaN}
{"名称": "重庆西站商务座专用通道3(2F·北)", "地址": "凤中路168号重庆西站2层北侧", "城市": "重庆市", "标签": "交通设施服务;火车站;候车室", "区域名称": "沙坪坝区", "经度": 106.436595, "纬度": 29.50093, "电话": NaN, "图片标题1": NaN, "图片地址1": NaN, "图片标题2": NaN, "图片地址2": NaN, "图片标题3": NaN, "图片地址3": NaN}
{"名称": "重庆西站1重点旅客", "地址": "新桥街道凤中路168号重庆西站1F层", "城市": "重庆市", "标签": "交通设施服务;火车站;票务相关", "区域名称": "沙坪坝区", "经度": 106.437899, "纬度": 29.49984, "电话": NaN, "图片标题1": NaN, "图片地址1": NaN, "图片标题2": NaN, "图片地址2": NaN, "图片标题3": NaN, "图片地址3": NaN}
{"名称": "重庆西站34售票窗口", "地址": "新桥街道凤中路168号重庆西站2F层", "城市": "重庆市", "标签": "交通设施服务;火车站;票务相关", "区域名称": "沙坪坝区", "经度": 106.435063, "纬度": 29.500999, "电话": NaN, "图片标题1": NaN, "图片地址1": NaN, "图片标题2": NaN, "图片地址2": NaN, "图片标题3": NaN, "图片地址3": NaN}
{"名称": "重庆西站3退票窗口", "地址": "新桥街道凤中路168号重庆西站1F层", "城市": "重庆市", "标签": "交通设施服务;火车站;退票", "区域名称": "沙坪坝区", "经度": 106.437837, "纬度": 29.499805, "电话": NaN, "图片标题1": NaN, "图片地址1": NaN, "图片标题2": NaN, "图片地址2": NaN, "图片标题3": NaN, "图片地址3": NaN}
{"名称": "重庆西站铁路售票处3(2F·北)", "地址": "新桥街道凤中路168号重庆西站2F层", "城市": "重庆市", "标签": "交通设施服务;火车站;售票|生活服务;售票处;售票处", "区域名称": "沙坪坝区", "经度": 106.435199, "纬度": 29.501056, "电话": NaN, "图片标题1": NaN, "图片地址1": NaN, "图片标题2": NaN, "图片地址2": NaN, "图片标题3": NaN, "图片地址3": NaN}
{"名称": "重庆西站自动售票处2(2F·南)", "地址": "新桥街道凤中路168号重庆西站2F层", "城市": "重庆市", "标签": "交通设施服务;火车站;售票|生活服务;售票处;售票处", "区域名称": "沙坪坝区", "经度": 106.436161, "纬度": 29.499696, "电话": NaN, "图片标题1": NaN, "图片地址1": NaN, "图片标题2": NaN, "图片地址2": NaN, "图片标题3": NaN, "图片地址3": NaN}
{"名称": "重庆西站2值班/售票窗口", "地址": "新桥街道凤中路168号重庆西站1F层", "城市": "重庆市", "标签": "交通设施服务;火车站;票务相关", "区域名称": "沙坪坝区", "经度": 106.437894, "纬度": 29.499823, "电话": NaN, "图片标题1": NaN, "图片地址1": NaN, "图片标题2": NaN, "图片地址2": NaN, "图片标题3": NaN, "图片地址3": NaN}
{"名称": "重庆西站35改签退票窗口", "地址": "新桥街道凤中路168号重庆西站2F层", "城市": "重庆市", "标签": "交通设施服务;火车站;票务相关", "区域名称": "沙坪坝区", "经度": 106.435084, "纬度": 29.500999, "电话": NaN, "图片标题1": NaN, "图片地址1": NaN, "图片标题2": NaN, "图片地址2": NaN, "图片标题3": NaN, "图片地址3": NaN}
{"名称": "重庆西站6-7站台", "地址": "新桥街道凤中路168号重庆西站1F层", "城市": "重庆市", "标签": "交通设施服务;火车站;站台", "区域名称": "沙坪坝区", "经度": 106.436625, "纬度": 29.50084, "电话": NaN, "图片标题1": NaN, "图片地址1": NaN, "图片标题2": NaN, "图片地址2": NaN, "图片标题3": NaN, "图片地址3": NaN}
{"名称": "重庆西站(验票口)", "地址": "新桥街道凤中路168号重庆西站1F层", "城市": "重庆市", "标签": "交通设施服务;火车站;进站口/检票口", "区域名称": "沙坪坝区", "经度": 106.438131, "纬度": 29.500332, "电话": NaN, "图片标题1": NaN, "图片地址1": "http://store.is.autonavi.com/showpic/410ac7a5bc01ecef3c7806f62e70d95c", "图片标题2": NaN, "图片地址2": NaN, "图片标题3": NaN, "图片地址3": NaN}
{"名称": "重庆西站(1A检票口)", "地址": "新桥街道凤中路168号重庆西站2F层", "城市": "重庆市", "标签": "交通设施服务;火车站;进站口/检票口", "区域名称": "沙坪坝区", "经度": 106.437446, "纬度": 29.500038, "电话": NaN, "图片标题1": NaN, "图片地址1": NaN, "图片标题2": NaN, "图片地址2": NaN, "图片标题3": NaN, "图片地址3": NaN}
{"名称": "重庆西站(1B检票口)", "地址": "新桥街道凤中路168号重庆西站2F层", "城市": "重庆市", "标签": "交通设施服务;火车站;进站口/检票口", "区域名称": "沙坪坝区", "经度": 106.437526, "纬度": 29.500453, "电话": NaN, "图片标题1": NaN, "图片地址1": NaN, "图片标题2": NaN, "图片地址2": NaN, "图片标题3": NaN, "图片地址3": NaN}
{"名称": "重庆西站(验票口)", "地址": "新桥街道凤中路168号重庆西站2F层", "城市": "重庆市", "标签": "交通设施服务;火车站;进站口/检票口", "区域名称": "沙坪坝区", "经度": 106.43605, "纬度": 29.501016, "电话": NaN, "图片标题1": NaN, "图片地址1": NaN, "图片标题2": NaN, "图片地址2": NaN, "图片标题3": NaN, "图片地址3": NaN}
{"名称": "重庆西站36售票窗口", "地址": "新桥街道凤中路168号重庆西站2F层", "城市": "重庆市", "标签": "交通设施服务;火车站;售票", "区域名称": "沙坪坝区", "经度": 106.435103, "纬度": 29.500997, "电话": NaN, "图片标题1": NaN, "图片地址1": NaN, "图片标题2": NaN, "图片地址2": NaN, "图片标题3": NaN, "图片地址3": NaN}
{"名称": "重庆西站公安制证窗口", "地址": "新桥街道凤中路168号重庆西站2F层", "城市": "重庆市", "标签": "交通设施服务;火车站;公安制证", "区域名称": "沙坪坝区", "经度": 106.436431, "纬度": 29.499688, "电话": NaN, "图片标题1": NaN, "图片地址1": NaN, "图片标题2": NaN, "图片地址2": NaN, "图片标题3": NaN, "图片地址3": NaN}
{"名称": "重庆西站(2B-3B检票口)", "地址": "新桥街道凤中路168号重庆西站2F层", "城市": "重庆市", "标签": "交通设施服务;火车站;进站口/检票口", "区域名称": "沙坪坝区", "经度": 106.437111, "纬度": 29.500484, "电话": NaN, "图片标题1": NaN, "图片地址1": NaN, "图片标题2": NaN, "图片地址2": NaN, "图片标题3": NaN, "图片地址3": NaN}
{"名称": "重庆西站(6A-7A检票口)", "地址": "新桥街道凤中路168号重庆西站2F层", "城市": "重庆市", "标签": "交通设施服务;火车站;进站口/检票口", "区域名称": "沙坪坝区", "经度": 106.436541, "纬度": 29.500108, "电话": NaN, "图片标题1": NaN, "图片地址1": NaN, "图片标题2": NaN, "图片地址2": NaN, "图片标题3": NaN, "图片地址3": NaN}
{"名称": "重庆西站(8B-9B检票口)", "地址": "新桥街道凤中路168号重庆西站2F层", "城市": "重庆市", "标签": "交通设施服务;火车站;进站口/检票口", "区域名称": "沙坪坝区", "经度": 106.436428, "纬度": 29.500534, "电话": NaN, "图片标题1": NaN, "图片地址1": NaN, "图片标题2": NaN, "图片地址2": NaN, "图片标题3": NaN, "图片地址3": NaN}
{"名称": "重庆西站(6B-7B检票口)", "地址": "新桥街道凤中路168号重庆西站2F层", "城市": "重庆市", "标签": "交通设施服务;火车站;进站口/检票口", "区域名称": "沙坪坝区", "经度": 106.436636, "纬度": 29.500519, "电话": NaN, "图片标题1": NaN, "图片地址1": NaN, "图片标题2": NaN, "图片地址2": NaN, "图片标题3": NaN, "图片地址3": NaN}
{"名称": "重庆西站(4A-5A检票口)", "地址": "新桥街道凤中路168号重庆西站2F层", "城市": "重庆市", "标签": "交通设施服务;火车站;进站口/检票口", "区域名称": "沙坪坝区", "经度": 106.436844, "纬度": 29.500084, "电话": NaN, "图片标题1": NaN, "图片地址1": NaN, "图片标题2": NaN, "图片地址2": NaN, "图片标题3": NaN, "图片地址3": NaN}
{"名称": "重庆西站(8A-9A检票口)", "地址": "新桥街道凤中路168号重庆西站2F层", "城市": "重庆市", "标签": "交通设施服务;火车站;进站口/检票口", "区域名称": "沙坪坝区", "经度": 106.436371, "纬度": 29.50012, "电话": NaN, "图片标题1": NaN, "图片地址1": NaN, "图片标题2": NaN, "图片地址2": NaN, "图片标题3": NaN, "图片地址3": NaN}
{"名称": "重庆西站个人售票点位", "地址": "凤中路168号重庆西站B3层", "城市": "重庆市", "标签": "交通设施服务;火车站;售票", "区域名称": "沙坪坝区", "经度": 106.437987, "纬度": 29.498604, "电话": NaN, "图片标题1": NaN, "图片地址1": NaN, "图片标题2": NaN, "图片地址2": NaN, "图片标题3": NaN, "图片地址3": NaN}
{"名称": "重庆西站(10A-11A检票口)", "地址": "新桥街道凤中路168号重庆西站2F层", "城市": "重庆市", "标签": "交通设施服务;火车站;进站口/检票口", "区域名称": "沙坪坝区", "经度": 106.436165, "纬度": 29.500136, "电话": NaN, "图片标题1": NaN, "图片地址1": NaN, "图片标题2": NaN, "图片地址2": NaN, "图片标题3": NaN, "图片地址3": NaN}
{"名称": "重庆西站(12B-13B检票口)", "地址": "新桥街道凤中路168号重庆西站2F层", "城市": "重庆市", "标签": "交通设施服务;火车站;进站口/检票口", "区域名称": "沙坪坝区", "经度": 106.435963, "纬度": 29.500568, "电话": NaN, "图片标题1": NaN, "图片地址1": NaN, "图片标题2": NaN, "图片地址2": NaN, "图片标题3": NaN, "图片地址3": NaN}
{"名称": "重庆西站(14B-15B检票口)", "地址": "新桥街道凤中路168号重庆西站2F层", "城市": "重庆市", "标签": "交通设施服务;火车站;进站口/检票口", "区域名称": "沙坪坝区", "经度": 106.435804, "纬度": 29.50058, "电话": NaN, "图片标题1": NaN, "图片地址1": NaN, "图片标题2": NaN, "图片地址2": NaN, "图片标题3": NaN, "图片地址3": NaN}
{"名称": "重庆西站(10B-11B检票口)", "地址": "新桥街道凤中路168号重庆西站2F层", "城市": "重庆市", "标签": "交通设施服务;火车站;进站口/检票口", "区域名称": "沙坪坝区", "经度": 106.436222, "纬度": 29.50055, "电话": NaN, "图片标题1": NaN, "图片地址1": NaN, "图片标题2": NaN, "图片地址2": NaN, "图片标题3": NaN, "图片地址3": NaN}
{"名称": "重庆西站(14A-15A检票口)", "地址": "新桥街道凤中路168号重庆西站2F层", "城市": "重庆市", "标签": "交通设施服务;火车站;进站口/检票口", "区域名称": "沙坪坝区", "经度": 106.435711, "纬度": 29.50017, "电话": NaN, "图片标题1": NaN, "图片地址1": NaN, "图片标题2": NaN, "图片地址2": NaN, "图片标题3": NaN, "图片地址3": NaN}
{"名称": "重庆西站(18B-19B检票口)", "地址": "新桥街道凤中路168号重庆西站2F层", "城市": "重庆市", "标签": "交通设施服务;火车站;进站口/检票口", "区域名称": "沙坪坝区", "经度": 106.435309, "纬度": 29.500616, "电话": NaN, "图片标题1": NaN, "图片地址1": NaN, "图片标题2": NaN, "图片地址2": NaN, "图片标题3": NaN, "图片地址3": NaN}
{"名称": "重庆西站(16A-17A检票口)", "地址": "新桥街道凤中路168号重庆西站2F层", "城市": "重庆市", "标签": "交通设施服务;火车站;进站口/检票口", "区域名称": "沙坪坝区", "经度": 106.435519, "纬度": 29.500185, "电话": NaN, "图片标题1": NaN, "图片地址1": NaN, "图片标题2": NaN, "图片地址2": NaN, "图片标题3": NaN, "图片地址3": NaN}
{"名称": "重庆西站(12A-13A检票口)", "地址": "新桥街道凤中路168号重庆西站2F层", "城市": "重庆市", "标签": "交通设施服务;火车站;进站口/检票口", "区域名称": "沙坪坝区", "经度": 106.435955, "纬度": 29.500152, "电话": NaN, "图片标题1": NaN, "图片地址1": NaN, "图片标题2": NaN, "图片地址2": NaN, "图片标题3": NaN, "图片地址3": NaN}
{"名称": "重庆西站(18A-19A检票口)", "地址": "新桥街道凤中路168号重庆西站2F层", "城市": "重庆市", "标签": "交通设施服务;火车站;进站口/检票口", "区域名称": "沙坪坝区", "经度": 106.435302, "纬度": 29.500201, "电话": NaN, "图片标题1": NaN, "图片地址1": NaN, "图片标题2": NaN, "图片地址2": NaN, "图片标题3": NaN, "图片地址3": NaN}
{"名称": "重庆西站(22B-23B检票口)", "地址": "新桥街道凤中路168号重庆西站2F层", "城市": "重庆市", "标签": "交通设施服务;火车站;进站口/检票口", "区域名称": "沙坪坝区", "经度": 106.434866, "纬度": 29.500649, "电话": NaN, "图片标题1": NaN, "图片地址1": NaN, "图片标题2": NaN, "图片地址2": NaN, "图片标题3": NaN, "图片地址3": NaN}
{"名称": "重庆西站(20B-21B检票口)", "地址": "新桥街道凤中路168号重庆西站2F层", "城市": "重庆市", "标签": "交通设施服务;火车站;进站口/检票口", "区域名称": "沙坪坝区", "经度": 106.435091, "纬度": 29.500632, "电话": NaN, "图片标题1": NaN, "图片地址1": NaN, "图片标题2": NaN, "图片地址2": NaN, "图片标题3": NaN, "图片地址3": NaN}
{"名称": "重庆西站(20A-21A检票口)", "地址": "新桥街道凤中路168号重庆西站2F层", "城市": "重庆市", "标签": "交通设施服务;火车站;进站口/检票口", "区域名称": "沙坪坝区", "经度": 106.435084, "纬度": 29.500217, "电话": NaN, "图片标题1": NaN, "图片地址1": NaN, "图片标题2": NaN, "图片地址2": NaN, "图片标题3": NaN, "图片地址3": NaN}
{"名称": "重庆西站(22A-23A检票口)", "地址": "新桥街道凤中路168号重庆西站2F层", "城市": "重庆市", "标签": "交通设施服务;火车站;进站口/检票口", "区域名称": "沙坪坝区", "经度": 106.434859, "纬度": 29.500234, "电话": NaN, "图片标题1": NaN, "图片地址1": NaN, "图片标题2": NaN, "图片地址2": NaN, "图片标题3": NaN, "图片地址3": NaN}
{"名称": "重庆西站(24B-25B检票口)", "地址": "新桥街道凤中路168号重庆西站2F层", "城市": "重庆市", "标签": "交通设施服务;火车站;进站口/检票口", "区域名称": "沙坪坝区", "经度": 106.434641, "纬度": 29.500665, "电话": NaN, "图片标题1": NaN, "图片地址1": NaN, "图片标题2": NaN, "图片地址2": NaN, "图片标题3": NaN, "图片地址3": NaN}
{"名称": "重庆西站(28A-29A检票口)", "地址": "新桥街道凤中路168号重庆西站2F层", "城市": "重庆市", "标签": "交通设施服务;火车站;进站口/检票口", "区域名称": "沙坪坝区", "经度": 106.434158, "纬度": 29.500287, "电话": NaN, "图片标题1": NaN, "图片地址1": NaN, "图片标题2": NaN, "图片地址2": NaN, "图片标题3": NaN, "图片地址3": NaN}
{"名称": "重庆西站(24A-25A检票口)", "地址": "新桥街道凤中路168号重庆西站2F层", "城市": "重庆市", "标签": "交通设施服务;火车站;进站口/检票口", "区域名称": "沙坪坝区", "经度": 106.434634, "纬度": 29.500251, "电话": NaN, "图片标题1": NaN, "图片地址1": NaN, "图片标题2": NaN, "图片地址2": NaN, "图片标题3": NaN, "图片地址3": NaN}
