{"名称": "中国石化大学城加油站", "地址": "大学城明德路21号", "城市": "重庆市", "标签": "汽车服务;加油站;中国石化", "区域名称": "沙坪坝区", "经度": 106.311345, "纬度": 29.624057, "电话": "13983279641", "图片标题1": NaN, "图片地址1": "http://store.is.autonavi.com/showpic/bd7b36ac6fd4fbea4b7dda24360d84f0", "图片标题2": NaN, "图片地址2": NaN, "图片标题3": NaN, "图片地址3": NaN}
{"名称": "中国石化杨公桥加油站", "地址": "大杨公桥104号", "城市": "重庆市", "标签": "汽车服务;加油站;中国石化", "区域名称": "沙坪坝区", "经度": 106.449593, "纬度": 29.561814, "电话": "15922808606", "图片标题1": NaN, "图片地址1": "http://store.is.autonavi.com/showpic/164ed5c1c1c3a768c5141197fd7c6fe5", "图片标题2": NaN, "图片地址2": "https://aos-comment.amap.com/B0FFHJPZPQ/headerImg/content_media_external_images_media_291996_1659515952613_d739e888.jpg", "图片标题3": NaN, "图片地址3": "http://store.is.autonavi.com/showpic/e3024fab0d0763332324b5c428454663"}
{"名称": "中国石油沙坪坝虎曾路站", "地址": "虎曾大道600号", "城市": "重庆市", "标签": "汽车服务;加油站;中国石油", "区域名称": "沙坪坝区", "经度": 106.307883, "纬度": 29.570805, "电话": "023-65768558", "图片标题1": NaN, "图片地址1": "http://store.is.autonavi.com/showpic/8d43813a3f617843757ace4128d30295", "图片标题2": NaN, "图片地址2": "https://aos-comment.amap.com/B0FFF2IHIH/comment/0feedback_sendimage.jpeg", "图片标题3": NaN, "图片地址3": "http://store.is.autonavi.com/showpic/08a20d764a93dafa27167a6705ab1d1e"}
{"名称": "中国石化大成湖加油站", "地址": "大学城南路消防支队前", "城市": "重庆市", "标签": "汽车服务;加油站;中国石化", "区域名称": "沙坪坝区", "经度": 106.328009, "纬度": 29.598905, "电话": "18623134859", "图片标题1": NaN, "图片地址1": "http://store.is.autonavi.com/showpic/68445e3f60acd9ac3fbf9152a079d5f8", "图片标题2": NaN, "图片地址2": "http://store.is.autonavi.com/showpic/3851737a903f1ac3af4e3e83c7b3505c", "图片标题3": NaN, "图片地址3": "http://store.is.autonavi.com/showpic/ce97cf0f0fff60fb886e681a188b7206"}
{"名称": "壳牌加油站(重庆沙坪坝天马站)", "地址": "陈家桥街道陈家桥村四社(重庆房地产职业学院旁)", "城市": "重庆市", "标签": "汽车服务;加油站;壳牌", "区域名称": "沙坪坝区", "经度": 106.330945, "纬度": 29.621582, "电话": "023-65821331", "图片标题1": NaN, "图片地址1": "http://store.is.autonavi.com/showpic/f1db24656c00f93bfbc2dc6eee6038be", "图片标题2": NaN, "图片地址2": "http://store.is.autonavi.com/showpic/f1db24656c00f93bfbc2dc6eee6038be", "图片标题3": NaN, "图片地址3": "http://store.is.autonavi.com/showpic/36d022e2bbe421141df17bc8270ccc43"}
{"名称": "三圣宫加油站", "地址": "土主镇三圣宫村", "城市": "重庆市", "标签": "汽车服务;加油站;加油站", "区域名称": "沙坪坝区", "经度": 106.37785, "纬度": 29.604262, "电话": NaN, "图片标题1": NaN, "图片地址1": "http://store.is.autonavi.com/showpic/ce548a9f32e986393c70690508e287d1", "图片标题2": NaN, "图片地址2": NaN, "图片标题3": NaN, "图片地址3": NaN}
{"名称": "华世石油加油站", "地址": "歌乐山镇矿山坡150号重庆商务职业学院附近", "城市": "重庆市", "标签": "汽车服务;加油站;加油站", "区域名称": "沙坪坝区", "经度": 106.410197, "纬度": 29.594817, "电话": NaN, "图片标题1": NaN, "图片地址1": "http://store.is.autonavi.com/showpic/31436598ea2100124c50b10a2a430c3f", "图片标题2": NaN, "图片地址2": NaN, "图片标题3": NaN, "图片地址3": NaN}
{"名称": "中国石油曾家服务区外站", "地址": "G5001重庆绕城高速曾家服务区(金凤,双福方向)", "城市": "重庆市", "标签": "汽车服务;加油站;中国石油", "区域名称": "沙坪坝区", "经度": 106.286375, "纬度": 29.535806, "电话": "17723544541", "图片标题1": NaN, "图片地址1": "http://store.is.autonavi.com/showpic/bb180a3d61e7acae5cf53b5d1d446a06", "图片标题2": NaN, "图片地址2": "http://store.is.autonavi.com/showpic/ab13783d2ff3b15396e9a6f21e1d9f5e", "图片标题3": NaN, "图片地址3": "http://store.is.autonavi.com/showpic/b3a5719ba9a9280260a714d589084da5"}
{"名称": "中国石化凤鸣山加油站", "地址": "凤鸣山41号", "城市": "重庆市", "标签": "汽车服务;加油站;中国石化", "区域名称": "沙坪坝区", "经度": 106.451241, "纬度": 29.524559, "电话": "13594060640", "图片标题1": NaN, "图片地址1": "http://store.is.autonavi.com/showpic/e4b6177c4bfe6e4dc69bb71ab336ec5a", "图片标题2": NaN, "图片地址2": "http://store.is.autonavi.com/showpic/83abf33230ed31634cf951fad7b34fe1", "图片标题3": NaN, "图片地址3": NaN}
{"名称": "中国石油沙坪坝宏岩加油站", "地址": "沙坪坝壮志路4号(烈士墓地铁站2B口步行300米)", "城市": "重庆市", "标签": "汽车服务;加油站;中国石油", "区域名称": "沙坪坝区", "经度": 106.445435, "纬度": 29.571017, "电话": "023-65232823", "图片标题1": NaN, "图片地址1": "http://store.is.autonavi.com/showpic/3216ed7cb599ab7711b97c9fe73222c6", "图片标题2": NaN, "图片地址2": "http://store.is.autonavi.com/showpic/71ab7ae91ed84b64c084bfd800686f55", "图片标题3": NaN, "图片地址3": NaN}
{"名称": "中国石化富源加油站", "地址": "西双大道149号", "城市": "重庆市", "标签": "汽车服务;加油站;中国石化", "区域名称": "沙坪坝区", "经度": 106.349587, "纬度": 29.607849, "电话": "023-65632732", "图片标题1": NaN, "图片地址1": "http://store.is.autonavi.com/showpic/92cf4edd227630ccfc28fa6ecc887a33", "图片标题2": NaN, "图片地址2": "http://store.is.autonavi.com/showpic/bcfd77b6b62342b7f112dc3081390f37", "图片标题3": NaN, "图片地址3": "http://store.is.autonavi.com/showpic/65f437c43524f47df89cfe4ea1c60411"}
{"名称": "中国石化黄桷湾加油站", "地址": "黄桷湾193号", "城市": "重庆市", "标签": "汽车服务;加油站;中国石化", "区域名称": "沙坪坝区", "经度": 106.470077, "纬度": 29.548309, "电话": "15923314949", "图片标题1": NaN, "图片地址1": "http://store.is.autonavi.com/showpic/4fc4d5e1edd8f6c49cdd6481bba5e66c", "图片标题2": NaN, "图片地址2": "http://store.is.autonavi.com/showpic/9c999f02d9704c3292a0cf893e0faa1b", "图片标题3": NaN, "图片地址3": "http://store.is.autonavi.com/showpic/9a1f550794fe42268ae48cddf1797452"}
{"名称": "轩渝石油汉渝路加油站", "地址": "汉渝路66号", "城市": "重庆市", "标签": "汽车服务;加油站;加油站", "区域名称": "沙坪坝区", "经度": 106.471415, "纬度": 29.559683, "电话": "023-88928863", "图片标题1": NaN, "图片地址1": "http://store.is.autonavi.com/showpic/e890ab5c4cbb4b8d6a914122f92ae216", "图片标题2": NaN, "图片地址2": "http://store.is.autonavi.com/showpic/e890ab5c4cbb4b8d6a914122f92ae216", "图片标题3": NaN, "图片地址3": "http://store.is.autonavi.com/showpic/dbc45b6091d5f7714dc9b7810efb2bbf"}
{"名称": "中国石油曾家服务区加油站", "地址": "G5001重庆绕城高速曾家服务区(青木关方向)", "城市": "重庆市", "标签": "汽车服务;加油站;中国石油", "区域名称": "沙坪坝区", "经度": 106.287625, "纬度": 29.536623, "电话": "17723544641", "图片标题1": NaN, "图片地址1": "http://store.is.autonavi.com/showpic/f71391f8c2be8b88089371f20f7e85be", "图片标题2": NaN, "图片地址2": NaN, "图片标题3": NaN, "图片地址3": NaN}
{"名称": "中国石油沙坪坝丝路站", "地址": "土主镇西部物流园中土路附近", "城市": "重庆市", "标签": "汽车服务;加油站;中国石油", "区域名称": "沙坪坝区", "经度": 106.392555, "纬度": 29.643058, "电话": "023-65162490", "图片标题1": NaN, "图片地址1": "http://store.is.autonavi.com/showpic/0c3a3a880292f8193ed35a1ae3b02fec", "图片标题2": NaN, "图片地址2": NaN, "图片标题3": NaN, "图片地址3": NaN}
{"名称": "中国石油九龙坡凤西路加油站", "地址": "凤西路沙坪坝组团M分区M21-5-4地块", "城市": "重庆市", "标签": "汽车服务;加油站;中国石油", "区域名称": "沙坪坝区", "经度": 106.451885, "纬度": 29.519151, "电话": "023-68669410", "图片标题1": NaN, "图片地址1": "http://store.is.autonavi.com/showpic/49e113983d4de1a2be9f75002a98546d", "图片标题2": NaN, "图片地址2": "http://store.is.autonavi.com/showpic/d96329e43fdd22d6abbaca6ce8b1be60", "图片标题3": NaN, "图片地址3": "http://store.is.autonavi.com/showpic/fa4a8fd890f8a4d8976c4f5e74ac517a"}
{"名称": "中国石化南溪口加油站", "地址": "井口镇南溪口", "城市": "重庆市", "标签": "汽车服务;加油站;中国石化", "区域名称": "沙坪坝区", "经度": 106.442864, "纬度": 29.625466, "电话": "13224016419", "图片标题1": NaN, "图片地址1": "http://store.is.autonavi.com/showpic/844be6717c1b8ecd2cd4fd43101cfee3", "图片标题2": NaN, "图片地址2": "http://store.is.autonavi.com/showpic/9f1494c75b92c770f9792c58ad0402af", "图片标题3": NaN, "图片地址3": NaN}
{"名称": "中国石油沙坪坝歌乐山站", "地址": "厦成线重庆立信职业教育中心实训楼以西约60米", "城市": "重庆市", "标签": "汽车服务;加油站;中国石油", "区域名称": "沙坪坝区", "经度": 106.417681, "纬度": 29.583819, "电话": "023-65506581", "图片标题1": NaN, "图片地址1": "http://store.is.autonavi.com/showpic/eecea85eb4f2f44ec3724106bf36a3cc", "图片标题2": NaN, "图片地址2": "http://aos-cdn-image.amap.com/sns/ugccomment/adb60a30-090e-42dd-896b-3d44f8fdf950.jpg", "图片标题3": NaN, "图片地址3": NaN}
{"名称": "中国石油沙坪坝新桥站", "地址": "新桥村石梯沟", "城市": "重庆市", "标签": "汽车服务;加油站;中国石油", "区域名称": "沙坪坝区", "经度": 106.434139, "纬度": 29.520577, "电话": "023-65211340", "图片标题1": NaN, "图片地址1": "http://store.is.autonavi.com/showpic/4d778d64f80d86c119d42a1a64cf0b17", "图片标题2": NaN, "图片地址2": NaN, "图片标题3": NaN, "图片地址3": NaN}
{"名称": "壳牌加油站(沙坪坝区高滩岩)", "地址": "高滩岩正街94号", "城市": "重庆市", "标签": "汽车服务;加油站;壳牌", "区域名称": "沙坪坝区", "经度": 106.446789, "纬度": 29.531003, "电话": "023-65222480", "图片标题1": NaN, "图片地址1": "http://store.is.autonavi.com/showpic/ff853b130846b856da8902081e94e44c", "图片标题2": NaN, "图片地址2": "http://store.is.autonavi.com/showpic/ff853b130846b856da8902081e94e44c", "图片标题3": NaN, "图片地址3": "http://store.is.autonavi.com/showpic/0f844ed8bb798b866af4bb148db30d18"}
{"名称": "中国石化皂角坡加油站", "地址": "土主镇SPB-11加油站地块", "城市": "重庆市", "标签": "汽车服务;加油站;中国石化", "区域名称": "沙坪坝区", "经度": 106.387046, "纬度": 29.663178, "电话": "15823940001", "图片标题1": NaN, "图片地址1": "https://aos-comment.amap.com/B0I1GAVUI0/headerImg/b5b8d284082af6efb5a3462726b624c5_2048_2048_80.jpg", "图片标题2": NaN, "图片地址2": "https://aos-comment.amap.com/B0I1GAVUI0/headerImg/de7e576b70fb1f3ee11ca694b1a24f02_2048_2048_80.jpg", "图片标题3": NaN, "图片地址3": NaN}
{"名称": "工贸石化加油站", "地址": "歌乐山北街与保育路交叉口北60米", "城市": "重庆市", "标签": "汽车服务;加油站;加油站", "区域名称": "沙坪坝区", "经度": 106.419354, "纬度": 29.572134, "电话": "023-65507127", "图片标题1": NaN, "图片地址1": "http://store.is.autonavi.com/showpic/6f4ae70f5947a61be4136721adbe5886", "图片标题2": NaN, "图片地址2": "http://store.is.autonavi.com/showpic/6f4ae70f5947a61be4136721adbe5886", "图片标题3": NaN, "图片地址3": "http://store.is.autonavi.com/showpic/6a59febb771e9323dbafdd3387c06a07"}
{"名称": "中国石油微电园加油站", "地址": "西永大道与西科大道交叉口东南140米", "城市": "重庆市", "标签": "汽车服务;加油站;中国石油", "区域名称": "沙坪坝区", "经度": 106.3861, "纬度": 29.594417, "电话": NaN, "图片标题1": NaN, "图片地址1": NaN, "图片标题2": NaN, "图片地址2": NaN, "图片标题3": NaN, "图片地址3": NaN}
{"名称": "中国石化加油站(金阳第一农场·大学城西北)", "地址": "大学城南二路与纵五路交叉口东180米", "城市": "重庆市", "标签": "汽车服务;加油站;中国石化", "区域名称": "沙坪坝区", "经度": 106.288004, "纬度": 29.580639, "电话": NaN, "图片标题1": NaN, "图片地址1": "http://store.is.autonavi.com/showpic/a8b68425fe6e0ee55e7a4d2d0030410a", "图片标题2": NaN, "图片地址2": NaN, "图片标题3": NaN, "图片地址3": NaN}
{"名称": "春秋石油加油站(暂停营业)", "地址": "土主镇", "城市": "重庆市", "标签": "汽车服务;加油站;加油站", "区域名称": "沙坪坝区", "经度": 106.373982, "纬度": 29.637705, "电话": "023-65007899", "图片标题1": NaN, "图片地址1": "http://store.is.autonavi.com/showpic/538899fffa134bb6d00926e8de167b8f", "图片标题2": NaN, "图片地址2": "http://store.is.autonavi.com/showpic/f94a85021eb8441b2ba1425f9f5f7dba", "图片标题3": NaN, "图片地址3": "http://store.is.autonavi.com/showpic/538899fffa134bb6d00926e8de167b8f"}
{"名称": "中国石化大学城加油站", "地址": "大学城明德路21号", "城市": "重庆市", "标签": "汽车服务;加油站;中国石化", "区域名称": "沙坪坝区", "经度": 106.311345, "纬度": 29.624057, "电话": "13983279641", "图片标题1": NaN, "图片地址1": "http://store.is.autonavi.com/showpic/bd7b36ac6fd4fbea4b7dda24360d84f0", "图片标题2": NaN, "图片地址2": NaN, "图片标题3": NaN, "图片地址3": NaN}
{"名称": "中国石化杨公桥加油站", "地址": "大杨公桥104号", "城市": "重庆市", "标签": "汽车服务;加油站;中国石化", "区域名称": "沙坪坝区", "经度": 106.449593, "纬度": 29.561814, "电话": "15922808606", "图片标题1": NaN, "图片地址1": "http://store.is.autonavi.com/showpic/164ed5c1c1c3a768c5141197fd7c6fe5", "图片标题2": NaN, "图片地址2": "https://aos-comment.amap.com/B0FFHJPZPQ/headerImg/content_media_external_images_media_291996_1659515952613_d739e888.jpg", "图片标题3": NaN, "图片地址3": "http://store.is.autonavi.com/showpic/e3024fab0d0763332324b5c428454663"}
{"名称": "中国石油沙坪坝虎曾路站", "地址": "虎曾大道600号", "城市": "重庆市", "标签": "汽车服务;加油站;中国石油", "区域名称": "沙坪坝区", "经度": 106.307883, "纬度": 29.570805, "电话": "023-65768558", "图片标题1": NaN, "图片地址1": "http://store.is.autonavi.com/showpic/8d43813a3f617843757ace4128d30295", "图片标题2": NaN, "图片地址2": "https://aos-comment.amap.com/B0FFF2IHIH/comment/0feedback_sendimage.jpeg", "图片标题3": NaN, "图片地址3": "http://store.is.autonavi.com/showpic/08a20d764a93dafa27167a6705ab1d1e"}
{"名称": "中国石化大成湖加油站", "地址": "大学城南路消防支队前", "城市": "重庆市", "标签": "汽车服务;加油站;中国石化", "区域名称": "沙坪坝区", "经度": 106.328009, "纬度": 29.598905, "电话": "18623134859", "图片标题1": NaN, "图片地址1": "http://store.is.autonavi.com/showpic/68445e3f60acd9ac3fbf9152a079d5f8", "图片标题2": NaN, "图片地址2": "http://store.is.autonavi.com/showpic/3851737a903f1ac3af4e3e83c7b3505c", "图片标题3": NaN, "图片地址3": "http://store.is.autonavi.com/showpic/ce97cf0f0fff60fb886e681a188b7206"}
{"名称": "壳牌加油站(重庆沙坪坝天马站)", "地址": "陈家桥街道陈家桥村四社(重庆房地产职业学院旁)", "城市": "重庆市", "标签": "汽车服务;加油站;壳牌", "区域名称": "沙坪坝区", "经度": 106.330945, "纬度": 29.621582, "电话": "023-65821331", "图片标题1": NaN, "图片地址1": "http://store.is.autonavi.com/showpic/f1db24656c00f93bfbc2dc6eee6038be", "图片标题2": NaN, "图片地址2": "http://store.is.autonavi.com/showpic/f1db24656c00f93bfbc2dc6eee6038be", "图片标题3": NaN, "图片地址3": "http://store.is.autonavi.com/showpic/36d022e2bbe421141df17bc8270ccc43"}
{"名称": "三圣宫加油站", "地址": "土主镇三圣宫村", "城市": "重庆市", "标签": "汽车服务;加油站;加油站", "区域名称": "沙坪坝区", "经度": 106.37785, "纬度": 29.604262, "电话": NaN, "图片标题1": NaN, "图片地址1": "http://store.is.autonavi.com/showpic/ce548a9f32e986393c70690508e287d1", "图片标题2": NaN, "图片地址2": NaN, "图片标题3": NaN, "图片地址3": NaN}
{"名称": "华世石油加油站", "地址": "歌乐山镇矿山坡150号重庆商务职业学院附近", "城市": "重庆市", "标签": "汽车服务;加油站;加油站", "区域名称": "沙坪坝区", "经度": 106.410197, "纬度": 29.594817, "电话": NaN, "图片标题1": NaN, "图片地址1": "http://store.is.autonavi.com/showpic/31436598ea2100124c50b10a2a430c3f", "图片标题2": NaN, "图片地址2": NaN, "图片标题3": NaN, "图片地址3": NaN}
{"名称": "中国石油曾家服务区外站", "地址": "G5001重庆绕城高速曾家服务区(金凤,双福方向)", "城市": "重庆市", "标签": "汽车服务;加油站;中国石油", "区域名称": "沙坪坝区", "经度": 106.286375, "纬度": 29.535806, "电话": "17723544541", "图片标题1": NaN, "图片地址1": "http://store.is.autonavi.com/showpic/bb180a3d61e7acae5cf53b5d1d446a06", "图片标题2": NaN, "图片地址2": "http://store.is.autonavi.com/showpic/ab13783d2ff3b15396e9a6f21e1d9f5e", "图片标题3": NaN, "图片地址3": "http://store.is.autonavi.com/showpic/b3a5719ba9a9280260a714d589084da5"}
{"名称": "中国石化凤鸣山加油站", "地址": "凤鸣山41号", "城市": "重庆市", "标签": "汽车服务;加油站;中国石化", "区域名称": "沙坪坝区", "经度": 106.451241, "纬度": 29.524559, "电话": "13594060640", "图片标题1": NaN, "图片地址1": "http://store.is.autonavi.com/showpic/e4b6177c4bfe6e4dc69bb71ab336ec5a", "图片标题2": NaN, "图片地址2": "http://store.is.autonavi.com/showpic/83abf33230ed31634cf951fad7b34fe1", "图片标题3": NaN, "图片地址3": NaN}
{"名称": "中国石油沙坪坝宏岩加油站", "地址": "沙坪坝壮志路4号(烈士墓地铁站2B口步行300米)", "城市": "重庆市", "标签": "汽车服务;加油站;中国石油", "区域名称": "沙坪坝区", "经度": 106.445435, "纬度": 29.571017, "电话": "023-65232823", "图片标题1": NaN, "图片地址1": "http://store.is.autonavi.com/showpic/3216ed7cb599ab7711b97c9fe73222c6", "图片标题2": NaN, "图片地址2": "http://store.is.autonavi.com/showpic/71ab7ae91ed84b64c084bfd800686f55", "图片标题3": NaN, "图片地址3": NaN}
{"名称": "中国石化富源加油站", "地址": "西双大道149号", "城市": "重庆市", "标签": "汽车服务;加油站;中国石化", "区域名称": "沙坪坝区", "经度": 106.349587, "纬度": 29.607849, "电话": "023-65632732", "图片标题1": NaN, "图片地址1": "http://store.is.autonavi.com/showpic/92cf4edd227630ccfc28fa6ecc887a33", "图片标题2": NaN, "图片地址2": "http://store.is.autonavi.com/showpic/bcfd77b6b62342b7f112dc3081390f37", "图片标题3": NaN, "图片地址3": "http://store.is.autonavi.com/showpic/65f437c43524f47df89cfe4ea1c60411"}
{"名称": "中国石化黄桷湾加油站", "地址": "黄桷湾193号", "城市": "重庆市", "标签": "汽车服务;加油站;中国石化", "区域名称": "沙坪坝区", "经度": 106.470077, "纬度": 29.548309, "电话": "15923314949", "图片标题1": NaN, "图片地址1": "http://store.is.autonavi.com/showpic/4fc4d5e1edd8f6c49cdd6481bba5e66c", "图片标题2": NaN, "图片地址2": "http://store.is.autonavi.com/showpic/9c999f02d9704c3292a0cf893e0faa1b", "图片标题3": NaN, "图片地址3": "http://store.is.autonavi.com/showpic/9a1f550794fe42268ae48cddf1797452"}
{"名称": "轩渝石油汉渝路加油站", "地址": "汉渝路66号", "城市": "重庆市", "标签": "汽车服务;加油站;加油站", "区域名称": "沙坪坝区", "经度": 106.471415, "纬度": 29.559683, "电话": "023-88928863", "图片标题1": NaN, "图片地址1": "http://store.is.autonavi.com/showpic/e890ab5c4cbb4b8d6a914122f92ae216", "图片标题2": NaN, "图片地址2": "http://store.is.autonavi.com/showpic/e890ab5c4cbb4b8d6a914122f92ae216", "图片标题3": NaN, "图片地址3": "http://store.is.autonavi.com/showpic/dbc45b6091d5f7714dc9b7810efb2bbf"}
{"名称": "中国石油曾家服务区加油站", "地址": "G5001重庆绕城高速曾家服务区(青木关方向)", "城市": "重庆市", "标签": "汽车服务;加油站;中国石油", "区域名称": "沙坪坝区", "经度": 106.287625, "纬度": 29.536623, "电话": "17723544641", "图片标题1": NaN, "图片地址1": "http://store.is.autonavi.com/showpic/f71391f8c2be8b88089371f20f7e85be", "图片标题2": NaN, "图片地址2": NaN, "图片标题3": NaN, "图片地址3": NaN}
{"名称": "中国石油沙坪坝丝路站", "地址": "土主镇西部物流园中土路附近", "城市": "重庆市", "标签": "汽车服务;加油站;中国石油", "区域名称": "沙坪坝区", "经度": 106.392555, "纬度": 29.643058, "电话": "023-65162490", "图片标题1": NaN, "图片地址1": "http://store.is.autonavi.com/showpic/0c3a3a880292f8193ed35a1ae3b02fec", "图片标题2": NaN, "图片地址2": NaN, "图片标题3": NaN, "图片地址3": NaN}
{"名称": "中国石油九龙坡凤西路加油站", "地址": "凤西路沙坪坝组团M分区M21-5-4地块", "城市": "重庆市", "标签": "汽车服务;加油站;中国石油", "区域名称": "沙坪坝区", "经度": 106.451885, "纬度": 29.519151, "电话": "023-68669410", "图片标题1": NaN, "图片地址1": "http://store.is.autonavi.com/showpic/49e113983d4de1a2be9f75002a98546d", "图片标题2": NaN, "图片地址2": "http://store.is.autonavi.com/showpic/d96329e43fdd22d6abbaca6ce8b1be60", "图片标题3": NaN, "图片地址3": "http://store.is.autonavi.com/showpic/fa4a8fd890f8a4d8976c4f5e74ac517a"}
{"名称": "中国石化南溪口加油站", "地址": "井口镇南溪口", "城市": "重庆市", "标签": "汽车服务;加油站;中国石化", "区域名称": "沙坪坝区", "经度": 106.442864, "纬度": 29.625466, "电话": "13224016419", "图片标题1": NaN, "图片地址1": "http://store.is.autonavi.com/showpic/844be6717c1b8ecd2cd4fd43101cfee3", "图片标题2": NaN, "图片地址2": "http://store.is.autonavi.com/showpic/9f1494c75b92c770f9792c58ad0402af", "图片标题3": NaN, "图片地址3": NaN}
{"名称": "中国石油沙坪坝歌乐山站", "地址": "厦成线重庆立信职业教育中心实训楼以西约60米", "城市": "重庆市", "标签": "汽车服务;加油站;中国石油", "区域名称": "沙坪坝区", "经度": 106.417681, "纬度": 29.583819, "电话": "023-65506581", "图片标题1": NaN, "图片地址1": "http://store.is.autonavi.com/showpic/eecea85eb4f2f44ec3724106bf36a3cc", "图片标题2": NaN, "图片地址2": "http://aos-cdn-image.amap.com/sns/ugccomment/adb60a30-090e-42dd-896b-3d44f8fdf950.jpg", "图片标题3": NaN, "图片地址3": NaN}
{"名称": "中国石油沙坪坝新桥站", "地址": "新桥村石梯沟", "城市": "重庆市", "标签": "汽车服务;加油站;中国石油", "区域名称": "沙坪坝区", "经度": 106.434139, "纬度": 29.520577, "电话": "023-65211340", "图片标题1": NaN, "图片地址1": "http://store.is.autonavi.com/showpic/4d778d64f80d86c119d42a1a64cf0b17", "图片标题2": NaN, "图片地址2": NaN, "图片标题3": NaN, "图片地址3": NaN}
{"名称": "壳牌加油站(沙坪坝区高滩岩)", "地址": "高滩岩正街94号", "城市": "重庆市", "标签": "汽车服务;加油站;壳牌", "区域名称": "沙坪坝区", "经度": 106.446789, "纬度": 29.531003, "电话": "023-65222480", "图片标题1": NaN, "图片地址1": "http://store.is.autonavi.com/showpic/ff853b130846b856da8902081e94e44c", "图片标题2": NaN, "图片地址2": "http://store.is.autonavi.com/showpic/ff853b130846b856da8902081e94e44c", "图片标题3": NaN, "图片地址3": "http://store.is.autonavi.com/showpic/0f844ed8bb798b866af4bb148db30d18"}
{"名称": "中国石化皂角坡加油站", "地址": "土主镇SPB-11加油站地块", "城市": "重庆市", "标签": "汽车服务;加油站;中国石化", "区域名称": "沙坪坝区", "经度": 106.387046, "纬度": 29.663178, "电话": "15823940001", "图片标题1": NaN, "图片地址1": "https://aos-comment.amap.com/B0I1GAVUI0/headerImg/b5b8d284082af6efb5a3462726b624c5_2048_2048_80.jpg", "图片标题2": NaN, "图片地址2": "https://aos-comment.amap.com/B0I1GAVUI0/headerImg/de7e576b70fb1f3ee11ca694b1a24f02_2048_2048_80.jpg", "图片标题3": NaN, "图片地址3": NaN}
{"名称": "工贸石化加油站", "地址": "歌乐山北街与保育路交叉口北60米", "城市": "重庆市", "标签": "汽车服务;加油站;加油站", "区域名称": "沙坪坝区", "经度": 106.419354, "纬度": 29.572134, "电话": "023-65507127", "图片标题1": NaN, "图片地址1": "http://store.is.autonavi.com/showpic/6f4ae70f5947a61be4136721adbe5886", "图片标题2": NaN, "图片地址2": "http://store.is.autonavi.com/showpic/6f4ae70f5947a61be4136721adbe5886", "图片标题3": NaN, "图片地址3": "http://store.is.autonavi.com/showpic/6a59febb771e9323dbafdd3387c06a07"}
{"名称": "中国石油微电园加油站", "地址": "西永大道与西科大道交叉口东南140米", "城市": "重庆市", "标签": "汽车服务;加油站;中国石油", "区域名称": "沙坪坝区", "经度": 106.3861, "纬度": 29.594417, "电话": NaN, "图片标题1": NaN, "图片地址1": NaN, "图片标题2": NaN, "图片地址2": NaN, "图片标题3": NaN, "图片地址3": NaN}
{"名称": "中国石化加油站(金阳第一农场·大学城西北)", "地址": "大学城南二路与纵五路交叉口东180米", "城市": "重庆市", "标签": "汽车服务;加油站;中国石化", "区域名称": "沙坪坝区", "经度": 106.288004, "纬度": 29.580639, "电话": NaN, "图片标题1": NaN, "图片地址1": "http://store.is.autonavi.com/showpic/a8b68425fe6e0ee55e7a4d2d0030410a", "图片标题2": NaN, "图片地址2": NaN, "图片标题3": NaN, "图片地址3": NaN}
{"名称": "春秋石油加油站(暂停营业)", "地址": "土主镇", "城市": "重庆市", "标签": "汽车服务;加油站;加油站", "区域名称": "沙坪坝区", "经度": 106.373982, "纬度": 29.637705, "电话": "023-65007899", "图片标题1": NaN, "图片地址1": "http://store.is.autonavi.com/showpic/538899fffa134bb6d00926e8de167b8f", "图片标题2": NaN, "图片地址2": "http://store.is.autonavi.com/showpic/f94a85021eb8441b2ba1425f9f5f7dba", "图片标题3": NaN, "图片地址3": "http://store.is.autonavi.com/showpic/538899fffa134bb6d00926e8de167b8f"}
