{"名称": "大学城(地铁站)", "地址": "1号线", "城市": "重庆市", "标签": "交通设施服务;地铁站;地铁站", "区域名称": "沙坪坝区", "经度": 106.308908, "纬度": 29.60735, "电话": NaN, "图片标题1": NaN, "图片地址1": NaN}
{"名称": "凤鸣山(地铁站)", "地址": "环线", "城市": "重庆市", "标签": "交通设施服务;地铁站;地铁站", "区域名称": "沙坪坝区", "经度": 106.449365, "纬度": 29.524457, "电话": NaN, "图片标题1": NaN, "图片地址1": NaN}
{"名称": "新桥(地铁站)", "地址": "9号线", "城市": "重庆市", "标签": "交通设施服务;地铁站;地铁站", "区域名称": "沙坪坝区", "经度": 106.439901, "纬度": 29.526294, "电话": NaN, "图片标题1": NaN, "图片地址1": NaN}
{"名称": "上桥(地铁站)", "地址": "环线", "城市": "重庆市", "标签": "交通设施服务;地铁站;地铁站", "区域名称": "沙坪坝区", "经度": 106.442419, "纬度": 29.517693, "电话": NaN, "图片标题1": NaN, "图片地址1": NaN}
{"名称": "土湾(地铁站)", "地址": "9号线", "城市": "重庆市", "标签": "交通设施服务;地铁站;地铁站", "区域名称": "沙坪坝区", "经度": 106.48045, "纬度": 29.551232, "电话": NaN, "图片标题1": NaN, "图片地址1": NaN}
{"名称": "小龙坎(地铁站)", "地址": "1号线;9号线", "城市": "重庆市", "标签": "交通设施服务;地铁站;地铁站", "区域名称": "沙坪坝区", "经度": 106.468225, "纬度": 29.553697, "电话": NaN, "图片标题1": NaN, "图片地址1": NaN}
{"名称": "马家岩(地铁站)", "地址": "1号线", "城市": "重庆市", "标签": "交通设施服务;地铁站;地铁站", "区域名称": "沙坪坝区", "经度": 106.468033, "纬度": 29.544984, "电话": NaN, "图片标题1": NaN, "图片地址1": NaN}
{"名称": "重庆大学(地铁站)", "地址": "环线", "城市": "重庆市", "标签": "交通设施服务;地铁站;地铁站", "区域名称": "沙坪坝区", "经度": 106.463616, "纬度": 29.568332, "电话": NaN, "图片标题1": NaN, "图片地址1": NaN}
{"名称": "高庙村(地铁站)", "地址": "1号线", "城市": "重庆市", "标签": "交通设施服务;地铁站;地铁站", "区域名称": "沙坪坝区", "经度": 106.469211, "纬度": 29.536409, "电话": NaN, "图片标题1": NaN, "图片地址1": NaN}
{"名称": "井口(地铁站)", "地址": "(在建)15号线二期", "城市": "重庆市", "标签": "交通设施服务;地铁站;地铁站", "区域名称": "沙坪坝区", "经度": 106.451638, "纬度": 29.661532, "电话": NaN, "图片标题1": NaN, "图片地址1": NaN}
{"名称": "沙坪坝(地铁站)", "地址": "(在建)27号线;1号线;9号线;环线", "城市": "重庆市", "标签": "交通设施服务;地铁站;地铁站", "区域名称": "沙坪坝区", "经度": 106.460425, "纬度": 29.556003, "电话": NaN, "图片标题1": NaN, "图片地址1": NaN}
{"名称": "天星桥(地铁站)", "地址": NaN, "城市": "重庆市", "标签": "交通设施服务;地铁站;地铁站", "区域名称": "沙坪坝区", "经度": 106.458625, "纬度": 29.542227, "电话": NaN, "图片标题1": NaN, "图片地址1": NaN}
{"名称": "杨公桥(地铁站)", "地址": "1号线", "城市": "重庆市", "标签": "交通设施服务;地铁站;地铁站", "区域名称": "沙坪坝区", "经度": 106.450227, "纬度": 29.561544, "电话": NaN, "图片标题1": NaN, "图片地址1": NaN}
{"名称": "天梨路(地铁站)", "地址": "9号线", "城市": "重庆市", "标签": "交通设施服务;地铁站;地铁站", "区域名称": "沙坪坝区", "经度": 106.450777, "纬度": 29.54971, "电话": NaN, "图片标题1": NaN, "图片地址1": NaN}
{"名称": "重庆图书馆(地铁站)", "地址": "环线", "城市": "重庆市", "标签": "交通设施服务;地铁站;地铁站", "区域名称": "沙坪坝区", "经度": 106.455786, "纬度": 29.532534, "电话": NaN, "图片标题1": NaN, "图片地址1": NaN}
{"名称": "高滩岩(地铁站)", "地址": "9号线", "城市": "重庆市", "标签": "交通设施服务;地铁站;地铁站", "区域名称": "沙坪坝区", "经度": 106.449715, "纬度": 29.539442, "电话": NaN, "图片标题1": NaN, "图片地址1": NaN}
{"名称": "烈士墓(地铁站)", "地址": "1号线", "城市": "重庆市", "标签": "交通设施服务;地铁站;地铁站", "区域名称": "沙坪坝区", "经度": 106.445437, "纬度": 29.567434, "电话": NaN, "图片标题1": NaN, "图片地址1": "http://store.is.autonavi.com/showpic/b1121e60ece86c4d9b35fee624069301"}
{"名称": "磁器口(地铁站)", "地址": "(在建)27号线;1号线", "城市": "重庆市", "标签": "交通设施服务;地铁站;地铁站", "区域名称": "沙坪坝区", "经度": 106.44642, "纬度": 29.576719, "电话": NaN, "图片标题1": NaN, "图片地址1": NaN}
{"名称": "西永(地铁站)", "地址": "(在建)27号线", "城市": "重庆市", "标签": "交通设施服务;地铁站;地铁站", "区域名称": "沙坪坝区", "经度": 106.372077, "纬度": 29.59947, "电话": NaN, "图片标题1": NaN, "图片地址1": NaN}
{"名称": "石井坡(地铁站)", "地址": "1号线", "城市": "重庆市", "标签": "交通设施服务;地铁站;地铁站", "区域名称": "沙坪坝区", "经度": 106.444283, "纬度": 29.589415, "电话": NaN, "图片标题1": NaN, "图片地址1": NaN}
{"名称": "双碑(地铁站)", "地址": "1号线", "城市": "重庆市", "标签": "交通设施服务;地铁站;地铁站", "区域名称": "沙坪坝区", "经度": 106.44437, "纬度": 29.605775, "电话": NaN, "图片标题1": NaN, "图片地址1": NaN}
{"名称": "寨山坪(地铁站)", "地址": "(在建)27号线", "城市": "重庆市", "标签": "交通设施服务;地铁站;地铁站", "区域名称": "沙坪坝区", "经度": 106.349477, "纬度": 29.599299, "电话": NaN, "图片标题1": NaN, "图片地址1": NaN}
{"名称": "物流园北(地铁站)", "地址": "(在建)15号线二期", "城市": "重庆市", "标签": "交通设施服务;地铁站;地铁站", "区域名称": "沙坪坝区", "经度": 106.36006, "纬度": 29.662173, "电话": NaN, "图片标题1": NaN, "图片地址1": NaN}
{"名称": "大学城南(地铁站)", "地址": "(在建)15号线二期;(在建)27号线", "城市": "重庆市", "标签": "交通设施服务;地铁站;地铁站", "区域名称": "沙坪坝区", "经度": 106.330672, "纬度": 29.597963, "电话": NaN, "图片标题1": NaN, "图片地址1": NaN}
{"名称": "大学城北一路(地铁站)", "地址": "(在建)15号线二期", "城市": "重庆市", "标签": "交通设施服务;地铁站;地铁站", "区域名称": "沙坪坝区", "经度": 106.330481, "纬度": 29.624189, "电话": NaN, "图片标题1": NaN, "图片地址1": NaN}
{"名称": "大学城(地铁站)", "地址": "1号线", "城市": "重庆市", "标签": "交通设施服务;地铁站;地铁站", "区域名称": "沙坪坝区", "经度": 106.308908, "纬度": 29.60735, "电话": NaN, "图片标题1": NaN, "图片地址1": NaN}
{"名称": "凤鸣山(地铁站)", "地址": "环线", "城市": "重庆市", "标签": "交通设施服务;地铁站;地铁站", "区域名称": "沙坪坝区", "经度": 106.449365, "纬度": 29.524457, "电话": NaN, "图片标题1": NaN, "图片地址1": NaN}
{"名称": "新桥(地铁站)", "地址": "9号线", "城市": "重庆市", "标签": "交通设施服务;地铁站;地铁站", "区域名称": "沙坪坝区", "经度": 106.439901, "纬度": 29.526294, "电话": NaN, "图片标题1": NaN, "图片地址1": NaN}
{"名称": "上桥(地铁站)", "地址": "环线", "城市": "重庆市", "标签": "交通设施服务;地铁站;地铁站", "区域名称": "沙坪坝区", "经度": 106.442419, "纬度": 29.517693, "电话": NaN, "图片标题1": NaN, "图片地址1": NaN}
{"名称": "土湾(地铁站)", "地址": "9号线", "城市": "重庆市", "标签": "交通设施服务;地铁站;地铁站", "区域名称": "沙坪坝区", "经度": 106.48045, "纬度": 29.551232, "电话": NaN, "图片标题1": NaN, "图片地址1": NaN}
{"名称": "小龙坎(地铁站)", "地址": "1号线;9号线", "城市": "重庆市", "标签": "交通设施服务;地铁站;地铁站", "区域名称": "沙坪坝区", "经度": 106.468225, "纬度": 29.553697, "电话": NaN, "图片标题1": NaN, "图片地址1": NaN}
{"名称": "马家岩(地铁站)", "地址": "1号线", "城市": "重庆市", "标签": "交通设施服务;地铁站;地铁站", "区域名称": "沙坪坝区", "经度": 106.468033, "纬度": 29.544984, "电话": NaN, "图片标题1": NaN, "图片地址1": NaN}
{"名称": "重庆大学(地铁站)", "地址": "环线", "城市": "重庆市", "标签": "交通设施服务;地铁站;地铁站", "区域名称": "沙坪坝区", "经度": 106.463616, "纬度": 29.568332, "电话": NaN, "图片标题1": NaN, "图片地址1": NaN}
{"名称": "高庙村(地铁站)", "地址": "1号线", "城市": "重庆市", "标签": "交通设施服务;地铁站;地铁站", "区域名称": "沙坪坝区", "经度": 106.469211, "纬度": 29.536409, "电话": NaN, "图片标题1": NaN, "图片地址1": NaN}
{"名称": "井口(地铁站)", "地址": "(在建)15号线二期", "城市": "重庆市", "标签": "交通设施服务;地铁站;地铁站", "区域名称": "沙坪坝区", "经度": 106.451638, "纬度": 29.661532, "电话": NaN, "图片标题1": NaN, "图片地址1": NaN}
{"名称": "沙坪坝(地铁站)", "地址": "(在建)27号线;1号线;9号线;环线", "城市": "重庆市", "标签": "交通设施服务;地铁站;地铁站", "区域名称": "沙坪坝区", "经度": 106.460425, "纬度": 29.556003, "电话": NaN, "图片标题1": NaN, "图片地址1": NaN}
{"名称": "天星桥(地铁站)", "地址": NaN, "城市": "重庆市", "标签": "交通设施服务;地铁站;地铁站", "区域名称": "沙坪坝区", "经度": 106.458625, "纬度": 29.542227, "电话": NaN, "图片标题1": NaN, "图片地址1": NaN}
{"名称": "杨公桥(地铁站)", "地址": "1号线", "城市": "重庆市", "标签": "交通设施服务;地铁站;地铁站", "区域名称": "沙坪坝区", "经度": 106.450227, "纬度": 29.561544, "电话": NaN, "图片标题1": NaN, "图片地址1": NaN}
{"名称": "天梨路(地铁站)", "地址": "9号线", "城市": "重庆市", "标签": "交通设施服务;地铁站;地铁站", "区域名称": "沙坪坝区", "经度": 106.450777, "纬度": 29.54971, "电话": NaN, "图片标题1": NaN, "图片地址1": NaN}
{"名称": "重庆图书馆(地铁站)", "地址": "环线", "城市": "重庆市", "标签": "交通设施服务;地铁站;地铁站", "区域名称": "沙坪坝区", "经度": 106.455786, "纬度": 29.532534, "电话": NaN, "图片标题1": NaN, "图片地址1": NaN}
{"名称": "高滩岩(地铁站)", "地址": "9号线", "城市": "重庆市", "标签": "交通设施服务;地铁站;地铁站", "区域名称": "沙坪坝区", "经度": 106.449715, "纬度": 29.539442, "电话": NaN, "图片标题1": NaN, "图片地址1": NaN}
{"名称": "烈士墓(地铁站)", "地址": "1号线", "城市": "重庆市", "标签": "交通设施服务;地铁站;地铁站", "区域名称": "沙坪坝区", "经度": 106.445437, "纬度": 29.567434, "电话": NaN, "图片标题1": NaN, "图片地址1": "http://store.is.autonavi.com/showpic/b1121e60ece86c4d9b35fee624069301"}
{"名称": "磁器口(地铁站)", "地址": "(在建)27号线;1号线", "城市": "重庆市", "标签": "交通设施服务;地铁站;地铁站", "区域名称": "沙坪坝区", "经度": 106.44642, "纬度": 29.576719, "电话": NaN, "图片标题1": NaN, "图片地址1": NaN}
{"名称": "西永(地铁站)", "地址": "(在建)27号线", "城市": "重庆市", "标签": "交通设施服务;地铁站;地铁站", "区域名称": "沙坪坝区", "经度": 106.372077, "纬度": 29.59947, "电话": NaN, "图片标题1": NaN, "图片地址1": NaN}
{"名称": "石井坡(地铁站)", "地址": "1号线", "城市": "重庆市", "标签": "交通设施服务;地铁站;地铁站", "区域名称": "沙坪坝区", "经度": 106.444283, "纬度": 29.589415, "电话": NaN, "图片标题1": NaN, "图片地址1": NaN}
{"名称": "双碑(地铁站)", "地址": "1号线", "城市": "重庆市", "标签": "交通设施服务;地铁站;地铁站", "区域名称": "沙坪坝区", "经度": 106.44437, "纬度": 29.605775, "电话": NaN, "图片标题1": NaN, "图片地址1": NaN}
{"名称": "寨山坪(地铁站)", "地址": "(在建)27号线", "城市": "重庆市", "标签": "交通设施服务;地铁站;地铁站", "区域名称": "沙坪坝区", "经度": 106.349477, "纬度": 29.599299, "电话": NaN, "图片标题1": NaN, "图片地址1": NaN}
{"名称": "物流园北(地铁站)", "地址": "(在建)15号线二期", "城市": "重庆市", "标签": "交通设施服务;地铁站;地铁站", "区域名称": "沙坪坝区", "经度": 106.36006, "纬度": 29.662173, "电话": NaN, "图片标题1": NaN, "图片地址1": NaN}
{"名称": "大学城南(地铁站)", "地址": "(在建)15号线二期;(在建)27号线", "城市": "重庆市", "标签": "交通设施服务;地铁站;地铁站", "区域名称": "沙坪坝区", "经度": 106.330672, "纬度": 29.597963, "电话": NaN, "图片标题1": NaN, "图片地址1": NaN}
{"名称": "大学城北一路(地铁站)", "地址": "(在建)15号线二期", "城市": "重庆市", "标签": "交通设施服务;地铁站;地铁站", "区域名称": "沙坪坝区", "经度": 106.330481, "纬度": 29.624189, "电话": NaN, "图片标题1": NaN, "图片地址1": NaN}
{"名称": "重庆西站(地铁站)", "地址": "5号线;环线", "城市": "重庆市", "标签": "交通设施服务;地铁站;地铁站", "区域名称": "沙坪坝区", "经度": 106.439385, "纬度": 29.500105, "电话": NaN, "图片标题1": NaN, "图片地址1": NaN}
{"名称": "张家湾(地铁站)", "地址": "(在建)15号线二期", "城市": "重庆市", "标签": "交通设施服务;地铁站;地铁站", "区域名称": "沙坪坝区", "经度": 106.332393, "纬度": 29.647983, "电话": NaN, "图片标题1": NaN, "图片地址1": NaN}
{"名称": "大学城中路(地铁站)", "地址": "(在建)15号线二期", "城市": "重庆市", "标签": "交通设施服务;地铁站;地铁站", "区域名称": "沙坪坝区", "经度": 106.308467, "纬度": 29.576501, "电话": NaN, "图片标题1": NaN, "图片地址1": NaN}
{"名称": "虎溪(地铁站)", "地址": "(在建)27号线", "城市": "重庆市", "标签": "交通设施服务;地铁站;地铁站", "区域名称": "沙坪坝区", "经度": 106.307355, "纬度": 29.598606, "电话": NaN, "图片标题1": NaN, "图片地址1": NaN}
{"名称": "曾家(地铁站)", "地址": "(在建)15号线二期", "城市": "重庆市", "标签": "交通设施服务;地铁站;地铁站", "区域名称": "沙坪坝区", "经度": 106.29785, "纬度": 29.554397, "电话": NaN, "图片标题1": NaN, "图片地址1": NaN}
{"名称": "赖家桥(地铁站)", "地址": "1号线", "城市": "重庆市", "标签": "交通设施服务;地铁站;地铁站", "区域名称": "沙坪坝区", "经度": 106.381441, "纬度": 29.610285, "电话": NaN, "图片标题1": NaN, "图片地址1": NaN}
{"名称": "微电园(地铁站)", "地址": "1号线", "城市": "重庆市", "标签": "交通设施服务;地铁站;地铁站", "区域名称": "沙坪坝区", "经度": 106.362894, "纬度": 29.609665, "电话": NaN, "图片标题1": NaN, "图片地址1": NaN}
{"名称": "陈家桥(地铁站)", "地址": "(在建)15号线二期;1号线", "城市": "重庆市", "标签": "交通设施服务;地铁站;地铁站", "区域名称": "沙坪坝区", "经度": 106.328499, "纬度": 29.607427, "电话": NaN, "图片标题1": NaN, "图片地址1": NaN}
{"名称": "尖顶坡(地铁站)", "地址": "1号线", "城市": "重庆市", "标签": "交通设施服务;地铁站;地铁站", "区域名称": "沙坪坝区", "经度": 106.292967, "纬度": 29.607324, "电话": NaN, "图片标题1": NaN, "图片地址1": NaN}
{"名称": "红岩村地铁站2号口", "地址": "9号线", "城市": "重庆市", "标签": "交通设施服务;地铁站;出入口", "区域名称": "沙坪坝区", "经度": 106.491245, "纬度": 29.552003, "电话": NaN, "图片标题1": NaN, "图片地址1": NaN}
{"名称": "土湾地铁站1C口", "地址": "9号线", "城市": "重庆市", "标签": "交通设施服务;地铁站;出入口", "区域名称": "沙坪坝区", "经度": 106.480631, "纬度": 29.551317, "电话": NaN, "图片标题1": NaN, "图片地址1": NaN}
{"名称": "土湾地铁站1A口", "地址": "9号线", "城市": "重庆市", "标签": "交通设施服务;地铁站;出入口", "区域名称": "沙坪坝区", "经度": 106.480301, "纬度": 29.55131, "电话": NaN, "图片标题1": NaN, "图片地址1": NaN}
{"名称": "上桥地铁站1号口", "地址": "环线", "城市": "重庆市", "标签": "交通设施服务;地铁站;出入口", "区域名称": "沙坪坝区", "经度": 106.440917, "纬度": 29.519411, "电话": NaN, "图片标题1": NaN, "图片地址1": NaN}
{"名称": "上桥地铁站3号口", "地址": "环线", "城市": "重庆市", "标签": "交通设施服务;地铁站;出入口", "区域名称": "沙坪坝区", "经度": 106.44297, "纬度": 29.517986, "电话": NaN, "图片标题1": NaN, "图片地址1": NaN}
{"名称": "上桥地铁站2号口", "地址": "环线", "城市": "重庆市", "标签": "交通设施服务;地铁站;出入口", "区域名称": "沙坪坝区", "经度": 106.442591, "纬度": 29.518345, "电话": NaN, "图片标题1": NaN, "图片地址1": NaN}
{"名称": "凤鸣山地铁站1B口", "地址": "环线", "城市": "重庆市", "标签": "交通设施服务;地铁站;出入口", "区域名称": "沙坪坝区", "经度": 106.449744, "纬度": 29.524742, "电话": NaN, "图片标题1": NaN, "图片地址1": NaN}
{"名称": "凤鸣山地铁站2C口", "地址": "环线", "城市": "重庆市", "标签": "交通设施服务;地铁站;出入口", "区域名称": "沙坪坝区", "经度": 106.449002, "纬度": 29.524162, "电话": NaN, "图片标题1": NaN, "图片地址1": NaN}
{"名称": "重庆大学地铁站1A口", "地址": "环线", "城市": "重庆市", "标签": "交通设施服务;地铁站;出入口", "区域名称": "沙坪坝区", "经度": 106.462438, "纬度": 29.568801, "电话": NaN, "图片标题1": NaN, "图片地址1": NaN}
{"名称": "重庆大学地铁站3号口", "地址": "环线", "城市": "重庆市", "标签": "交通设施服务;地铁站;出入口", "区域名称": "沙坪坝区", "经度": 106.463872, "纬度": 29.567541, "电话": NaN, "图片标题1": NaN, "图片地址1": NaN}
{"名称": "重庆大学地铁站1B口", "地址": "环线", "城市": "重庆市", "标签": "交通设施服务;地铁站;出入口", "区域名称": "沙坪坝区", "经度": 106.462588, "纬度": 29.568968, "电话": NaN, "图片标题1": NaN, "图片地址1": NaN}
{"名称": "马家岩地铁站1A口", "地址": "1号线", "城市": "重庆市", "标签": "交通设施服务;地铁站;出入口", "区域名称": "沙坪坝区", "经度": 106.46746, "纬度": 29.545151, "电话": NaN, "图片标题1": NaN, "图片地址1": NaN}
{"名称": "马家岩地铁站2号口", "地址": "1号线", "城市": "重庆市", "标签": "交通设施服务;地铁站;出入口", "区域名称": "沙坪坝区", "经度": 106.46893, "纬度": 29.545487, "电话": NaN, "图片标题1": NaN, "图片地址1": NaN}
{"名称": "马家岩地铁站1B口", "地址": "1号线", "城市": "重庆市", "标签": "交通设施服务;地铁站;出入口", "区域名称": "沙坪坝区", "经度": 106.467123, "纬度": 29.544661, "电话": NaN, "图片标题1": NaN, "图片地址1": NaN}
{"名称": "小龙坎地铁站4A口", "地址": "1号线", "城市": "重庆市", "标签": "交通设施服务;地铁站;出入口", "区域名称": "沙坪坝区", "经度": 106.46748, "纬度": 29.553677, "电话": NaN, "图片标题1": NaN, "图片地址1": NaN}
{"名称": "小龙坎地铁站4号口", "地址": "1号线", "城市": "重庆市", "标签": "交通设施服务;地铁站;出入口", "区域名称": "沙坪坝区", "经度": 106.466966, "纬度": 29.553257, "电话": NaN, "图片标题1": NaN, "图片地址1": NaN}
