{"名称": "重庆市马家岩二手车交易市场", "地址": "杨家沟(梨树湾站附近)", "城市": "重庆市", "标签": "汽车服务;二手车交易;二手车交易", "区域名称": "沙坪坝区", "经度": 106.434747, "纬度": 29.545649, "电话": "023-65378996;023-65378998", "图片标题1": NaN, "图片地址1": "http://store.is.autonavi.com/showpic/5e2b83067c84e40e0d2338701cf4c827", "图片标题2": NaN, "图片地址2": NaN, "图片标题3": NaN, "图片地址3": NaN}
{"名称": "家豪名车二手车", "地址": "丰文街道西尊路", "城市": "重庆市", "标签": "汽车服务;二手车交易;二手车交易", "区域名称": "沙坪坝区", "经度": 106.350259, "纬度": 29.623517, "电话": "13368427654", "图片标题1": NaN, "图片地址1": "http://store.is.autonavi.com/showpic/6034639b55d2bbb605e6bbd87cff8903", "图片标题2": NaN, "图片地址2": "http://store.is.autonavi.com/showpic/cd3601c0ea4ccdb47533caf496c09e60", "图片标题3": NaN, "图片地址3": "http://store.is.autonavi.com/showpic/9324082d99f3a93ba499d16e2cd2eb53"}
{"名称": "锐恒名车", "地址": "陈家桥国泰鑫汽博城C5-8展厅", "城市": "重庆市", "标签": "汽车服务;二手车交易;二手车交易", "区域名称": "沙坪坝区", "经度": 106.341672, "纬度": 29.628921, "电话": "18623156135", "图片标题1": NaN, "图片地址1": "http://store.is.autonavi.com/showpic/7c466da0ea7c4aafd899fb19167c3a31", "图片标题2": NaN, "图片地址2": "http://store.is.autonavi.com/showpic/6e62239b7283532b30ff3213f004ea67", "图片标题3": NaN, "图片地址3": "http://store.is.autonavi.com/showpic/cf0d16377364ec976677c57b79d8d3a9"}
{"名称": "重庆众众车二手车", "地址": "陈家桥国盛鑫汽博城", "城市": "重庆市", "标签": "汽车服务;二手车交易;二手车交易", "区域名称": "沙坪坝区", "经度": 106.339399, "纬度": 29.6295, "电话": "18725976664", "图片标题1": NaN, "图片地址1": "http://store.is.autonavi.com/showpic/14f805f3cf921903f1ae18e64e65437a", "图片标题2": NaN, "图片地址2": "http://store.is.autonavi.com/showpic/608fec1780b3345d6a66298b212e2cae", "图片标题3": NaN, "图片地址3": NaN}
{"名称": "毋忧车汇二手车", "地址": "西部国际汽车城k3区", "城市": "重庆市", "标签": "汽车服务;二手车交易;二手车交易", "区域名称": "沙坪坝区", "经度": 106.561355, "纬度": 29.479032, "电话": "13368267639;16602333673", "图片标题1": NaN, "图片地址1": "http://store.is.autonavi.com/showpic/82ab486ceda9e83252bff667e9a5235a", "图片标题2": NaN, "图片地址2": NaN, "图片标题3": NaN, "图片地址3": NaN}
{"名称": "满城二手车", "地址": "下土湾路", "城市": "重庆市", "标签": "汽车服务;二手车交易;二手车交易", "区域名称": "沙坪坝区", "经度": 106.478624, "纬度": 29.551484, "电话": "18780888234", "图片标题1": NaN, "图片地址1": "http://store.is.autonavi.com/showpic/f16df7c73934d0e68353c08cc4b3d04c", "图片标题2": NaN, "图片地址2": "http://store.is.autonavi.com/showpic/e426c5157c6e3119df06bf9955d4274c", "图片标题3": NaN, "图片地址3": NaN}
{"名称": "303汽车二手车", "地址": "陈丰路66号附16号", "城市": "重庆市", "标签": "汽车服务;二手车交易;二手车交易", "区域名称": "沙坪坝区", "经度": 106.350362, "纬度": 29.622642, "电话": "023-65167409", "图片标题1": NaN, "图片地址1": "http://store.is.autonavi.com/showpic/d86d631d03058d77bfb235e988c44a68", "图片标题2": NaN, "图片地址2": NaN, "图片标题3": NaN, "图片地址3": NaN}
{"名称": "车之家二手车", "地址": "丰文街道国泰鑫汽博城练车区D区17号", "城市": "重庆市", "标签": "汽车服务;二手车交易;二手车交易", "区域名称": "沙坪坝区", "经度": 106.341635, "纬度": 29.628828, "电话": NaN, "图片标题1": NaN, "图片地址1": "http://store.is.autonavi.com/showpic/9c00bbf353e0d25832c28cdff6661c6f", "图片标题2": NaN, "图片地址2": NaN, "图片标题3": NaN, "图片地址3": NaN}
{"名称": "重庆彬星二手车", "地址": "凤中路219号", "城市": "重庆市", "标签": "汽车服务;二手车交易;二手车交易", "区域名称": "沙坪坝区", "经度": 106.444165, "纬度": 29.523067, "电话": NaN, "图片标题1": NaN, "图片地址1": "http://store.is.autonavi.com/showpic/bc543bbaa811b2532aecd03fb324f48b", "图片标题2": NaN, "图片地址2": NaN, "图片标题3": NaN, "图片地址3": NaN}
{"名称": "世诚二手车(赖家桥店)", "地址": "锦绣路95号(赖家桥地铁站2号口步行70米)", "城市": "重庆市", "标签": "汽车服务;二手车交易;二手车交易", "区域名称": "沙坪坝区", "经度": 106.380997, "纬度": 29.609249, "电话": "13594514977", "图片标题1": NaN, "图片地址1": "http://store.is.autonavi.com/showpic/ed04c73c6370b5c5c9955f30597963af", "图片标题2": NaN, "图片地址2": "http://store.is.autonavi.com/showpic/a86b96250b3de867c050ac3d1b551792", "图片标题3": NaN, "图片地址3": "http://store.is.autonavi.com/showpic/ae6e4715e04aaf680136535d3a4d9ab3"}
{"名称": "重庆西永二手车行", "地址": "西永街道滨河路A35号", "城市": "重庆市", "标签": "汽车服务;二手车交易;二手车交易", "区域名称": "沙坪坝区", "经度": 106.378874, "纬度": 29.58979, "电话": NaN, "图片标题1": NaN, "图片地址1": NaN, "图片标题2": NaN, "图片地址2": NaN, "图片标题3": NaN, "图片地址3": NaN}
{"名称": "重庆融翔汽车二手车", "地址": "重庆国盛鑫气博城", "城市": "重庆市", "标签": "汽车服务;二手车交易;二手车交易", "区域名称": "沙坪坝区", "经度": 106.341627, "纬度": 29.629033, "电话": NaN, "图片标题1": NaN, "图片地址1": "http://store.is.autonavi.com/showpic/69ebabe485b3fb9dfad303e95ad98816", "图片标题2": NaN, "图片地址2": NaN, "图片标题3": NaN, "图片地址3": NaN}
{"名称": "私家车行", "地址": "重庆市重庆市沙坪坝区", "城市": "重庆市", "标签": "汽车服务;二手车交易;二手车交易", "区域名称": "沙坪坝区", "经度": 106.479046, "纬度": 29.541446, "电话": "023-68632732", "图片标题1": NaN, "图片地址1": "http://store.is.autonavi.com/showpic/b35789f226957bd7f5fab688beb571b7", "图片标题2": NaN, "图片地址2": "http://store.is.autonavi.com/showpic/2e2b9bf2b0d71b7031a313064809f1d0", "图片标题3": NaN, "图片地址3": NaN}
{"名称": "原速名车二手车", "地址": "土主镇西双大道19号附14号", "城市": "重庆市", "标签": "汽车服务;二手车交易;二手车交易", "区域名称": "沙坪坝区", "经度": 106.369406, "纬度": 29.609273, "电话": "17702380066", "图片标题1": NaN, "图片地址1": "http://store.is.autonavi.com/showpic/ea3ec2c61b555dc36a806797c02a21c9", "图片标题2": NaN, "图片地址2": "http://store.is.autonavi.com/showpic/86b0ecc01e2f0ca9979850ceb7b337c3", "图片标题3": NaN, "图片地址3": "http://store.is.autonavi.com/showpic/c51efe66d9cdb19f89afa6a600e315a3"}
{"名称": "橙心二手车", "地址": "永祥路105号附100号", "城市": "重庆市", "标签": "汽车服务;二手车交易;二手车交易", "区域名称": "沙坪坝区", "经度": 106.362121, "纬度": 29.616482, "电话": "13983853121", "图片标题1": NaN, "图片地址1": "http://store.is.autonavi.com/showpic/7c77bf198625ce6da96319bb3b54ed17", "图片标题2": NaN, "图片地址2": NaN, "图片标题3": NaN, "图片地址3": NaN}
{"名称": "佳瑞二手车寄售", "地址": "和瑞驾驶训练基地东南侧", "城市": "重庆市", "标签": "汽车服务;二手车交易;二手车交易", "区域名称": "沙坪坝区", "经度": 106.434062, "纬度": 29.543332, "电话": NaN, "图片标题1": NaN, "图片地址1": "http://store.is.autonavi.com/showpic/1cb1e91073be6afa68b5a19c06e2d5b0", "图片标题2": NaN, "图片地址2": NaN, "图片标题3": NaN, "图片地址3": NaN}
{"名称": "晶智二手车", "地址": "西园二路9号附6号", "城市": "重庆市", "标签": "汽车服务;二手车交易;二手车交易", "区域名称": "沙坪坝区", "经度": 106.376044, "纬度": 29.593187, "电话": "17725000735", "图片标题1": NaN, "图片地址1": "http://store.is.autonavi.com/showpic/965ea92c8b23c7f83fd8ad67ba4c533c", "图片标题2": NaN, "图片地址2": "http://store.is.autonavi.com/showpic/aa43e4cd8524f566cec7d02a0fd86fdf", "图片标题3": NaN, "图片地址3": "http://store.is.autonavi.com/showpic/e86205c148da4a519aa2a5585c10ffc6"}
{"名称": "桦阳精品二手车", "地址": "杨梨路融汇温泉城圣地亚北区", "城市": "重庆市", "标签": "汽车服务;二手车交易;二手车交易", "区域名称": "沙坪坝区", "经度": 106.440079, "纬度": 29.553819, "电话": NaN, "图片标题1": NaN, "图片地址1": "http://store.is.autonavi.com/showpic/f264f1eb743e7eee8487b43906e1137d", "图片标题2": NaN, "图片地址2": NaN, "图片标题3": NaN, "图片地址3": NaN}
{"名称": "启程二手车行", "地址": "梨树湾二手车市场旁", "城市": "重庆市", "标签": "汽车服务;二手车交易;二手车交易", "区域名称": "沙坪坝区", "经度": 106.435402, "纬度": 29.545834, "电话": "18875237168", "图片标题1": NaN, "图片地址1": "http://store.is.autonavi.com/showpic/a38d51be9d204c0b89b9b3f3db569746", "图片标题2": NaN, "图片地址2": NaN, "图片标题3": NaN, "图片地址3": NaN}
{"名称": "拼夕夕二手车", "地址": "G319(厦成线)", "城市": "重庆市", "标签": "汽车服务;二手车交易;二手车交易", "区域名称": "沙坪坝区", "经度": 106.420761, "纬度": 29.558098, "电话": "19122384059", "图片标题1": NaN, "图片地址1": "http://store.is.autonavi.com/showpic/b1d450bb17aad1009cae74ecfb5f45da", "图片标题2": NaN, "图片地址2": NaN, "图片标题3": NaN, "图片地址3": NaN}
{"名称": "玖顺二手车", "地址": "西永街道劳动村孔家院子18号附1号", "城市": "重庆市", "标签": "汽车服务;二手车交易;二手车交易", "区域名称": "沙坪坝区", "经度": 106.391247, "纬度": 29.586089, "电话": NaN, "图片标题1": NaN, "图片地址1": NaN, "图片标题2": NaN, "图片地址2": NaN, "图片标题3": NaN, "图片地址3": NaN}
{"名称": "大学城二手车交易市场", "地址": "大学城南二路", "城市": "重庆市", "标签": "汽车服务;二手车交易;二手车交易", "区域名称": "沙坪坝区", "经度": 106.271085, "纬度": 29.580129, "电话": NaN, "图片标题1": NaN, "图片地址1": "http://store.is.autonavi.com/showpic/5bb615fea04f11d4550c3fbde3eafb86", "图片标题2": NaN, "图片地址2": "http://store.is.autonavi.com/showpic/539acca64c760e9c1122ac4f81909e44", "图片标题3": NaN, "图片地址3": "http://store.is.autonavi.com/showpic/95e213481a2fd356bc6c44133a8c5a37"}
{"名称": "芒果二手车", "地址": "陈家桥街道永祥路107号附71号", "城市": "重庆市", "标签": "汽车服务;二手车交易;二手车交易", "区域名称": "沙坪坝区", "经度": 106.362049, "纬度": 29.617776, "电话": "18375881534", "图片标题1": NaN, "图片地址1": "http://store.is.autonavi.com/showpic/1f5f906ad27fcacaf37467ec86876ab2", "图片标题2": NaN, "图片地址2": "http://store.is.autonavi.com/showpic/a6bd399fc704c8f701a2247200ae8fae", "图片标题3": NaN, "图片地址3": "http://store.is.autonavi.com/showpic/cd51ea8297864720301d41ca4d1a7a3c"}
{"名称": "亿昇二手车", "地址": "大学城西路17号附192号", "城市": "重庆市", "标签": "汽车服务;二手车交易;二手车交易", "区域名称": "沙坪坝区", "经度": 106.291449, "纬度": 29.593394, "电话": "13640587989", "图片标题1": NaN, "图片地址1": "http://store.is.autonavi.com/showpic/5b40ac595c90d37c6927cffa2a13a38c", "图片标题2": NaN, "图片地址2": "http://store.is.autonavi.com/showpic/ed5719d5bfee807d1b3468197a9bae8e", "图片标题3": NaN, "图片地址3": "http://store.is.autonavi.com/showpic/38e4a86176c02fef8b87e2acd6571552"}
{"名称": "龙标二手车行", "地址": "龙海路20号", "城市": "重庆市", "标签": "汽车服务;二手车交易;二手车交易", "区域名称": "沙坪坝区", "经度": 106.385784, "纬度": 29.706141, "电话": "15823990825", "图片标题1": NaN, "图片地址1": "http://store.is.autonavi.com/showpic/b767d21cf9c19d67d5c009ebde486c24", "图片标题2": NaN, "图片地址2": NaN, "图片标题3": NaN, "图片地址3": NaN}
{"名称": "重庆市马家岩二手车交易市场", "地址": "杨家沟(梨树湾站附近)", "城市": "重庆市", "标签": "汽车服务;二手车交易;二手车交易", "区域名称": "沙坪坝区", "经度": 106.434747, "纬度": 29.545649, "电话": "023-65378996;023-65378998", "图片标题1": NaN, "图片地址1": "http://store.is.autonavi.com/showpic/5e2b83067c84e40e0d2338701cf4c827", "图片标题2": NaN, "图片地址2": NaN, "图片标题3": NaN, "图片地址3": NaN}
{"名称": "家豪名车二手车", "地址": "丰文街道西尊路", "城市": "重庆市", "标签": "汽车服务;二手车交易;二手车交易", "区域名称": "沙坪坝区", "经度": 106.350259, "纬度": 29.623517, "电话": "13368427654", "图片标题1": NaN, "图片地址1": "http://store.is.autonavi.com/showpic/6034639b55d2bbb605e6bbd87cff8903", "图片标题2": NaN, "图片地址2": "http://store.is.autonavi.com/showpic/cd3601c0ea4ccdb47533caf496c09e60", "图片标题3": NaN, "图片地址3": "http://store.is.autonavi.com/showpic/9324082d99f3a93ba499d16e2cd2eb53"}
{"名称": "锐恒名车", "地址": "陈家桥国泰鑫汽博城C5-8展厅", "城市": "重庆市", "标签": "汽车服务;二手车交易;二手车交易", "区域名称": "沙坪坝区", "经度": 106.341672, "纬度": 29.628921, "电话": "18623156135", "图片标题1": NaN, "图片地址1": "http://store.is.autonavi.com/showpic/7c466da0ea7c4aafd899fb19167c3a31", "图片标题2": NaN, "图片地址2": "http://store.is.autonavi.com/showpic/6e62239b7283532b30ff3213f004ea67", "图片标题3": NaN, "图片地址3": "http://store.is.autonavi.com/showpic/cf0d16377364ec976677c57b79d8d3a9"}
{"名称": "重庆众众车二手车", "地址": "陈家桥国盛鑫汽博城", "城市": "重庆市", "标签": "汽车服务;二手车交易;二手车交易", "区域名称": "沙坪坝区", "经度": 106.339399, "纬度": 29.6295, "电话": "18725976664", "图片标题1": NaN, "图片地址1": "http://store.is.autonavi.com/showpic/14f805f3cf921903f1ae18e64e65437a", "图片标题2": NaN, "图片地址2": "http://store.is.autonavi.com/showpic/608fec1780b3345d6a66298b212e2cae", "图片标题3": NaN, "图片地址3": NaN}
{"名称": "毋忧车汇二手车", "地址": "西部国际汽车城k3区", "城市": "重庆市", "标签": "汽车服务;二手车交易;二手车交易", "区域名称": "沙坪坝区", "经度": 106.561355, "纬度": 29.479032, "电话": "13368267639;16602333673", "图片标题1": NaN, "图片地址1": "http://store.is.autonavi.com/showpic/82ab486ceda9e83252bff667e9a5235a", "图片标题2": NaN, "图片地址2": NaN, "图片标题3": NaN, "图片地址3": NaN}
{"名称": "满城二手车", "地址": "下土湾路", "城市": "重庆市", "标签": "汽车服务;二手车交易;二手车交易", "区域名称": "沙坪坝区", "经度": 106.478624, "纬度": 29.551484, "电话": "18780888234", "图片标题1": NaN, "图片地址1": "http://store.is.autonavi.com/showpic/f16df7c73934d0e68353c08cc4b3d04c", "图片标题2": NaN, "图片地址2": "http://store.is.autonavi.com/showpic/e426c5157c6e3119df06bf9955d4274c", "图片标题3": NaN, "图片地址3": NaN}
{"名称": "303汽车二手车", "地址": "陈丰路66号附16号", "城市": "重庆市", "标签": "汽车服务;二手车交易;二手车交易", "区域名称": "沙坪坝区", "经度": 106.350362, "纬度": 29.622642, "电话": "023-65167409", "图片标题1": NaN, "图片地址1": "http://store.is.autonavi.com/showpic/d86d631d03058d77bfb235e988c44a68", "图片标题2": NaN, "图片地址2": NaN, "图片标题3": NaN, "图片地址3": NaN}
{"名称": "车之家二手车", "地址": "丰文街道国泰鑫汽博城练车区D区17号", "城市": "重庆市", "标签": "汽车服务;二手车交易;二手车交易", "区域名称": "沙坪坝区", "经度": 106.341635, "纬度": 29.628828, "电话": NaN, "图片标题1": NaN, "图片地址1": "http://store.is.autonavi.com/showpic/9c00bbf353e0d25832c28cdff6661c6f", "图片标题2": NaN, "图片地址2": NaN, "图片标题3": NaN, "图片地址3": NaN}
{"名称": "重庆彬星二手车", "地址": "凤中路219号", "城市": "重庆市", "标签": "汽车服务;二手车交易;二手车交易", "区域名称": "沙坪坝区", "经度": 106.444165, "纬度": 29.523067, "电话": NaN, "图片标题1": NaN, "图片地址1": "http://store.is.autonavi.com/showpic/bc543bbaa811b2532aecd03fb324f48b", "图片标题2": NaN, "图片地址2": NaN, "图片标题3": NaN, "图片地址3": NaN}
{"名称": "世诚二手车(赖家桥店)", "地址": "锦绣路95号(赖家桥地铁站2号口步行70米)", "城市": "重庆市", "标签": "汽车服务;二手车交易;二手车交易", "区域名称": "沙坪坝区", "经度": 106.380997, "纬度": 29.609249, "电话": "13594514977", "图片标题1": NaN, "图片地址1": "http://store.is.autonavi.com/showpic/ed04c73c6370b5c5c9955f30597963af", "图片标题2": NaN, "图片地址2": "http://store.is.autonavi.com/showpic/a86b96250b3de867c050ac3d1b551792", "图片标题3": NaN, "图片地址3": "http://store.is.autonavi.com/showpic/ae6e4715e04aaf680136535d3a4d9ab3"}
{"名称": "重庆西永二手车行", "地址": "西永街道滨河路A35号", "城市": "重庆市", "标签": "汽车服务;二手车交易;二手车交易", "区域名称": "沙坪坝区", "经度": 106.378874, "纬度": 29.58979, "电话": NaN, "图片标题1": NaN, "图片地址1": NaN, "图片标题2": NaN, "图片地址2": NaN, "图片标题3": NaN, "图片地址3": NaN}
{"名称": "重庆融翔汽车二手车", "地址": "重庆国盛鑫气博城", "城市": "重庆市", "标签": "汽车服务;二手车交易;二手车交易", "区域名称": "沙坪坝区", "经度": 106.341627, "纬度": 29.629033, "电话": NaN, "图片标题1": NaN, "图片地址1": "http://store.is.autonavi.com/showpic/69ebabe485b3fb9dfad303e95ad98816", "图片标题2": NaN, "图片地址2": NaN, "图片标题3": NaN, "图片地址3": NaN}
{"名称": "私家车行", "地址": "重庆市重庆市沙坪坝区", "城市": "重庆市", "标签": "汽车服务;二手车交易;二手车交易", "区域名称": "沙坪坝区", "经度": 106.479046, "纬度": 29.541446, "电话": "023-68632732", "图片标题1": NaN, "图片地址1": "http://store.is.autonavi.com/showpic/b35789f226957bd7f5fab688beb571b7", "图片标题2": NaN, "图片地址2": "http://store.is.autonavi.com/showpic/2e2b9bf2b0d71b7031a313064809f1d0", "图片标题3": NaN, "图片地址3": NaN}
{"名称": "原速名车二手车", "地址": "土主镇西双大道19号附14号", "城市": "重庆市", "标签": "汽车服务;二手车交易;二手车交易", "区域名称": "沙坪坝区", "经度": 106.369406, "纬度": 29.609273, "电话": "17702380066", "图片标题1": NaN, "图片地址1": "http://store.is.autonavi.com/showpic/ea3ec2c61b555dc36a806797c02a21c9", "图片标题2": NaN, "图片地址2": "http://store.is.autonavi.com/showpic/86b0ecc01e2f0ca9979850ceb7b337c3", "图片标题3": NaN, "图片地址3": "http://store.is.autonavi.com/showpic/c51efe66d9cdb19f89afa6a600e315a3"}
{"名称": "橙心二手车", "地址": "永祥路105号附100号", "城市": "重庆市", "标签": "汽车服务;二手车交易;二手车交易", "区域名称": "沙坪坝区", "经度": 106.362121, "纬度": 29.616482, "电话": "13983853121", "图片标题1": NaN, "图片地址1": "http://store.is.autonavi.com/showpic/7c77bf198625ce6da96319bb3b54ed17", "图片标题2": NaN, "图片地址2": NaN, "图片标题3": NaN, "图片地址3": NaN}
{"名称": "佳瑞二手车寄售", "地址": "和瑞驾驶训练基地东南侧", "城市": "重庆市", "标签": "汽车服务;二手车交易;二手车交易", "区域名称": "沙坪坝区", "经度": 106.434062, "纬度": 29.543332, "电话": NaN, "图片标题1": NaN, "图片地址1": "http://store.is.autonavi.com/showpic/1cb1e91073be6afa68b5a19c06e2d5b0", "图片标题2": NaN, "图片地址2": NaN, "图片标题3": NaN, "图片地址3": NaN}
{"名称": "晶智二手车", "地址": "西园二路9号附6号", "城市": "重庆市", "标签": "汽车服务;二手车交易;二手车交易", "区域名称": "沙坪坝区", "经度": 106.376044, "纬度": 29.593187, "电话": "17725000735", "图片标题1": NaN, "图片地址1": "http://store.is.autonavi.com/showpic/965ea92c8b23c7f83fd8ad67ba4c533c", "图片标题2": NaN, "图片地址2": "http://store.is.autonavi.com/showpic/aa43e4cd8524f566cec7d02a0fd86fdf", "图片标题3": NaN, "图片地址3": "http://store.is.autonavi.com/showpic/e86205c148da4a519aa2a5585c10ffc6"}
{"名称": "桦阳精品二手车", "地址": "杨梨路融汇温泉城圣地亚北区", "城市": "重庆市", "标签": "汽车服务;二手车交易;二手车交易", "区域名称": "沙坪坝区", "经度": 106.440079, "纬度": 29.553819, "电话": NaN, "图片标题1": NaN, "图片地址1": "http://store.is.autonavi.com/showpic/f264f1eb743e7eee8487b43906e1137d", "图片标题2": NaN, "图片地址2": NaN, "图片标题3": NaN, "图片地址3": NaN}
{"名称": "启程二手车行", "地址": "梨树湾二手车市场旁", "城市": "重庆市", "标签": "汽车服务;二手车交易;二手车交易", "区域名称": "沙坪坝区", "经度": 106.435402, "纬度": 29.545834, "电话": "18875237168", "图片标题1": NaN, "图片地址1": "http://store.is.autonavi.com/showpic/a38d51be9d204c0b89b9b3f3db569746", "图片标题2": NaN, "图片地址2": NaN, "图片标题3": NaN, "图片地址3": NaN}
{"名称": "拼夕夕二手车", "地址": "G319(厦成线)", "城市": "重庆市", "标签": "汽车服务;二手车交易;二手车交易", "区域名称": "沙坪坝区", "经度": 106.420761, "纬度": 29.558098, "电话": "19122384059", "图片标题1": NaN, "图片地址1": "http://store.is.autonavi.com/showpic/b1d450bb17aad1009cae74ecfb5f45da", "图片标题2": NaN, "图片地址2": NaN, "图片标题3": NaN, "图片地址3": NaN}
{"名称": "玖顺二手车", "地址": "西永街道劳动村孔家院子18号附1号", "城市": "重庆市", "标签": "汽车服务;二手车交易;二手车交易", "区域名称": "沙坪坝区", "经度": 106.391247, "纬度": 29.586089, "电话": NaN, "图片标题1": NaN, "图片地址1": NaN, "图片标题2": NaN, "图片地址2": NaN, "图片标题3": NaN, "图片地址3": NaN}
{"名称": "大学城二手车交易市场", "地址": "大学城南二路", "城市": "重庆市", "标签": "汽车服务;二手车交易;二手车交易", "区域名称": "沙坪坝区", "经度": 106.271085, "纬度": 29.580129, "电话": NaN, "图片标题1": NaN, "图片地址1": "http://store.is.autonavi.com/showpic/5bb615fea04f11d4550c3fbde3eafb86", "图片标题2": NaN, "图片地址2": "http://store.is.autonavi.com/showpic/539acca64c760e9c1122ac4f81909e44", "图片标题3": NaN, "图片地址3": "http://store.is.autonavi.com/showpic/95e213481a2fd356bc6c44133a8c5a37"}
{"名称": "芒果二手车", "地址": "陈家桥街道永祥路107号附71号", "城市": "重庆市", "标签": "汽车服务;二手车交易;二手车交易", "区域名称": "沙坪坝区", "经度": 106.362049, "纬度": 29.617776, "电话": "18375881534", "图片标题1": NaN, "图片地址1": "http://store.is.autonavi.com/showpic/1f5f906ad27fcacaf37467ec86876ab2", "图片标题2": NaN, "图片地址2": "http://store.is.autonavi.com/showpic/a6bd399fc704c8f701a2247200ae8fae", "图片标题3": NaN, "图片地址3": "http://store.is.autonavi.com/showpic/cd51ea8297864720301d41ca4d1a7a3c"}
{"名称": "亿昇二手车", "地址": "大学城西路17号附192号", "城市": "重庆市", "标签": "汽车服务;二手车交易;二手车交易", "区域名称": "沙坪坝区", "经度": 106.291449, "纬度": 29.593394, "电话": "13640587989", "图片标题1": NaN, "图片地址1": "http://store.is.autonavi.com/showpic/5b40ac595c90d37c6927cffa2a13a38c", "图片标题2": NaN, "图片地址2": "http://store.is.autonavi.com/showpic/ed5719d5bfee807d1b3468197a9bae8e", "图片标题3": NaN, "图片地址3": "http://store.is.autonavi.com/showpic/38e4a86176c02fef8b87e2acd6571552"}
{"名称": "龙标二手车行", "地址": "龙海路20号", "城市": "重庆市", "标签": "汽车服务;二手车交易;二手车交易", "区域名称": "沙坪坝区", "经度": 106.385784, "纬度": 29.706141, "电话": "15823990825", "图片标题1": NaN, "图片地址1": "http://store.is.autonavi.com/showpic/b767d21cf9c19d67d5c009ebde486c24", "图片标题2": NaN, "图片地址2": NaN, "图片标题3": NaN, "图片地址3": NaN}
{"名称": "好搭档二手车", "地址": "回龙坝镇龙海路87号", "城市": "重庆市", "标签": "汽车服务;二手车交易;二手车交易", "区域名称": "沙坪坝区", "经度": 106.38078, "纬度": 29.705365, "电话": "15086737536;18580458908", "图片标题1": NaN, "图片地址1": "http://store.is.autonavi.com/showpic/ac54f562c6390f384c7c46f15fb8e157", "图片标题2": NaN, "图片地址2": NaN, "图片标题3": NaN, "图片地址3": NaN}
{"名称": "世诚二手车(大学城轻轨站)", "地址": "大学城北路86号附5号", "城市": "重庆市", "标签": "汽车服务;二手车交易;二手车交易", "区域名称": "沙坪坝区", "经度": 106.311655, "纬度": 29.607779, "电话": "15023761952", "图片标题1": NaN, "图片地址1": "http://store.is.autonavi.com/showpic/2c16a21b0815f9d9b3f4fd6299455978", "图片标题2": NaN, "图片地址2": "http://store.is.autonavi.com/showpic/8ac2e52a30f4bec9eef051d246714637", "图片标题3": NaN, "图片地址3": "http://store.is.autonavi.com/showpic/870bcdd51d3f3ef1716e1102014bb0f9"}
{"名称": "收购二手车", "地址": "土湾地铁站1C口步行480米", "城市": "重庆市", "标签": "汽车服务;二手车交易;二手车交易", "区域名称": "沙坪坝区", "经度": 106.485033, "纬度": 29.551991, "电话": NaN, "图片标题1": NaN, "图片地址1": "http://store.is.autonavi.com/showpic/1159d2bfba6f2ff9facd276bf32fa08c", "图片标题2": NaN, "图片地址2": NaN, "图片标题3": NaN, "图片地址3": NaN}
{"名称": "春辉二手车", "地址": "沙坪坝何杰诊所东南侧", "城市": "重庆市", "标签": "汽车服务;二手车交易;二手车交易", "区域名称": "沙坪坝区", "经度": 106.41856, "纬度": 29.561951, "电话": "13193259119;18502320780", "图片标题1": NaN, "图片地址1": "http://store.is.autonavi.com/showpic/db909d9bd914bf24570423378fd418e2", "图片标题2": NaN, "图片地址2": NaN, "图片标题3": NaN, "图片地址3": NaN}
{"名称": "泓铭二手车", "地址": "歌乐山南街", "城市": "重庆市", "标签": "汽车服务;二手车交易;二手车交易", "区域名称": "沙坪坝区", "经度": 106.420684, "纬度": 29.558035, "电话": "19122384059", "图片标题1": NaN, "图片地址1": "http://store.is.autonavi.com/showpic/c80c351018e4e4b53097eb86f6027a50", "图片标题2": NaN, "图片地址2": "http://store.is.autonavi.com/showpic/f199f118d436e6b6bcfca6a6106a9ce2", "图片标题3": NaN, "图片地址3": NaN}
{"名称": "渝西二手车(陈家桥店)", "地址": "陈东路33号附2号", "城市": "重庆市", "标签": "汽车服务;二手车交易;二手车交易", "区域名称": "沙坪坝区", "经度": 106.341325, "纬度": 29.617945, "电话": "13628321733", "图片标题1": NaN, "图片地址1": "http://store.is.autonavi.com/showpic/5ac5daf32e986b2b6d7e50be1a47dc07", "图片标题2": NaN, "图片地址2": "http://store.is.autonavi.com/showpic/54e4d11a3fa6c858851cd63ede1477cc", "图片标题3": NaN, "图片地址3": NaN}
{"名称": "西永二手车行", "地址": "龙山街道旗龙路77号附54号", "城市": "重庆市", "标签": "汽车服务;二手车交易;二手车交易", "区域名称": "沙坪坝区", "经度": 106.378999, "纬度": 29.589759, "电话": "15683737766", "图片标题1": NaN, "图片地址1": "http://store.is.autonavi.com/showpic/a1f005e5d3e4bd3d5e081ce231920776", "图片标题2": NaN, "图片地址2": NaN, "图片标题3": NaN, "图片地址3": NaN}
{"名称": "佳霖精品二手车", "地址": "大学城西路15号附88号", "城市": "重庆市", "标签": "汽车服务;二手车交易;二手车交易", "区域名称": "沙坪坝区", "经度": 106.291394, "纬度": 29.582675, "电话": "15823081617", "图片标题1": NaN, "图片地址1": "http://store.is.autonavi.com/showpic/1d43046ef361f5b06ba7633f75592d0c", "图片标题2": NaN, "图片地址2": "http://store.is.autonavi.com/showpic/6573a0938e7747122a1f21990c07f2b6", "图片标题3": NaN, "图片地址3": "http://store.is.autonavi.com/showpic/06c3f11a3d6a4b9f76f981bbb274c235"}
{"名称": "八戒东二手车", "地址": "陈家桥国盛鑫汽贸城", "城市": "重庆市", "标签": "汽车服务;二手车交易;二手车交易", "区域名称": "沙坪坝区", "经度": 106.340467, "纬度": 29.628731, "电话": "15123204407", "图片标题1": NaN, "图片地址1": "http://store.is.autonavi.com/showpic/e4a481bd99d6e84f398cbeff688daec4", "图片标题2": NaN, "图片地址2": NaN, "图片标题3": NaN, "图片地址3": NaN}
{"名称": "西瑞二手车(暂停营业)", "地址": "梨苑新居西北门南380米", "城市": "重庆市", "标签": "汽车服务;二手车交易;二手车交易", "区域名称": "沙坪坝区", "经度": 106.439903, "纬度": 29.553935, "电话": NaN, "图片标题1": NaN, "图片地址1": "http://store.is.autonavi.com/showpic/2be431a29f11bd4dd7cb93d9d02fee92", "图片标题2": NaN, "图片地址2": NaN, "图片标题3": NaN, "图片地址3": NaN}
{"名称": "一帆二手车", "地址": "大学城西路11号附62号", "城市": "重庆市", "标签": "汽车服务;二手车交易;二手车交易", "区域名称": "沙坪坝区", "经度": 106.291093, "纬度": 29.580722, "电话": "15002322889", "图片标题1": NaN, "图片地址1": "http://store.is.autonavi.com/showpic/8b75769d88fde137b587e4452ad84da8", "图片标题2": NaN, "图片地址2": "http://store.is.autonavi.com/showpic/828045624c1e44e06804a1c13fbd6b41", "图片标题3": NaN, "图片地址3": NaN}
{"名称": "友源二手车", "地址": "中兴街与曾安街交叉口东120米", "城市": "重庆市", "标签": "汽车服务;二手车交易;二手车交易", "区域名称": "沙坪坝区", "经度": 106.304817, "纬度": 29.552285, "电话": NaN, "图片标题1": NaN, "图片地址1": "http://store.is.autonavi.com/showpic/118f5bfd8045b14c93512e36d04f68e5", "图片标题2": NaN, "图片地址2": "http://store.is.autonavi.com/showpic/f174d1cdd38af845fbdf43cba3395f1a", "图片标题3": NaN, "图片地址3": "http://store.is.autonavi.com/showpic/25f4dfeade53af153251a7a10d30e1e1"}
{"名称": "阳平二手车(轿车店)", "地址": "曾家大道251号", "城市": "重庆市", "标签": "汽车服务;二手车交易;二手车交易", "区域名称": "沙坪坝区", "经度": 106.307363, "纬度": 29.555174, "电话": "18375854211;18523110740", "图片标题1": NaN, "图片地址1": "http://store.is.autonavi.com/showpic/5895b37ebbbbffa948228993bd0d035e", "图片标题2": NaN, "图片地址2": "http://store.is.autonavi.com/showpic/f6076c42c9931c0bbc9449d6d7535e58", "图片标题3": NaN, "图片地址3": "http://store.is.autonavi.com/showpic/016c091fb3d59f7321338fe5ae1d77b2"}
{"名称": "鑫龙二手车", "地址": "西环立交与G85银昆高速交叉口西北300米", "城市": "重庆市", "标签": "汽车服务;二手车交易;二手车交易", "区域名称": "沙坪坝区", "经度": 106.434293, "纬度": 29.517632, "电话": NaN, "图片标题1": NaN, "图片地址1": "http://store.is.autonavi.com/showpic/b1b999432d5f585756a849d572a24dfe", "图片标题2": NaN, "图片地址2": NaN, "图片标题3": NaN, "图片地址3": NaN}
{"名称": "车友汇精品二手车", "地址": "丰盛路与建博路交叉口东北120米", "城市": "重庆市", "标签": "汽车服务;二手车交易;二手车交易", "区域名称": "沙坪坝区", "经度": 106.341668, "纬度": 29.62928, "电话": NaN, "图片标题1": NaN, "图片地址1": "http://store.is.autonavi.com/showpic/d50f4bf5ad99afe2f7c7a70be41a3346", "图片标题2": NaN, "图片地址2": "http://store.is.autonavi.com/showpic/89b3039a4b53e2fea623ae4dbde24652", "图片标题3": NaN, "图片地址3": NaN}
{"名称": "178二手车", "地址": "凤天大道与都市花园北路交叉口西南140米", "城市": "重庆市", "标签": "汽车服务;二手车交易;二手车交易", "区域名称": "沙坪坝区", "经度": 106.45707, "纬度": 29.539272, "电话": NaN, "图片标题1": NaN, "图片地址1": "http://store.is.autonavi.com/showpic/738e440146c1d2513d728137fa19f3f0", "图片标题2": NaN, "图片地址2": NaN, "图片标题3": NaN, "图片地址3": NaN}
{"名称": "重庆老男孩车行二手车", "地址": "虎溪街道思贤路278号", "城市": "重庆市", "标签": "汽车服务;二手车交易;二手车交易", "区域名称": "沙坪坝区", "经度": 106.300679, "纬度": 29.582632, "电话": NaN, "图片标题1": NaN, "图片地址1": "http://store.is.autonavi.com/showpic/c95501e262d81d176a645be3e2c1074c", "图片标题2": NaN, "图片地址2": NaN, "图片标题3": NaN, "图片地址3": NaN}
{"名称": "夕锅名车汇二手车", "地址": "陈东路与慧堂路交叉口东南20米", "城市": "重庆市", "标签": "汽车服务;二手车交易;二手车交易", "区域名称": "沙坪坝区", "经度": 106.342352, "纬度": 29.616537, "电话": NaN, "图片标题1": NaN, "图片地址1": "http://store.is.autonavi.com/showpic/e00a966aacb67c394779a816eb9fd604", "图片标题2": NaN, "图片地址2": NaN, "图片标题3": NaN, "图片地址3": NaN}
{"名称": "老雷二手车行", "地址": "梨新路汽车检测站东北侧130米", "城市": "重庆市", "标签": "汽车服务;二手车交易;二手车交易", "区域名称": "沙坪坝区", "经度": 106.434925, "纬度": 29.54587, "电话": NaN, "图片标题1": NaN, "图片地址1": NaN, "图片标题2": NaN, "图片地址2": NaN, "图片标题3": NaN, "图片地址3": NaN}
{"名称": "重庆联锂新源二手车", "地址": "微电园美的金科郡", "城市": "重庆市", "标签": "汽车服务;二手车交易;二手车交易", "区域名称": "沙坪坝区", "经度": 106.352207, "纬度": 29.608542, "电话": NaN, "图片标题1": NaN, "图片地址1": "http://store.is.autonavi.com/showpic/a87329d4336fd7a1c7b11733ba426c27", "图片标题2": NaN, "图片地址2": NaN, "图片标题3": NaN, "图片地址3": NaN}
{"名称": "天意二手车", "地址": "夏家坝", "城市": "重庆市", "标签": "汽车服务;二手车交易;二手车交易", "区域名称": "沙坪坝区", "经度": 106.372224, "纬度": 29.597928, "电话": NaN, "图片标题1": NaN, "图片地址1": "http://store.is.autonavi.com/showpic/f1e3e454dd7639a87ccdd1a9d82027bd", "图片标题2": NaN, "图片地址2": NaN, "图片标题3": NaN, "图片地址3": NaN}
{"名称": "泓铭二手车", "地址": "西永路与赖白路交叉口西南140米", "城市": "重庆市", "标签": "汽车服务;二手车交易;二手车交易", "区域名称": "沙坪坝区", "经度": 106.378582, "纬度": 29.596478, "电话": NaN, "图片标题1": NaN, "图片地址1": "http://store.is.autonavi.com/showpic/ec3efee98a2fc39718d82d2b3ebd8427", "图片标题2": NaN, "图片地址2": NaN, "图片标题3": NaN, "图片地址3": NaN}
{"名称": "车旺二手车", "地址": "沙坪坝区大学城陈家桥国盛鑫汽博城车旺二手车", "城市": "重庆市", "标签": "汽车服务;二手车交易;二手车交易", "区域名称": "沙坪坝区", "经度": 106.340307, "纬度": 29.629766, "电话": NaN, "图片标题1": NaN, "图片地址1": "http://store.is.autonavi.com/showpic/83d9a27282f22c6a3b0e70cd6a0a2181", "图片标题2": NaN, "图片地址2": NaN, "图片标题3": NaN, "图片地址3": NaN}
