{"名称": "沙坪坝火车站(公交站)", "地址": NaN, "城市": "重庆市", "标签": "交通设施服务;公交车站;公交车站相关", "区域名称": "沙坪坝区", "经度": 106.460344, "纬度": 29.554667, "电话": NaN, "图片标题1": NaN, "图片地址1": NaN}
{"名称": "东华医院(公交站)", "地址": "209路;215路;232路;237路;248路;501路;501路夜班;503路;503路区间;504路;504路区间;553路(定时班车);553路定时班车;805路", "城市": "重庆市", "标签": "交通设施服务;公交车站;公交车站相关", "区域名称": "沙坪坝区", "经度": 106.439674, "纬度": 29.589085, "电话": NaN, "图片标题1": NaN, "图片地址1": NaN}
{"名称": "美丽山水(公交站)", "地址": "261路;503路;503路区间;553路(定时班车);553路定时班车", "城市": "重庆市", "标签": "交通设施服务;公交车站;公交车站相关", "区域名称": "沙坪坝区", "经度": 106.483885, "纬度": 29.553767, "电话": NaN, "图片标题1": NaN, "图片地址1": NaN}
{"名称": "羊角堡(公交站)", "地址": "210路;215路;219路;219路夜间区间;262路;318路;501路;808路", "城市": "重庆市", "标签": "交通设施服务;公交车站;公交车站相关", "区域名称": "沙坪坝区", "经度": 106.482246, "纬度": 29.552271, "电话": NaN, "图片标题1": NaN, "图片地址1": NaN}
{"名称": "香榭街(公交站)", "地址": "212路;823路;827路", "城市": "重庆市", "标签": "交通设施服务;公交车站;公交车站相关", "区域名称": "沙坪坝区", "经度": 106.483359, "纬度": 29.539062, "电话": NaN, "图片标题1": NaN, "图片地址1": NaN}
{"名称": "芳草地(公交站)", "地址": NaN, "城市": "重庆市", "标签": "交通设施服务;公交车站;公交车站相关", "区域名称": "沙坪坝区", "经度": 106.480768, "纬度": 29.544431, "电话": NaN, "图片标题1": NaN, "图片地址1": NaN}
{"名称": "富洲路东段(公交站)", "地址": "212路", "城市": "重庆市", "标签": "交通设施服务;公交车站;公交车站相关", "区域名称": "沙坪坝区", "经度": 106.478451, "纬度": 29.541406, "电话": NaN, "图片标题1": NaN, "图片地址1": NaN}
{"名称": "南方新城(公交站)", "地址": "212路;823路;827路;870路", "城市": "重庆市", "标签": "交通设施服务;公交车站;公交车站相关", "区域名称": "沙坪坝区", "经度": 106.48204, "纬度": 29.540833, "电话": NaN, "图片标题1": NaN, "图片地址1": NaN}
{"名称": "金沙港湾(公交站)", "地址": NaN, "城市": "重庆市", "标签": "交通设施服务;公交车站;公交车站相关", "区域名称": "沙坪坝区", "经度": 106.476433, "纬度": 29.559414, "电话": NaN, "图片标题1": NaN, "图片地址1": NaN}
{"名称": "中渡口(公交站)", "地址": NaN, "城市": "重庆市", "标签": "交通设施服务;公交车站;公交车站相关", "区域名称": "沙坪坝区", "经度": 106.475595, "纬度": 29.564089, "电话": NaN, "图片标题1": NaN, "图片地址1": NaN}
{"名称": "同创高原(公交站)", "地址": NaN, "城市": "重庆市", "标签": "交通设施服务;公交车站;公交车站相关", "区域名称": "沙坪坝区", "经度": 106.479423, "纬度": 29.543451, "电话": NaN, "图片标题1": NaN, "图片地址1": NaN}
{"名称": "富洲三支路(公交站)", "地址": "212路", "城市": "重庆市", "标签": "交通设施服务;公交车站;公交车站相关", "区域名称": "沙坪坝区", "经度": 106.475704, "纬度": 29.543847, "电话": NaN, "图片标题1": NaN, "图片地址1": NaN}
{"名称": "土湾(公交站)", "地址": "205路;210路;215路;219路;219路夜间区间;220路;220路区间;262路;318路;501路;808路", "城市": "重庆市", "标签": "交通设施服务;公交车站;公交车站相关", "区域名称": "沙坪坝区", "经度": 106.474892, "纬度": 29.552122, "电话": NaN, "图片标题1": NaN, "图片地址1": NaN}
{"名称": "联芳桥(公交站)", "地址": "212路", "城市": "重庆市", "标签": "交通设施服务;公交车站;公交车站相关", "区域名称": "沙坪坝区", "经度": 106.478511, "纬度": 29.538594, "电话": NaN, "图片标题1": NaN, "图片地址1": NaN}
{"名称": "模范村(公交站)", "地址": "807路", "城市": "重庆市", "标签": "交通设施服务;公交车站;公交车站相关", "区域名称": "沙坪坝区", "经度": 106.473223, "纬度": 29.555196, "电话": NaN, "图片标题1": NaN, "图片地址1": NaN}
{"名称": "沙坪坝沙中路(公交站)", "地址": NaN, "城市": "重庆市", "标签": "交通设施服务;公交车站;公交车站相关", "区域名称": "沙坪坝区", "经度": 106.469219, "纬度": 29.560301, "电话": NaN, "图片标题1": NaN, "图片地址1": NaN}
{"名称": "平顶山公园(公交站)", "地址": "422路", "城市": "重庆市", "标签": "交通设施服务;公交车站;公交车站相关", "区域名称": "沙坪坝区", "经度": 106.474366, "纬度": 29.546124, "电话": NaN, "图片标题1": NaN, "图片地址1": NaN}
{"名称": "肿瘤医院(公交站)", "地址": NaN, "城市": "重庆市", "标签": "交通设施服务;公交车站;公交车站相关", "区域名称": "沙坪坝区", "经度": 106.471684, "纬度": 29.560191, "电话": NaN, "图片标题1": NaN, "图片地址1": NaN}
{"名称": "高庙村三支路(公交站)", "地址": NaN, "城市": "重庆市", "标签": "交通设施服务;公交车站;公交车站相关", "区域名称": "沙坪坝区", "经度": 106.47533, "纬度": 29.542413, "电话": NaN, "图片标题1": NaN, "图片地址1": NaN}
{"名称": "工人村(公交站)", "地址": "807路", "城市": "重庆市", "标签": "交通设施服务;公交车站;公交车站相关", "区域名称": "沙坪坝区", "经度": 106.470354, "纬度": 29.5578, "电话": NaN, "图片标题1": NaN, "图片地址1": NaN}
{"名称": "圣泉花园(公交站)", "地址": NaN, "城市": "重庆市", "标签": "交通设施服务;公交车站;公交车站相关", "区域名称": "沙坪坝区", "经度": 106.473116, "纬度": 29.542535, "电话": NaN, "图片标题1": NaN, "图片地址1": NaN}
{"名称": "汉渝路(公交站)", "地址": "(停运)1422路;0800路夜班车;113路;133路;166路;183路;202路;205路;205路夜班;211路;224路;231路;236路;236路区间;245路;261路;270路;280路;454路;464路;501路;504路;504路区间;807路;832路", "城市": "重庆市", "标签": "交通设施服务;公交车站;公交车站相关", "区域名称": "沙坪坝区", "经度": 106.46924, "纬度": 29.559246, "电话": NaN, "图片标题1": NaN, "图片地址1": NaN}
{"名称": "石小路(公交站)", "地址": "148路;231路;28路;418路;422路;462路;806路", "城市": "重庆市", "标签": "交通设施服务;公交车站;公交车站相关", "区域名称": "沙坪坝区", "经度": 106.470339, "纬度": 29.5498, "电话": NaN, "图片标题1": NaN, "图片地址1": NaN}
{"名称": "沙滨路(公交站)", "地址": NaN, "城市": "重庆市", "标签": "交通设施服务;公交车站;公交车站相关", "区域名称": "沙坪坝区", "经度": 106.469043, "纬度": 29.572044, "电话": NaN, "图片标题1": NaN, "图片地址1": "http://store.is.autonavi.com/showpic/029f415b528ee864bd762336a2baf1b6"}
{"名称": "沙坪坝火车站(公交站)", "地址": NaN, "城市": "重庆市", "标签": "交通设施服务;公交车站;公交车站相关", "区域名称": "沙坪坝区", "经度": 106.460344, "纬度": 29.554667, "电话": NaN, "图片标题1": NaN, "图片地址1": NaN}
{"名称": "东华医院(公交站)", "地址": "209路;215路;232路;237路;248路;501路;501路夜班;503路;503路区间;504路;504路区间;553路(定时班车);553路定时班车;805路", "城市": "重庆市", "标签": "交通设施服务;公交车站;公交车站相关", "区域名称": "沙坪坝区", "经度": 106.439674, "纬度": 29.589085, "电话": NaN, "图片标题1": NaN, "图片地址1": NaN}
{"名称": "美丽山水(公交站)", "地址": "261路;503路;503路区间;553路(定时班车);553路定时班车", "城市": "重庆市", "标签": "交通设施服务;公交车站;公交车站相关", "区域名称": "沙坪坝区", "经度": 106.483885, "纬度": 29.553767, "电话": NaN, "图片标题1": NaN, "图片地址1": NaN}
{"名称": "羊角堡(公交站)", "地址": "210路;215路;219路;219路夜间区间;262路;318路;501路;808路", "城市": "重庆市", "标签": "交通设施服务;公交车站;公交车站相关", "区域名称": "沙坪坝区", "经度": 106.482246, "纬度": 29.552271, "电话": NaN, "图片标题1": NaN, "图片地址1": NaN}
{"名称": "香榭街(公交站)", "地址": "212路;823路;827路", "城市": "重庆市", "标签": "交通设施服务;公交车站;公交车站相关", "区域名称": "沙坪坝区", "经度": 106.483359, "纬度": 29.539062, "电话": NaN, "图片标题1": NaN, "图片地址1": NaN}
{"名称": "芳草地(公交站)", "地址": NaN, "城市": "重庆市", "标签": "交通设施服务;公交车站;公交车站相关", "区域名称": "沙坪坝区", "经度": 106.480768, "纬度": 29.544431, "电话": NaN, "图片标题1": NaN, "图片地址1": NaN}
{"名称": "富洲路东段(公交站)", "地址": "212路", "城市": "重庆市", "标签": "交通设施服务;公交车站;公交车站相关", "区域名称": "沙坪坝区", "经度": 106.478451, "纬度": 29.541406, "电话": NaN, "图片标题1": NaN, "图片地址1": NaN}
{"名称": "南方新城(公交站)", "地址": "212路;823路;827路;870路", "城市": "重庆市", "标签": "交通设施服务;公交车站;公交车站相关", "区域名称": "沙坪坝区", "经度": 106.48204, "纬度": 29.540833, "电话": NaN, "图片标题1": NaN, "图片地址1": NaN}
{"名称": "金沙港湾(公交站)", "地址": NaN, "城市": "重庆市", "标签": "交通设施服务;公交车站;公交车站相关", "区域名称": "沙坪坝区", "经度": 106.476433, "纬度": 29.559414, "电话": NaN, "图片标题1": NaN, "图片地址1": NaN}
{"名称": "中渡口(公交站)", "地址": NaN, "城市": "重庆市", "标签": "交通设施服务;公交车站;公交车站相关", "区域名称": "沙坪坝区", "经度": 106.475595, "纬度": 29.564089, "电话": NaN, "图片标题1": NaN, "图片地址1": NaN}
{"名称": "同创高原(公交站)", "地址": NaN, "城市": "重庆市", "标签": "交通设施服务;公交车站;公交车站相关", "区域名称": "沙坪坝区", "经度": 106.479423, "纬度": 29.543451, "电话": NaN, "图片标题1": NaN, "图片地址1": NaN}
{"名称": "富洲三支路(公交站)", "地址": "212路", "城市": "重庆市", "标签": "交通设施服务;公交车站;公交车站相关", "区域名称": "沙坪坝区", "经度": 106.475704, "纬度": 29.543847, "电话": NaN, "图片标题1": NaN, "图片地址1": NaN}
{"名称": "土湾(公交站)", "地址": "205路;210路;215路;219路;219路夜间区间;220路;220路区间;262路;318路;501路;808路", "城市": "重庆市", "标签": "交通设施服务;公交车站;公交车站相关", "区域名称": "沙坪坝区", "经度": 106.474892, "纬度": 29.552122, "电话": NaN, "图片标题1": NaN, "图片地址1": NaN}
{"名称": "联芳桥(公交站)", "地址": "212路", "城市": "重庆市", "标签": "交通设施服务;公交车站;公交车站相关", "区域名称": "沙坪坝区", "经度": 106.478511, "纬度": 29.538594, "电话": NaN, "图片标题1": NaN, "图片地址1": NaN}
{"名称": "模范村(公交站)", "地址": "807路", "城市": "重庆市", "标签": "交通设施服务;公交车站;公交车站相关", "区域名称": "沙坪坝区", "经度": 106.473223, "纬度": 29.555196, "电话": NaN, "图片标题1": NaN, "图片地址1": NaN}
{"名称": "沙坪坝沙中路(公交站)", "地址": NaN, "城市": "重庆市", "标签": "交通设施服务;公交车站;公交车站相关", "区域名称": "沙坪坝区", "经度": 106.469219, "纬度": 29.560301, "电话": NaN, "图片标题1": NaN, "图片地址1": NaN}
{"名称": "平顶山公园(公交站)", "地址": "422路", "城市": "重庆市", "标签": "交通设施服务;公交车站;公交车站相关", "区域名称": "沙坪坝区", "经度": 106.474366, "纬度": 29.546124, "电话": NaN, "图片标题1": NaN, "图片地址1": NaN}
{"名称": "肿瘤医院(公交站)", "地址": NaN, "城市": "重庆市", "标签": "交通设施服务;公交车站;公交车站相关", "区域名称": "沙坪坝区", "经度": 106.471684, "纬度": 29.560191, "电话": NaN, "图片标题1": NaN, "图片地址1": NaN}
{"名称": "高庙村三支路(公交站)", "地址": NaN, "城市": "重庆市", "标签": "交通设施服务;公交车站;公交车站相关", "区域名称": "沙坪坝区", "经度": 106.47533, "纬度": 29.542413, "电话": NaN, "图片标题1": NaN, "图片地址1": NaN}
{"名称": "工人村(公交站)", "地址": "807路", "城市": "重庆市", "标签": "交通设施服务;公交车站;公交车站相关", "区域名称": "沙坪坝区", "经度": 106.470354, "纬度": 29.5578, "电话": NaN, "图片标题1": NaN, "图片地址1": NaN}
{"名称": "圣泉花园(公交站)", "地址": NaN, "城市": "重庆市", "标签": "交通设施服务;公交车站;公交车站相关", "区域名称": "沙坪坝区", "经度": 106.473116, "纬度": 29.542535, "电话": NaN, "图片标题1": NaN, "图片地址1": NaN}
{"名称": "汉渝路(公交站)", "地址": "(停运)1422路;0800路夜班车;113路;133路;166路;183路;202路;205路;205路夜班;211路;224路;231路;236路;236路区间;245路;261路;270路;280路;454路;464路;501路;504路;504路区间;807路;832路", "城市": "重庆市", "标签": "交通设施服务;公交车站;公交车站相关", "区域名称": "沙坪坝区", "经度": 106.46924, "纬度": 29.559246, "电话": NaN, "图片标题1": NaN, "图片地址1": NaN}
{"名称": "石小路(公交站)", "地址": "148路;231路;28路;418路;422路;462路;806路", "城市": "重庆市", "标签": "交通设施服务;公交车站;公交车站相关", "区域名称": "沙坪坝区", "经度": 106.470339, "纬度": 29.5498, "电话": NaN, "图片标题1": NaN, "图片地址1": NaN}
{"名称": "沙滨路(公交站)", "地址": NaN, "城市": "重庆市", "标签": "交通设施服务;公交车站;公交车站相关", "区域名称": "沙坪坝区", "经度": 106.469043, "纬度": 29.572044, "电话": NaN, "图片标题1": NaN, "图片地址1": "http://store.is.autonavi.com/showpic/029f415b528ee864bd762336a2baf1b6"}
{"名称": "富洲路(公交站)", "地址": "212路", "城市": "重庆市", "标签": "交通设施服务;公交车站;公交车站相关", "区域名称": "沙坪坝区", "经度": 106.47352, "纬度": 29.538398, "电话": NaN, "图片标题1": NaN, "图片地址1": NaN}
{"名称": "小龙坎(公交站)", "地址": NaN, "城市": "重庆市", "标签": "交通设施服务;公交车站;公交车站相关", "区域名称": "沙坪坝区", "经度": 106.469325, "纬度": 29.551708, "电话": NaN, "图片标题1": NaN, "图片地址1": NaN}
{"名称": "重大中门(公交站)", "地址": NaN, "城市": "重庆市", "标签": "交通设施服务;公交车站;公交车站相关", "区域名称": "沙坪坝区", "经度": 106.46717, "纬度": 29.561506, "电话": NaN, "图片标题1": NaN, "图片地址1": NaN}
{"名称": "小龙坎立交(公交站)", "地址": "205路;210路;215路;219路;220路;220路区间;231路;262路;318路;501路;501路夜班;504路;504路区间;806路;808路", "城市": "重庆市", "标签": "交通设施服务;公交车站;公交车站相关", "区域名称": "沙坪坝区", "经度": 106.467903, "纬度": 29.553953, "电话": NaN, "图片标题1": NaN, "图片地址1": NaN}
{"名称": "石小路黄桷园(公交站)", "地址": "28路;418路;422路;462路", "城市": "重庆市", "标签": "交通设施服务;公交车站;公交车站相关", "区域名称": "沙坪坝区", "经度": 106.469106, "纬度": 29.546089, "电话": NaN, "图片标题1": NaN, "图片地址1": NaN}
{"名称": "联芳花园(公交站)", "地址": NaN, "城市": "重庆市", "标签": "交通设施服务;公交车站;公交车站相关", "区域名称": "沙坪坝区", "经度": 106.471155, "纬度": 29.539427, "电话": NaN, "图片标题1": NaN, "图片地址1": NaN}
{"名称": "沙区人民医院(公交站)", "地址": "0800路夜班车;D278路", "城市": "重庆市", "标签": "交通设施服务;公交车站;公交车站相关", "区域名称": "沙坪坝区", "经度": 106.465599, "纬度": 29.556059, "电话": NaN, "图片标题1": NaN, "图片地址1": NaN}
{"名称": "高庙村北(公交站)", "地址": NaN, "城市": "重庆市", "标签": "交通设施服务;公交车站;公交车站相关", "区域名称": "沙坪坝区", "经度": 106.469894, "纬度": 29.53754, "电话": NaN, "图片标题1": NaN, "图片地址1": NaN}
{"名称": "沙中路(公交站)", "地址": NaN, "城市": "重庆市", "标签": "交通设施服务;公交车站;公交车站相关", "区域名称": "沙坪坝区", "经度": 106.464966, "纬度": 29.561789, "电话": NaN, "图片标题1": NaN, "图片地址1": NaN}
{"名称": "小龙坎正街(公交站)", "地址": "(停运)468路(白鹤岭)区间;209路;211路;213路;219路;228路;236路;237路;260路;262路;280路;281路;422路;429路;456路;462路;464路;468路;472路;807路;858路", "城市": "重庆市", "标签": "交通设施服务;公交车站;公交车站相关", "区域名称": "沙坪坝区", "经度": 106.465241, "纬度": 29.551683, "电话": NaN, "图片标题1": NaN, "图片地址1": NaN}
{"名称": "站南路中段(公交站)", "地址": "858路", "城市": "重庆市", "标签": "交通设施服务;公交车站;公交车站相关", "区域名称": "沙坪坝区", "经度": 106.461003, "纬度": 29.553177, "电话": NaN, "图片标题1": NaN, "图片地址1": NaN}
{"名称": "沙坪坝三角碑(公交站)", "地址": "0492路夜班车;220路;220路区间;237路;248路;260路;462路;501路夜班;805路;806路;843路", "城市": "重庆市", "标签": "交通设施服务;公交车站;公交车站相关", "区域名称": "沙坪坝区", "经度": 106.463623, "纬度": 29.558638, "电话": NaN, "图片标题1": NaN, "图片地址1": NaN}
{"名称": "重大(公交站)", "地址": "202路;208路;220路;220路区间;237路;261路;462路;805路;806路;843路", "城市": "重庆市", "标签": "交通设施服务;公交车站;公交车站相关", "区域名称": "沙坪坝区", "经度": 106.46365, "纬度": 29.566237, "电话": NaN, "图片标题1": NaN, "图片地址1": "http://store.is.autonavi.com/showpic/984d48aa89a30660158e497de42632b1"}
{"名称": "高家花园(公交站)", "地址": NaN, "城市": "重庆市", "标签": "交通设施服务;公交车站;公交车站相关", "区域名称": "沙坪坝区", "经度": 106.464631, "纬度": 29.575903, "电话": NaN, "图片标题1": NaN, "图片地址1": NaN}
{"名称": "板材市场(公交站)", "地址": "0492路夜班车;148路;231路;28路;418路;422路;429路;462路;464路;806路;858路", "城市": "重庆市", "标签": "交通设施服务;公交车站;公交车站相关", "区域名称": "沙坪坝区", "经度": 106.466267, "纬度": 29.543754, "电话": NaN, "图片标题1": NaN, "图片地址1": NaN}
{"名称": "沙坪坝(公交站)", "地址": NaN, "城市": "重庆市", "标签": "交通设施服务;公交车站;公交车站相关", "区域名称": "沙坪坝区", "经度": 106.463692, "纬度": 29.555447, "电话": NaN, "图片标题1": NaN, "图片地址1": NaN}
{"名称": "欣阳广场(公交站)", "地址": "202路;208路;220路;220路区间;237路;261路;462路;805路;806路;843路", "城市": "重庆市", "标签": "交通设施服务;公交车站;公交车站相关", "区域名称": "沙坪坝区", "经度": 106.462798, "纬度": 29.564446, "电话": NaN, "图片标题1": NaN, "图片地址1": NaN}
{"名称": "站南路(公交站)", "地址": "113路;166路;203路;208路;213路;215路;224路;228路;245路;270路;456路;472路;807路;843路;858路", "城市": "重庆市", "标签": "交通设施服务;公交车站;公交车站相关", "区域名称": "沙坪坝区", "经度": 106.463321, "纬度": 29.553122, "电话": NaN, "图片标题1": NaN, "图片地址1": NaN}
{"名称": "南开中学(公交站)", "地址": "202路;208路;220路;220路区间;237路;261路;462路;805路;806路;843路", "城市": "重庆市", "标签": "交通设施服务;公交车站;公交车站相关", "区域名称": "沙坪坝区", "经度": 106.462341, "纬度": 29.560843, "电话": NaN, "图片标题1": NaN, "图片地址1": "http://store.is.autonavi.com/showpic/2492f56e4aeb746ea196f5e0c4a55f26"}
{"名称": "高庙村西(公交站)", "地址": NaN, "城市": "重庆市", "标签": "交通设施服务;公交车站;公交车站相关", "区域名称": "沙坪坝区", "经度": 106.467661, "纬度": 29.536931, "电话": NaN, "图片标题1": NaN, "图片地址1": NaN}
{"名称": "学林雅园(公交站)", "地址": "202路;208路;220路;220路区间;237路;261路;462路;805路;806路;843路", "城市": "重庆市", "标签": "交通设施服务;公交车站;公交车站相关", "区域名称": "沙坪坝区", "经度": 106.461609, "纬度": 29.570473, "电话": NaN, "图片标题1": NaN, "图片地址1": NaN}
{"名称": "沙杨路(公交站)", "地址": NaN, "城市": "重庆市", "标签": "交通设施服务;公交车站;公交车站相关", "区域名称": "沙坪坝区", "经度": 106.460683, "纬度": 29.562882, "电话": NaN, "图片标题1": NaN, "图片地址1": NaN}
{"名称": "马家岩(公交站)", "地址": NaN, "城市": "重庆市", "标签": "交通设施服务;公交车站;公交车站相关", "区域名称": "沙坪坝区", "经度": 106.465299, "纬度": 29.539089, "电话": NaN, "图片标题1": NaN, "图片地址1": NaN}
{"名称": "站西路(公交站)", "地址": "113路;203路;211路区间;213路;215路;224路;228路;245路;260路;267路;270路;278路;278路区间;456路;496路;843路", "城市": "重庆市", "标签": "交通设施服务;公交车站;公交车站相关", "区域名称": "沙坪坝区", "经度": 106.456871, "纬度": 29.55487, "电话": NaN, "图片标题1": NaN, "图片地址1": NaN}
{"名称": "陈家湾(公交站)", "地址": "183路;248路;418路;467路;467路(06:30-07:40);501路;504路;504路区间;535路;536路", "城市": "重庆市", "标签": "交通设施服务;公交车站;公交车站相关", "区域名称": "沙坪坝区", "经度": 106.458316, "纬度": 29.558398, "电话": NaN, "图片标题1": NaN, "图片地址1": NaN}
{"名称": "石碾盘(公交站)", "地址": "(停运)468路(白鹤岭)区间;209路;211路;213路;219路;228路;236路;237路;260路;262路;280路;281路;422路;429路;456路;462路;464路;468路;472路;807路;819路;858路", "城市": "重庆市", "标签": "交通设施服务;公交车站;公交车站相关", "区域名称": "沙坪坝区", "经度": 106.459704, "纬度": 29.549737, "电话": NaN, "图片标题1": NaN, "图片地址1": "http://store.is.autonavi.com/showpic/b390f4358088b0f6c892290d3404d0a9"}
{"名称": "凤天大道(公交站)", "地址": NaN, "城市": "重庆市", "标签": "交通设施服务;公交车站;公交车站相关", "区域名称": "沙坪坝区", "经度": 106.459158, "纬度": 29.537535, "电话": NaN, "图片标题1": NaN, "图片地址1": NaN}
{"名称": "沙坪公园(公交站)", "地址": "166路;203路;208路;267路;472路;807路;843路;858路", "城市": "重庆市", "标签": "交通设施服务;公交车站;公交车站相关", "区域名称": "沙坪坝区", "经度": 106.458737, "纬度": 29.552283, "电话": NaN, "图片标题1": NaN, "图片地址1": NaN}
{"名称": "磁器口南门(公交站)", "地址": "T002路", "城市": "重庆市", "标签": "交通设施服务;公交车站;公交车站相关", "区域名称": "沙坪坝区", "经度": 106.456081, "纬度": 29.580612, "电话": NaN, "图片标题1": NaN, "图片地址1": NaN}
{"名称": "磁器口东站(公交站)", "地址": "224路;503路;503路区间;553路(定时班车);553路定时班车", "城市": "重庆市", "标签": "交通设施服务;公交车站;公交车站相关", "区域名称": "沙坪坝区", "经度": 106.455326, "纬度": 29.579444, "电话": NaN, "图片标题1": NaN, "图片地址1": NaN}
{"名称": "劳动路(公交站)", "地址": "202路;220路;237路;261路;843路", "城市": "重庆市", "标签": "交通设施服务;公交车站;公交车站相关", "区域名称": "沙坪坝区", "经度": 106.457613, "纬度": 29.572687, "电话": NaN, "图片标题1": NaN, "图片地址1": NaN}
{"名称": "凤天大道北段(公交站)", "地址": "1267路;1429路;807路", "城市": "重庆市", "标签": "交通设施服务;公交车站;公交车站相关", "区域名称": "沙坪坝区", "经度": 106.457334, "纬度": 29.538228, "电话": NaN, "图片标题1": NaN, "图片地址1": NaN}
{"名称": "沙坪坝站西路(公交站)", "地址": "T015路", "城市": "重庆市", "标签": "交通设施服务;公交车站;公交车站相关", "区域名称": "沙坪坝区", "经度": 106.45721, "纬度": 29.554769, "电话": NaN, "图片标题1": NaN, "图片地址1": NaN}
{"名称": "石碾盘农贸(公交站)", "地址": "166路;203路;208路;209路;211路;260路;467路;467路(06:30-07:40);843路", "城市": "重庆市", "标签": "交通设施服务;公交车站;公交车站相关", "区域名称": "沙坪坝区", "经度": 106.458273, "纬度": 29.549805, "电话": NaN, "图片标题1": NaN, "图片地址1": NaN}
{"名称": "磁器口东门(公交站)", "地址": NaN, "城市": "重庆市", "标签": "交通设施服务;公交车站;公交车站相关", "区域名称": "沙坪坝区", "经度": 106.457782, "纬度": 29.579245, "电话": NaN, "图片标题1": NaN, "图片地址1": NaN}
{"名称": "思源路南段(公交站)", "地址": NaN, "城市": "重庆市", "标签": "交通设施服务;公交车站;公交车站相关", "区域名称": "沙坪坝区", "经度": 106.456354, "纬度": 29.577756, "电话": NaN, "图片标题1": NaN, "图片地址1": NaN}
{"名称": "半月楼(公交站)", "地址": NaN, "城市": "重庆市", "标签": "交通设施服务;公交车站;公交车站相关", "区域名称": "沙坪坝区", "经度": 106.455468, "纬度": 29.564204, "电话": NaN, "图片标题1": NaN, "图片地址1": NaN}
{"名称": "重大C区(公交站)", "地址": "(停运)468路(白鹤岭)区间;209路;210路;211路;211路区间;228路;248路;291路;418路;467路;467路(06:30-07:40);468路;805路;808路;D278路", "城市": "重庆市", "标签": "交通设施服务;公交车站;公交车站相关", "区域名称": "沙坪坝区", "经度": 106.455528, "纬度": 29.560942, "电话": NaN, "图片标题1": NaN, "图片地址1": NaN}
{"名称": "三陵大厦(公交站)", "地址": "202路;220路;237路;261路;843路", "城市": "重庆市", "标签": "交通设施服务;公交车站;公交车站相关", "区域名称": "沙坪坝区", "经度": 106.456402, "纬度": 29.57533, "电话": NaN, "图片标题1": NaN, "图片地址1": NaN}
{"名称": "教院路西段(公交站)", "地址": "202路;220路;237路;261路;843路", "城市": "重庆市", "标签": "交通设施服务;公交车站;公交车站相关", "区域名称": "沙坪坝区", "经度": 106.454618, "纬度": 29.576102, "电话": NaN, "图片标题1": NaN, "图片地址1": NaN}
{"名称": "都市花园东路(公交站)", "地址": "166路;203路;204路;209路;211路;234路;236路;429路;456路;464路;467路;467路(06:30-07:40);472路;807路;819路", "城市": "重庆市", "标签": "交通设施服务;公交车站;公交车站相关", "区域名称": "沙坪坝区", "经度": 106.455195, "纬度": 29.539345, "电话": NaN, "图片标题1": NaN, "图片地址1": NaN}
{"名称": "天马路(公交站)", "地址": "166路;203路;209路;211路;236路;262路;422路;456路;472路;807路", "城市": "重庆市", "标签": "交通设施服务;公交车站;公交车站相关", "区域名称": "沙坪坝区", "经度": 106.458021, "纬度": 29.542695, "电话": NaN, "图片标题1": NaN, "图片地址1": NaN}
{"名称": "金沙正街(公交站)", "地址": "224路", "城市": "重庆市", "标签": "交通设施服务;公交车站;公交车站相关", "区域名称": "沙坪坝区", "经度": 106.454654, "纬度": 29.578331, "电话": NaN, "图片标题1": NaN, "图片地址1": NaN}
{"名称": "三千城(公交站)", "地址": NaN, "城市": "重庆市", "标签": "交通设施服务;公交车站;公交车站相关", "区域名称": "沙坪坝区", "经度": 106.450863, "纬度": 29.574239, "电话": NaN, "图片标题1": NaN, "图片地址1": NaN}
{"名称": "白鹤岭(公交站)", "地址": "211路区间", "城市": "重庆市", "标签": "交通设施服务;公交车站;公交车站相关", "区域名称": "沙坪坝区", "经度": 106.454188, "纬度": 29.565577, "电话": NaN, "图片标题1": NaN, "图片地址1": NaN}
{"名称": "制药三厂(公交站)", "地址": "(停运)468路(白鹤岭)区间;166路;203路;208路;209路;211路;213路;219路;228路;236路;237路;260路;262路;267路;280路;281路;422路;429路;456路;464路;467路;467路(06:30-07:40);468路;472路;807路;819路;843路", "城市": "重庆市", "标签": "交通设施服务;公交车站;公交车站相关", "区域名称": "沙坪坝区", "经度": 106.456233, "纬度": 29.546563, "电话": NaN, "图片标题1": NaN, "图片地址1": NaN}
{"名称": "金磁路(公交站)", "地址": NaN, "城市": "重庆市", "标签": "交通设施服务;公交车站;公交车站相关", "区域名称": "沙坪坝区", "经度": 106.448906, "纬度": 29.570347, "电话": NaN, "图片标题1": NaN, "图片地址1": NaN}
{"名称": "沙铁村(公交站)", "地址": "211路区间;215路;224路;245路;270路;456路", "城市": "重庆市", "标签": "交通设施服务;公交车站;公交车站相关", "区域名称": "沙坪坝区", "经度": 106.452561, "纬度": 29.555412, "电话": NaN, "图片标题1": NaN, "图片地址1": NaN}
{"名称": "天星桥(公交站)", "地址": "(停运)468路(白鹤岭)区间;1267路;208路;213路;219路;234路;237路;260路;262路;267路;280路;281路;468路;819路;843路", "城市": "重庆市", "标签": "交通设施服务;公交车站;公交车站相关", "区域名称": "沙坪坝区", "经度": 106.453863, "纬度": 29.544227, "电话": NaN, "图片标题1": NaN, "图片地址1": "http://store.is.autonavi.com/showpic/a758eb10efde8e4aedb4da52b2b124ed"}
{"名称": "西南医院(公交站)", "地址": "1267路;1429路;166路;203路;204路;209路;211路;234路;236路;262路;429路;456路;467路;472路;807路", "城市": "重庆市", "标签": "交通设施服务;公交车站;公交车站相关", "区域名称": "沙坪坝区", "经度": 106.456726, "纬度": 29.535686, "电话": NaN, "图片标题1": NaN, "图片地址1": NaN}
{"名称": "岩口(公交站)", "地址": "(停运)468路(白鹤岭)区间;1267路;228路;234路;267路;467路;468路", "城市": "重庆市", "标签": "交通设施服务;公交车站;公交车站相关", "区域名称": "沙坪坝区", "经度": 106.452225, "纬度": 29.549014, "电话": NaN, "图片标题1": NaN, "图片地址1": NaN}
{"名称": "美茵河谷(公交站)", "地址": "209路;873路;873路工作日早晚高峰时段", "城市": "重庆市", "标签": "交通设施服务;公交车站;公交车站相关", "区域名称": "沙坪坝区", "经度": 106.459751, "纬度": 29.527247, "电话": NaN, "图片标题1": NaN, "图片地址1": NaN}
{"名称": "梨高路路口(公交站)", "地址": "1267路", "城市": "重庆市", "标签": "交通设施服务;公交车站;公交车站相关", "区域名称": "沙坪坝区", "经度": 106.448204, "纬度": 29.546202, "电话": NaN, "图片标题1": NaN, "图片地址1": NaN}
{"名称": "红岩魂广场(公交站)", "地址": "209路;215路;248路;501路;504路;504路区间;805路;808路;T003路内环;T003路外环", "城市": "重庆市", "标签": "交通设施服务;公交车站;公交车站相关", "区域名称": "沙坪坝区", "经度": 106.446304, "纬度": 29.571945, "电话": NaN, "图片标题1": NaN, "图片地址1": NaN}
{"名称": "站西路西段(公交站)", "地址": "211路区间;215路;245路;267路;496路", "城市": "重庆市", "标签": "交通设施服务;公交车站;公交车站相关", "区域名称": "沙坪坝区", "经度": 106.448108, "纬度": 29.556727, "电话": NaN, "图片标题1": NaN, "图片地址1": NaN}
{"名称": "梨高路(公交站)", "地址": "1267路", "城市": "重庆市", "标签": "交通设施服务;公交车站;公交车站相关", "区域名称": "沙坪坝区", "经度": 106.447342, "纬度": 29.544241, "电话": NaN, "图片标题1": NaN, "图片地址1": NaN}
{"名称": "磁器口(公交站)", "地址": "(停运)T086路", "城市": "重庆市", "标签": "交通设施服务;公交车站;公交车站相关", "区域名称": "沙坪坝区", "经度": 106.450607, "纬度": 29.578096, "电话": NaN, "图片标题1": NaN, "图片地址1": NaN}
{"名称": "大杨公桥站(公交站)", "地址": "(停运)468路(白鹤岭)区间;211路区间;215路;228路;234路;467路;468路", "城市": "重庆市", "标签": "交通设施服务;公交车站;公交车站相关", "区域名称": "沙坪坝区", "经度": 106.44747, "纬度": 29.561016, "电话": NaN, "图片标题1": NaN, "图片地址1": NaN}
{"名称": "杨公桥(公交站)", "地址": NaN, "城市": "重庆市", "标签": "交通设施服务;公交车站;公交车站相关", "区域名称": "沙坪坝区", "经度": 106.44706, "纬度": 29.564323, "电话": NaN, "图片标题1": NaN, "图片地址1": NaN}
{"名称": "清溪路(公交站)", "地址": NaN, "城市": "重庆市", "标签": "交通设施服务;公交车站;公交车站相关", "区域名称": "沙坪坝区", "经度": 106.4496, "纬度": 29.551823, "电话": NaN, "图片标题1": NaN, "图片地址1": NaN}
{"名称": "融汇上筑(公交站)", "地址": "496路", "城市": "重庆市", "标签": "交通设施服务;公交车站;公交车站相关", "区域名称": "沙坪坝区", "经度": 106.444336, "纬度": 29.555582, "电话": NaN, "图片标题1": NaN, "图片地址1": NaN}
{"名称": "童家桥正街(公交站)", "地址": NaN, "城市": "重庆市", "标签": "交通设施服务;公交车站;公交车站相关", "区域名称": "沙坪坝区", "经度": 106.446552, "纬度": 29.573423, "电话": NaN, "图片标题1": NaN, "图片地址1": NaN}
{"名称": "壮志路口(公交站)", "地址": NaN, "城市": "重庆市", "标签": "交通设施服务;公交车站;公交车站相关", "区域名称": "沙坪坝区", "经度": 106.443527, "纬度": 29.57, "电话": NaN, "图片标题1": NaN, "图片地址1": NaN}
{"名称": "重庆图书馆(公交站)", "地址": "1267路;1429路;166路;203路;204路;209路;211路;234路;236路;262路;429路;456路;467路;472路;807路", "城市": "重庆市", "标签": "交通设施服务;公交车站;公交车站相关", "区域名称": "沙坪坝区", "经度": 106.454175, "纬度": 29.530225, "电话": NaN, "图片标题1": NaN, "图片地址1": NaN}
{"名称": "凤天大道中段(公交站)", "地址": "1429路;203路;204路;209路;211路;234路;236路;262路;429路;456路;467路;472路;807路", "城市": "重庆市", "标签": "交通设施服务;公交车站;公交车站相关", "区域名称": "沙坪坝区", "经度": 106.45306, "纬度": 29.528355, "电话": NaN, "图片标题1": NaN, "图片地址1": NaN}
{"名称": "红岩广场(公交站)", "地址": "467路(06:30-07:40);501路夜班", "城市": "重庆市", "标签": "交通设施服务;公交车站;公交车站相关", "区域名称": "沙坪坝区", "经度": 106.446297, "纬度": 29.571905, "电话": NaN, "图片标题1": NaN, "图片地址1": NaN}
{"名称": "都市花园(公交站)", "地址": "1267路;204路;208路;219路;237路;260路;262路;280路;281路;819路;843路", "城市": "重庆市", "标签": "交通设施服务;公交车站;公交车站相关", "区域名称": "沙坪坝区", "经度": 106.449547, "纬度": 29.538387, "电话": NaN, "图片标题1": NaN, "图片地址1": NaN}
{"名称": "杨梨路口(公交站)", "地址": "211路区间;215路;245路;267路", "城市": "重庆市", "标签": "交通设施服务;公交车站;公交车站相关", "区域名称": "沙坪坝区", "经度": 106.445564, "纬度": 29.558867, "电话": NaN, "图片标题1": NaN, "图片地址1": NaN}
{"名称": "蓝溪谷地(公交站)", "地址": NaN, "城市": "重庆市", "标签": "交通设施服务;公交车站;公交车站相关", "区域名称": "沙坪坝区", "经度": 106.446823, "纬度": 29.549854, "电话": NaN, "图片标题1": NaN, "图片地址1": NaN}
{"名称": "林泉雅舍(公交站)", "地址": "181路;209路;210路;211路区间;215路;234路;248路;467路;467路(06:30-07:40);501路;504路;504路区间;805路;808路;821路", "城市": "重庆市", "标签": "交通设施服务;公交车站;公交车站相关", "区域名称": "沙坪坝区", "经度": 106.445599, "纬度": 29.56581, "电话": NaN, "图片标题1": NaN, "图片地址1": NaN}
{"名称": "烈士墓(公交站)", "地址": NaN, "城市": "重庆市", "标签": "交通设施服务;公交车站;公交车站相关", "区域名称": "沙坪坝区", "经度": 106.445641, "纬度": 29.568468, "电话": NaN, "图片标题1": NaN, "图片地址1": NaN}
{"名称": "通力(公交站)", "地址": "1267路", "城市": "重庆市", "标签": "交通设施服务;公交车站;公交车站相关", "区域名称": "沙坪坝区", "经度": 106.446746, "纬度": 29.541643, "电话": NaN, "图片标题1": NaN, "图片地址1": NaN}
{"名称": "轨道石井坡站(公交站)", "地址": "202路;261路;843路", "城市": "重庆市", "标签": "交通设施服务;公交车站;公交车站相关", "区域名称": "沙坪坝区", "经度": 106.444435, "纬度": 29.58865, "电话": NaN, "图片标题1": NaN, "图片地址1": NaN}
{"名称": "童家桥站(公交站)", "地址": NaN, "城市": "重庆市", "标签": "交通设施服务;公交车站;公交车站相关", "区域名称": "沙坪坝区", "经度": 106.446576, "纬度": 29.576602, "电话": NaN, "图片标题1": NaN, "图片地址1": NaN}
{"名称": "横三路(公交站)", "地址": "202路;261路;843路", "城市": "重庆市", "标签": "交通设施服务;公交车站;公交车站相关", "区域名称": "沙坪坝区", "经度": 106.446137, "纬度": 29.59457, "电话": NaN, "图片标题1": NaN, "图片地址1": NaN}
{"名称": "金碧街(公交站)", "地址": "202路;209路;215路;237路;261路;501路;503路;503路区间;504路;504路区间;553路(定时班车);805路;843路", "城市": "重庆市", "标签": "交通设施服务;公交车站;公交车站相关", "区域名称": "沙坪坝区", "经度": 106.446594, "纬度": 29.580387, "电话": NaN, "图片标题1": NaN, "图片地址1": NaN}
{"名称": "融汇童话里(公交站)", "地址": "496路", "城市": "重庆市", "标签": "交通设施服务;公交车站;公交车站相关", "区域名称": "沙坪坝区", "经度": 106.440956, "纬度": 29.553761, "电话": NaN, "图片标题1": NaN, "图片地址1": NaN}
{"名称": "凤鸣山(公交站)", "地址": "209路;222路;234路;467路;807路;871路", "城市": "重庆市", "标签": "交通设施服务;公交车站;公交车站相关", "区域名称": "沙坪坝区", "经度": 106.453377, "纬度": 29.525499, "电话": NaN, "图片标题1": NaN, "图片地址1": NaN}
{"名称": "卫星半岛(公交站)", "地址": "(停运)468路(白鹤岭)区间;228路;234路;245路;267路;467路;468路", "城市": "重庆市", "标签": "交通设施服务;公交车站;公交车站相关", "区域名称": "沙坪坝区", "经度": 106.44307, "纬度": 29.558486, "电话": NaN, "图片标题1": NaN, "图片地址1": NaN}
{"名称": "凤天大道南段(公交站)", "地址": "1429路;204路;236路;262路;429路;456路", "城市": "重庆市", "标签": "交通设施服务;公交车站;公交车站相关", "区域名称": "沙坪坝区", "经度": 106.451536, "纬度": 29.522444, "电话": NaN, "图片标题1": NaN, "图片地址1": NaN}
{"名称": "高滩岩(公交站)", "地址": NaN, "城市": "重庆市", "标签": "交通设施服务;公交车站;公交车站相关", "区域名称": "沙坪坝区", "经度": 106.447655, "纬度": 29.535391, "电话": NaN, "图片标题1": NaN, "图片地址1": NaN}
{"名称": "川外大礼堂(公交站)", "地址": "T320线", "城市": "重庆市", "标签": "交通设施服务;公交车站;公交车站相关", "区域名称": "沙坪坝区", "经度": 106.438468, "纬度": 29.571823, "电话": NaN, "图片标题1": NaN, "图片地址1": NaN}
{"名称": "红槽房(公交站)", "地址": NaN, "城市": "重庆市", "标签": "交通设施服务;公交车站;公交车站相关", "区域名称": "沙坪坝区", "经度": 106.443131, "纬度": 29.550497, "电话": NaN, "图片标题1": NaN, "图片地址1": NaN}
{"名称": "石井坡(公交站)", "地址": "202路;209路;215路;237路;248路;501路;503路;503路区间;504路;504路区间;553路(定时班车);553路定时班车;805路;843路", "城市": "重庆市", "标签": "交通设施服务;公交车站;公交车站相关", "区域名称": "沙坪坝区", "经度": 106.444939, "纬度": 29.585793, "电话": NaN, "图片标题1": NaN, "图片地址1": NaN}
{"名称": "中心湾转盘(公交站)", "地址": NaN, "城市": "重庆市", "标签": "交通设施服务;公交车站;公交车站相关", "区域名称": "沙坪坝区", "经度": 106.443321, "纬度": 29.595114, "电话": NaN, "图片标题1": NaN, "图片地址1": NaN}
{"名称": "上中心湾(公交站)", "地址": "232路", "城市": "重庆市", "标签": "交通设施服务;公交车站;公交车站相关", "区域名称": "沙坪坝区", "经度": 106.443047, "纬度": 29.593569, "电话": NaN, "图片标题1": NaN, "图片地址1": NaN}
{"名称": "西政(公交站)", "地址": "210路;821路;T198路", "城市": "重庆市", "标签": "交通设施服务;公交车站;公交车站相关", "区域名称": "沙坪坝区", "经度": 106.441931, "纬度": 29.571263, "电话": NaN, "图片标题1": NaN, "图片地址1": "http://store.is.autonavi.com/showpic/d42643b888b16edb7199e0bdb60e7963"}
{"名称": "轨道凤鸣山(公交站)", "地址": "203路;211路;222路;250路;287路;871路", "城市": "重庆市", "标签": "交通设施服务;公交车站;公交车站相关", "区域名称": "沙坪坝区", "经度": 106.45013, "纬度": 29.524716, "电话": NaN, "图片标题1": NaN, "图片地址1": NaN}
{"名称": "堆金村(公交站)", "地址": "805路", "城市": "重庆市", "标签": "交通设施服务;公交车站;公交车站相关", "区域名称": "沙坪坝区", "经度": 106.455069, "纬度": 29.611302, "电话": NaN, "图片标题1": NaN, "图片地址1": NaN}
{"名称": "融汇温泉路口(公交站)", "地址": "224路;228路;496路", "城市": "重庆市", "标签": "交通设施服务;公交车站;公交车站相关", "区域名称": "沙坪坝区", "经度": 106.441383, "纬度": 29.550175, "电话": NaN, "图片标题1": NaN, "图片地址1": NaN}
{"名称": "川外(公交站)", "地址": NaN, "城市": "重庆市", "标签": "交通设施服务;公交车站;公交车站相关", "区域名称": "沙坪坝区", "经度": 106.44079, "纬度": 29.572144, "电话": NaN, "图片标题1": NaN, "图片地址1": NaN}
{"名称": "西物1站(公交站)", "地址": NaN, "城市": "重庆市", "标签": "交通设施服务;公交车站;公交车站相关", "区域名称": "沙坪坝区", "经度": 106.446693, "纬度": 29.520811, "电话": NaN, "图片标题1": NaN, "图片地址1": NaN}
{"名称": "融汇支路(公交站)", "地址": "224路;228路;496路", "城市": "重庆市", "标签": "交通设施服务;公交车站;公交车站相关", "区域名称": "沙坪坝区", "经度": 106.440365, "纬度": 29.54674, "电话": NaN, "图片标题1": NaN, "图片地址1": NaN}
{"名称": "钢材市场(公交站)", "地址": "(停运)468路(白鹤岭)区间;228路;234路;245路;267路;467路;468路", "城市": "重庆市", "标签": "交通设施服务;公交车站;公交车站相关", "区域名称": "沙坪坝区", "经度": 106.440073, "纬度": 29.556013, "电话": NaN, "图片标题1": NaN, "图片地址1": NaN}
{"名称": "嘉陵花园(公交站)", "地址": "494路;805路", "城市": "重庆市", "标签": "交通设施服务;公交车站;公交车站相关", "区域名称": "沙坪坝区", "经度": 106.449564, "纬度": 29.603973, "电话": NaN, "图片标题1": NaN, "图片地址1": NaN}
{"名称": "松苑1舍(公交站)", "地址": "T320线", "城市": "重庆市", "标签": "交通设施服务;公交车站;公交车站相关", "区域名称": "沙坪坝区", "经度": 106.434404, "纬度": 29.56812, "电话": NaN, "图片标题1": NaN, "图片地址1": NaN}
{"名称": "凤望路(公交站)", "地址": "262路", "城市": "重庆市", "标签": "交通设施服务;公交车站;公交车站相关", "区域名称": "沙坪坝区", "经度": 106.44737, "纬度": 29.517131, "电话": NaN, "图片标题1": NaN, "图片地址1": NaN}
{"名称": "梨树湾(公交站)", "地址": "(停运)468路(白鹤岭)区间;234路;245路;267路;468路", "城市": "重庆市", "标签": "交通设施服务;公交车站;公交车站相关", "区域名称": "沙坪坝区", "经度": 106.439255, "纬度": 29.551548, "电话": NaN, "图片标题1": NaN, "图片地址1": NaN}
{"名称": "高滩岩正街(公交站)", "地址": NaN, "城市": "重庆市", "标签": "交通设施服务;公交车站;公交车站相关", "区域名称": "沙坪坝区", "经度": 106.445834, "纬度": 29.528567, "电话": NaN, "图片标题1": NaN, "图片地址1": NaN}
{"名称": "山隐秋鸣(公交站)", "地址": "267路", "城市": "重庆市", "标签": "交通设施服务;公交车站;公交车站相关", "区域名称": "沙坪坝区", "经度": 106.433003, "纬度": 29.561992, "电话": NaN, "图片标题1": NaN, "图片地址1": NaN}
{"名称": "万科金色悦城(公交站)", "地址": NaN, "城市": "重庆市", "标签": "交通设施服务;公交车站;公交车站相关", "区域名称": "沙坪坝区", "经度": 106.451549, "纬度": 29.517105, "电话": NaN, "图片标题1": NaN, "图片地址1": NaN}
{"名称": "杨家山(公交站)", "地址": "821路", "城市": "重庆市", "标签": "交通设施服务;公交车站;公交车站相关", "区域名称": "沙坪坝区", "经度": 106.439627, "纬度": 29.580807, "电话": NaN, "图片标题1": NaN, "图片地址1": NaN}
{"名称": "嘉陵幼儿园(公交站)", "地址": "805路", "城市": "重庆市", "标签": "交通设施服务;公交车站;公交车站相关", "区域名称": "沙坪坝区", "经度": 106.451706, "纬度": 29.61092, "电话": NaN, "图片标题1": NaN, "图片地址1": NaN}
{"名称": "石井坡派出所(公交站)", "地址": "232路", "城市": "重庆市", "标签": "交通设施服务;公交车站;公交车站相关", "区域名称": "沙坪坝区", "经度": 106.442194, "纬度": 29.591356, "电话": NaN, "图片标题1": NaN, "图片地址1": NaN}
{"名称": "图书馆(公交站)", "地址": "T320线", "城市": "重庆市", "标签": "交通设施服务;公交车站;公交车站相关", "区域名称": "沙坪坝区", "经度": 106.433504, "纬度": 29.571755, "电话": NaN, "图片标题1": NaN, "图片地址1": NaN}
{"名称": "西物(公交站)", "地址": "203路;211路;213路;222路;250路;843路;891路", "城市": "重庆市", "标签": "交通设施服务;公交车站;公交车站相关", "区域名称": "沙坪坝区", "经度": 106.444008, "纬度": 29.520069, "电话": NaN, "图片标题1": NaN, "图片地址1": NaN}
{"名称": "嘉陵医院(公交站)", "地址": "494路;805路", "城市": "重庆市", "标签": "交通设施服务;公交车站;公交车站相关", "区域名称": "沙坪坝区", "经度": 106.449844, "纬度": 29.60829, "电话": NaN, "图片标题1": NaN, "图片地址1": NaN}
{"名称": "嘉陵街(公交站)", "地址": "494路;805路", "城市": "重庆市", "标签": "交通设施服务;公交车站;公交车站相关", "区域名称": "沙坪坝区", "经度": 106.44661, "纬度": 29.603323, "电话": NaN, "图片标题1": NaN, "图片地址1": NaN}
{"名称": "融汇温泉1站(公交站)", "地址": "224路;228路;496路", "城市": "重庆市", "标签": "交通设施服务;公交车站;公交车站相关", "区域名称": "沙坪坝区", "经度": 106.439723, "纬度": 29.541968, "电话": NaN, "图片标题1": NaN, "图片地址1": NaN}
{"名称": "梨树湾1站(公交站)", "地址": "267路;278路;278路区间", "城市": "重庆市", "标签": "交通设施服务;公交车站;公交车站相关", "区域名称": "沙坪坝区", "经度": 106.437965, "纬度": 29.547682, "电话": NaN, "图片标题1": NaN, "图片地址1": NaN}
{"名称": "下中心湾(公交站)", "地址": "232路", "城市": "重庆市", "标签": "交通设施服务;公交车站;公交车站相关", "区域名称": "沙坪坝区", "经度": 106.443306, "纬度": 29.597113, "电话": NaN, "图片标题1": NaN, "图片地址1": NaN}
{"名称": "三十二中(公交站)", "地址": "289路", "城市": "重庆市", "标签": "交通设施服务;公交车站;公交车站相关", "区域名称": "沙坪坝区", "经度": 106.440373, "纬度": 29.602301, "电话": NaN, "图片标题1": NaN, "图片地址1": NaN}
{"名称": "东华医院路口(公交站)", "地址": "232路", "城市": "重庆市", "标签": "交通设施服务;公交车站;公交车站相关", "区域名称": "沙坪坝区", "经度": 106.439896, "纬度": 29.589193, "电话": NaN, "图片标题1": NaN, "图片地址1": NaN}
{"名称": "凤中路(公交站)", "地址": "203路;213路;222路;250路;843路;891路", "城市": "重庆市", "标签": "交通设施服务;公交车站;公交车站相关", "区域名称": "沙坪坝区", "经度": 106.442825, "纬度": 29.518393, "电话": NaN, "图片标题1": NaN, "图片地址1": NaN}
{"名称": "西物后门(公交站)", "地址": NaN, "城市": "重庆市", "标签": "交通设施服务;公交车站;公交车站相关", "区域名称": "沙坪坝区", "经度": 106.445994, "纬度": 29.520725, "电话": NaN, "图片标题1": NaN, "图片地址1": NaN}
{"名称": "融汇温泉中心(公交站)", "地址": "224路", "城市": "重庆市", "标签": "交通设施服务;公交车站;公交车站相关", "区域名称": "沙坪坝区", "经度": 106.438759, "纬度": 29.540394, "电话": NaN, "图片标题1": NaN, "图片地址1": NaN}
{"名称": "融汇温泉(公交站)", "地址": "228路;496路", "城市": "重庆市", "标签": "交通设施服务;公交车站;公交车站相关", "区域名称": "沙坪坝区", "经度": 106.437742, "纬度": 29.543475, "电话": NaN, "图片标题1": NaN, "图片地址1": NaN}
{"名称": "特钢体育场(公交站)", "地址": "232路", "城市": "重庆市", "标签": "交通设施服务;公交车站;公交车站相关", "区域名称": "沙坪坝区", "经度": 106.442703, "纬度": 29.599413, "电话": NaN, "图片标题1": NaN, "图片地址1": NaN}
{"名称": "大河沟社区(公交站)", "地址": "232路", "城市": "重庆市", "标签": "交通设施服务;公交车站;公交车站相关", "区域名称": "沙坪坝区", "经度": 106.438293, "纬度": 29.587709, "电话": NaN, "图片标题1": NaN, "图片地址1": NaN}
{"名称": "天桥(公交站)", "地址": "209路;215路;232路;237路;248路;501路;501路夜班;503路;503路区间;504路;504路区间;553路(定时班车);553路定时班车;805路", "城市": "重庆市", "标签": "交通设施服务;公交车站;公交车站相关", "区域名称": "沙坪坝区", "经度": 106.439766, "纬度": 29.592869, "电话": NaN, "图片标题1": NaN, "图片地址1": NaN}
{"名称": "梅园(公交站)", "地址": "T198路", "城市": "重庆市", "标签": "交通设施服务;公交车站;公交车站相关", "区域名称": "沙坪坝区", "经度": 106.434245, "纬度": 29.581363, "电话": NaN, "图片标题1": NaN, "图片地址1": NaN}
{"名称": "渣滓洞(公交站)", "地址": NaN, "城市": "重庆市", "标签": "交通设施服务;公交车站;公交车站相关", "区域名称": "沙坪坝区", "经度": 106.434918, "纬度": 29.583689, "电话": NaN, "图片标题1": NaN, "图片地址1": NaN}
{"名称": "新桥(公交站)", "地址": NaN, "城市": "重庆市", "标签": "交通设施服务;公交车站;公交车站相关", "区域名称": "沙坪坝区", "经度": 106.438255, "纬度": 29.524162, "电话": NaN, "图片标题1": NaN, "图片地址1": NaN}
{"名称": "梨树湾车管所(公交站)", "地址": "267路;278路;278路区间;T015路", "城市": "重庆市", "标签": "交通设施服务;公交车站;公交车站相关", "区域名称": "沙坪坝区", "经度": 106.435974, "纬度": 29.545702, "电话": NaN, "图片标题1": NaN, "图片地址1": NaN}
{"名称": "轨道双碑站(公交站)", "地址": "232路;296路;3232路;494路", "城市": "重庆市", "标签": "交通设施服务;公交车站;公交车站相关", "区域名称": "沙坪坝区", "经度": 106.445278, "纬度": 29.606431, "电话": NaN, "图片标题1": NaN, "图片地址1": NaN}
{"名称": "新桥路口(公交站)", "地址": "213路;219路;260路;843路;871路;891路", "城市": "重庆市", "标签": "交通设施服务;公交车站;公交车站相关", "区域名称": "沙坪坝区", "经度": 106.442904, "纬度": 29.525021, "电话": NaN, "图片标题1": NaN, "图片地址1": NaN}
{"名称": "梨新路1站(公交站)", "地址": "267路;278路;278路区间", "城市": "重庆市", "标签": "交通设施服务;公交车站;公交车站相关", "区域名称": "沙坪坝区", "经度": 106.434018, "纬度": 29.560735, "电话": NaN, "图片标题1": NaN, "图片地址1": NaN}
{"名称": "大石村社区(公交站)", "地址": "494路", "城市": "重庆市", "标签": "交通设施服务;公交车站;公交车站相关", "区域名称": "沙坪坝区", "经度": 106.447593, "纬度": 29.611301, "电话": NaN, "图片标题1": NaN, "图片地址1": NaN}
{"名称": "芭蕉沟菜市(公交站)", "地址": NaN, "城市": "重庆市", "标签": "交通设施服务;公交车站;公交车站相关", "区域名称": "沙坪坝区", "经度": 106.434547, "纬度": 29.551849, "电话": NaN, "图片标题1": NaN, "图片地址1": NaN}
{"名称": "新桥正街(公交站)", "地址": NaN, "城市": "重庆市", "标签": "交通设施服务;公交车站;公交车站相关", "区域名称": "沙坪坝区", "经度": 106.441863, "纬度": 29.526165, "电话": NaN, "图片标题1": NaN, "图片地址1": NaN}
{"名称": "双碑(公交站)", "地址": "209路;215路;232路;237路;248路;289路;296路;3232路;494路;501路;501路夜班;503路;503路区间;504路;504路区间;545路;546路;548路;553路(定时班车);553路定时班车;805路", "城市": "重庆市", "标签": "交通设施服务;公交车站;公交车站相关", "区域名称": "沙坪坝区", "经度": 106.44187, "纬度": 29.601672, "电话": NaN, "图片标题1": NaN, "图片地址1": NaN}
{"名称": "双碑农贸市场(公交站)", "地址": "232路;296路;3232路;494路", "城市": "重庆市", "标签": "交通设施服务;公交车站;公交车站相关", "区域名称": "沙坪坝区", "经度": 106.44524, "纬度": 29.608146, "电话": NaN, "图片标题1": NaN, "图片地址1": NaN}
{"名称": "双碑公交车场(公交站)", "地址": "289路", "城市": "重庆市", "标签": "交通设施服务;公交车站;公交车站相关", "区域名称": "沙坪坝区", "经度": 106.441696, "纬度": 29.601597, "电话": NaN, "图片标题1": NaN, "图片地址1": NaN}
{"名称": "芭蕉沟(公交站)", "地址": "267路;278路;278路区间;T015路", "城市": "重庆市", "标签": "交通设施服务;公交车站;公交车站相关", "区域名称": "沙坪坝区", "经度": 106.433487, "纬度": 29.556715, "电话": NaN, "图片标题1": NaN, "图片地址1": NaN}
{"名称": "映山红(公交站)", "地址": "232路", "城市": "重庆市", "标签": "交通设施服务;公交车站;公交车站相关", "区域名称": "沙坪坝区", "经度": 106.436852, "纬度": 29.587778, "电话": NaN, "图片标题1": NaN, "图片地址1": NaN}
{"名称": "白公馆(公交站)", "地址": NaN, "城市": "重庆市", "标签": "交通设施服务;公交车站;公交车站相关", "区域名称": "沙坪坝区", "经度": 106.433415, "纬度": 29.57631, "电话": NaN, "图片标题1": NaN, "图片地址1": NaN}
{"名称": "远祖桥(南行)(公交站)", "地址": "296路", "城市": "重庆市", "标签": "交通设施服务;公交车站;公交车站相关", "区域名称": "沙坪坝区", "经度": 106.442849, "纬度": 29.615413, "电话": NaN, "图片标题1": NaN, "图片地址1": NaN}
{"名称": "远祖桥(北行)(公交站)", "地址": "296路", "城市": "重庆市", "标签": "交通设施服务;公交车站;公交车站相关", "区域名称": "沙坪坝区", "经度": 106.443006, "纬度": 29.615454, "电话": NaN, "图片标题1": NaN, "图片地址1": NaN}
{"名称": "107站(公交站)", "地址": "267路;278路;278路区间", "城市": "重庆市", "标签": "交通设施服务;公交车站;公交车站相关", "区域名称": "沙坪坝区", "经度": 106.433548, "纬度": 29.553556, "电话": NaN, "图片标题1": NaN, "图片地址1": NaN}
{"名称": "大石村菜市(公交站)", "地址": NaN, "城市": "重庆市", "标签": "交通设施服务;公交车站;公交车站相关", "区域名称": "沙坪坝区", "经度": 106.447235, "纬度": 29.61276, "电话": NaN, "图片标题1": NaN, "图片地址1": NaN}
{"名称": "双碑花园(公交站)", "地址": "232路", "城市": "重庆市", "标签": "交通设施服务;公交车站;公交车站相关", "区域名称": "沙坪坝区", "经度": 106.440765, "纬度": 29.600227, "电话": NaN, "图片标题1": NaN, "图片地址1": NaN}
{"名称": "莲光校(公交站)", "地址": "209路;215路;237路;248路;501路;501路夜班;503路;503路区间;504路;504路区间;553路(定时班车);553路定时班车;805路", "城市": "重庆市", "标签": "交通设施服务;公交车站;公交车站相关", "区域名称": "沙坪坝区", "经度": 106.439766, "纬度": 29.5977, "电话": NaN, "图片标题1": NaN, "图片地址1": NaN}
{"名称": "107厂(公交站)", "地址": "T015路", "城市": "重庆市", "标签": "交通设施服务;公交车站;公交车站相关", "区域名称": "沙坪坝区", "经度": 106.433517, "纬度": 29.553802, "电话": NaN, "图片标题1": NaN, "图片地址1": NaN}
{"名称": "杨家沟(公交站)", "地址": NaN, "城市": "重庆市", "标签": "交通设施服务;公交车站;公交车站相关", "区域名称": "沙坪坝区", "经度": 106.434029, "纬度": 29.549696, "电话": NaN, "图片标题1": NaN, "图片地址1": NaN}
{"名称": "特钢花园(公交站)", "地址": NaN, "城市": "重庆市", "标签": "交通设施服务;公交车站;公交车站相关", "区域名称": "沙坪坝区", "经度": 106.440486, "纬度": 29.600612, "电话": NaN, "图片标题1": NaN, "图片地址1": NaN}
{"名称": "轨道双碑站场(公交站)", "地址": NaN, "城市": "重庆市", "标签": "交通设施服务;公交车站;公交车站相关", "区域名称": "沙坪坝区", "经度": 106.444398, "纬度": 29.609484, "电话": NaN, "图片标题1": NaN, "图片地址1": NaN}
{"名称": "和平山(公交站)", "地址": "232路", "城市": "重庆市", "标签": "交通设施服务;公交车站;公交车站相关", "区域名称": "沙坪坝区", "经度": 106.435646, "纬度": 29.588493, "电话": NaN, "图片标题1": NaN, "图片地址1": NaN}
{"名称": "新桥医院(公交站)", "地址": "(停运)T166健康专线", "城市": "重庆市", "标签": "交通设施服务;公交车站;公交车站相关", "区域名称": "沙坪坝区", "经度": 106.437548, "纬度": 29.52185, "电话": NaN, "图片标题1": NaN, "图片地址1": NaN}
{"名称": "杨家沟1站(公交站)", "地址": NaN, "城市": "重庆市", "标签": "交通设施服务;公交车站;公交车站相关", "区域名称": "沙坪坝区", "经度": 106.433731, "纬度": 29.546494, "电话": NaN, "图片标题1": NaN, "图片地址1": NaN}
{"名称": "32中(公交站)", "地址": "289路", "城市": "重庆市", "标签": "交通设施服务;公交车站;公交车站相关", "区域名称": "沙坪坝区", "经度": 106.440334, "纬度": 29.602344, "电话": NaN, "图片标题1": NaN, "图片地址1": NaN}
{"名称": "四校(公交站)", "地址": "209路;237路;248路;296路;3232路;501路;501路夜班;503路;503路区间;504路;504路区间;545路;546路;548路;553路(定时班车);553路定时班车", "城市": "重庆市", "标签": "交通设施服务;公交车站;公交车站相关", "区域名称": "沙坪坝区", "经度": 106.442613, "纬度": 29.607733, "电话": NaN, "图片标题1": NaN, "图片地址1": NaN}
{"名称": "四校还建房(公交站)", "地址": NaN, "城市": "重庆市", "标签": "交通设施服务;公交车站;公交车站相关", "区域名称": "沙坪坝区", "经度": 106.442406, "纬度": 29.609435, "电话": NaN, "图片标题1": NaN, "图片地址1": NaN}
{"名称": "宏城名都(公交站)", "地址": "494路", "城市": "重庆市", "标签": "交通设施服务;公交车站;公交车站相关", "区域名称": "沙坪坝区", "经度": 106.445985, "纬度": 29.615914, "电话": NaN, "图片标题1": NaN, "图片地址1": NaN}
{"名称": "永烁厂(公交站)", "地址": "289路", "城市": "重庆市", "标签": "交通设施服务;公交车站;公交车站相关", "区域名称": "沙坪坝区", "经度": 106.440026, "纬度": 29.607088, "电话": NaN, "图片标题1": NaN, "图片地址1": NaN}
{"名称": "新山路中段(公交站)", "地址": "280路;281路;287路", "城市": "重庆市", "标签": "交通设施服务;公交车站;公交车站相关", "区域名称": "沙坪坝区", "经度": 106.435271, "纬度": 29.521392, "电话": NaN, "图片标题1": NaN, "图片地址1": NaN}
{"名称": "金杜洋光(公交站)", "地址": "296路", "城市": "重庆市", "标签": "交通设施服务;公交车站;公交车站相关", "区域名称": "沙坪坝区", "经度": 106.439935, "纬度": 29.619043, "电话": NaN, "图片标题1": NaN, "图片地址1": NaN}
{"名称": "招呼站(公交站)", "地址": "289路", "城市": "重庆市", "标签": "交通设施服务;公交车站;公交车站相关", "区域名称": "沙坪坝区", "经度": 106.437368, "纬度": 29.607611, "电话": NaN, "图片标题1": NaN, "图片地址1": NaN}
{"名称": "远祖桥(公交站)", "地址": NaN, "城市": "重庆市", "标签": "交通设施服务;公交车站;公交车站相关", "区域名称": "沙坪坝区", "经度": 106.442902, "纬度": 29.615236, "电话": NaN, "图片标题1": NaN, "图片地址1": NaN}
{"名称": "上桥(公交站)", "地址": "203路;213路;222路;250路;843路;891路", "城市": "重庆市", "标签": "交通设施服务;公交车站;公交车站相关", "区域名称": "沙坪坝区", "经度": 106.440836, "纬度": 29.514873, "电话": NaN, "图片标题1": NaN, "图片地址1": NaN}
{"名称": "远祖桥1站(公交站)", "地址": NaN, "城市": "重庆市", "标签": "交通设施服务;公交车站;公交车站相关", "区域名称": "沙坪坝区", "经度": 106.443116, "纬度": 29.617678, "电话": NaN, "图片标题1": NaN, "图片地址1": NaN}
{"名称": "上桥工程学院(公交站)", "地址": "203路;213路;222路;250路;843路;891路", "城市": "重庆市", "标签": "交通设施服务;公交车站;公交车站相关", "区域名称": "沙坪坝区", "经度": 106.440807, "纬度": 29.511424, "电话": NaN, "图片标题1": NaN, "图片地址1": NaN}
{"名称": "畔山桃园(公交站)", "地址": NaN, "城市": "重庆市", "标签": "交通设施服务;公交车站;公交车站相关", "区域名称": "沙坪坝区", "经度": 106.440775, "纬度": 29.50142, "电话": NaN, "图片标题1": NaN, "图片地址1": NaN}
{"名称": "南溪村(公交站)", "地址": "209路;237路;248路;3232路;501路;501路夜班;503路;503路区间;504路;504路区间;548路;553路(定时班车);553路定时班车", "城市": "重庆市", "标签": "交通设施服务;公交车站;公交车站相关", "区域名称": "沙坪坝区", "经度": 106.442785, "纬度": 29.621451, "电话": NaN, "图片标题1": NaN, "图片地址1": NaN}
{"名称": "南溪口(公交站)", "地址": NaN, "城市": "重庆市", "标签": "交通设施服务;公交车站;公交车站相关", "区域名称": "沙坪坝区", "经度": 106.442639, "纬度": 29.624553, "电话": NaN, "图片标题1": NaN, "图片地址1": NaN}
{"名称": "张家湾(公交站)", "地址": NaN, "城市": "重庆市", "标签": "交通设施服务;公交车站;公交车站相关", "区域名称": "沙坪坝区", "经度": 106.440737, "纬度": 29.505311, "电话": NaN, "图片标题1": NaN, "图片地址1": NaN}
{"名称": "清水溪铁路桥(公交站)", "地址": "250路", "城市": "重庆市", "标签": "交通设施服务;公交车站;公交车站相关", "区域名称": "沙坪坝区", "经度": 106.434044, "纬度": 29.510099, "电话": NaN, "图片标题1": NaN, "图片地址1": NaN}
{"名称": "清水溪(公交站)", "地址": "250路", "城市": "重庆市", "标签": "交通设施服务;公交车站;公交车站相关", "区域名称": "沙坪坝区", "经度": 106.431984, "纬度": 29.512827, "电话": NaN, "图片标题1": NaN, "图片地址1": NaN}
{"名称": "清水溪路口(公交站)", "地址": "250路", "城市": "重庆市", "标签": "交通设施服务;公交车站;公交车站相关", "区域名称": "沙坪坝区", "经度": 106.432266, "纬度": 29.510689, "电话": NaN, "图片标题1": NaN, "图片地址1": NaN}
{"名称": "歌乐山北街(公交站)", "地址": "243路;247路", "城市": "重庆市", "标签": "交通设施服务;公交车站;公交车站相关", "区域名称": "沙坪坝区", "经度": 106.418775, "纬度": 29.575474, "电话": NaN, "图片标题1": NaN, "图片地址1": NaN}
{"名称": "新山路(公交站)", "地址": NaN, "城市": "重庆市", "标签": "交通设施服务;公交车站;公交车站相关", "区域名称": "沙坪坝区", "经度": 106.433754, "纬度": 29.518051, "电话": NaN, "图片标题1": NaN, "图片地址1": NaN}
{"名称": "耐火厂(公交站)", "地址": "289路", "城市": "重庆市", "标签": "交通设施服务;公交车站;公交车站相关", "区域名称": "沙坪坝区", "经度": 106.434466, "纬度": 29.612122, "电话": NaN, "图片标题1": NaN, "图片地址1": NaN}
