{"名称": "重庆大学出版社", "地址": "大学城西路21号", "城市": "重庆市", "标签": "科教文化服务;传媒机构;出版社", "区域名称": "沙坪坝区", "经度": 106.29185, "纬度": 29.596936, "电话": "023-88617000;023-88617012", "图片标题1": NaN, "图片地址1": "http://store.is.autonavi.com/showpic/1b0fa7f3d2292e339d927750017c17ee"}
{"名称": "沙坪坝区文化广电新闻出版局", "地址": "小龙坎正街139号雾都大厦F1层", "城市": "重庆市", "标签": "科教文化服务;传媒机构;出版社|政府机构及社会团体;政府机关;政府机关相关", "区域名称": "沙坪坝区", "经度": 106.466148, "纬度": 29.552116, "电话": "023-65425313", "图片标题1": NaN, "图片地址1": "http://store.is.autonavi.com/showpic/0ebfe100262ea4b747980fb3d083a584"}
