{"名称": "重庆图书馆", "地址": "凤天大道106号(重庆图书馆地铁站2号口步行110米)", "城市": "重庆市", "标签": "科教文化服务;图书馆;图书馆", "区域名称": "沙坪坝区", "经度": 106.454835, "纬度": 29.532324, "电话": "023-65210822", "图片标题1": NaN, "图片地址1": "http://aos-cdn-image.amap.com/sns/ugccomment/e45a87ee-a6fb-47c7-a8e8-c27c943a57b6.jpg", "图片标题2": NaN, "图片地址2": "http://store.is.autonavi.com/showpic/975217a46cb504b32e60e0f80f8e2090", "图片标题3": NaN, "图片地址3": "http://store.is.autonavi.com/showpic/e5894dd8cf2acf09345033dc54559490"}
{"名称": "重庆大学A区图书馆", "地址": "沙坪坝正街174号重庆大学", "城市": "重庆市", "标签": "科教文化服务;图书馆;图书馆", "区域名称": "沙坪坝区", "经度": 106.46807, "纬度": 29.565582, "电话": "023-65102601", "图片标题1": NaN, "图片地址1": "http://store.is.autonavi.com/showpic/eb77d66a7824953e67c9b7319f525c76", "图片标题2": NaN, "图片地址2": "http://store.is.autonavi.com/showpic/75c506f2b7938bc7abfc22565cf43703", "图片标题3": NaN, "图片地址3": "http://store.is.autonavi.com/showpic/7cbfbb3bbd1587ad6f1dd274401cdb34"}
{"名称": "重庆科技学院图书馆", "地址": "大学城东路20号重庆科技学院虎溪校区", "城市": "重庆市", "标签": "科教文化服务;图书馆;图书馆", "区域名称": "沙坪坝区", "经度": 106.323581, "纬度": 29.590064, "电话": "023-65022368", "图片标题1": NaN, "图片地址1": "http://store.is.autonavi.com/showpic/6a250d3819819f5865c69e68ed24e065", "图片标题2": NaN, "图片地址2": NaN, "图片标题3": NaN, "图片地址3": NaN}
{"名称": "重庆大学C区图书馆", "地址": "渝碚路131号重庆大学C区", "城市": "重庆市", "标签": "科教文化服务;图书馆;图书馆", "区域名称": "沙坪坝区", "经度": 106.4541, "纬度": 29.56017, "电话": "023-65118094", "图片标题1": NaN, "图片地址1": NaN, "图片标题2": NaN, "图片地址2": NaN, "图片标题3": NaN, "图片地址3": NaN}
{"名称": "重庆师范大学图书馆", "地址": "大学城中路37号重庆师范大学(大学城校区)", "城市": "重庆市", "标签": "科教文化服务;图书馆;图书馆", "区域名称": "沙坪坝区", "经度": 106.301384, "纬度": 29.612768, "电话": "023-65910021", "图片标题1": NaN, "图片地址1": "http://store.is.autonavi.com/showpic/ed439382850b4ef32f04276953cc34fb", "图片标题2": NaN, "图片地址2": "http://store.is.autonavi.com/showpic/bbc10015435c57a44610ae59795af74b", "图片标题3": NaN, "图片地址3": "https://aos-comment.amap.com/B00178X9JK/headerImg/f2c54cc9c344e65e07f6aac2a57e6384_2048_2048_80.jpg"}
{"名称": "沙坪坝图书馆", "地址": "渝碚路222-1号宏洲大厦1层", "城市": "重庆市", "标签": "科教文化服务;图书馆;图书馆", "区域名称": "沙坪坝区", "经度": 106.454798, "纬度": 29.563375, "电话": "023-65469148", "图片标题1": NaN, "图片地址1": "http://store.is.autonavi.com/showpic/43a9f00a052adbc28303bdaf6dbfe8d7", "图片标题2": NaN, "图片地址2": "http://store.is.autonavi.com/showpic/557a7df6a3109f1e8a18c21f", "图片标题3": NaN, "图片地址3": "http://store.is.autonavi.com/showpic/356008a5f1beef087f1d7de38341308c"}
{"名称": "城市书房(宏洲大厦店)", "地址": "沙坪坝图书馆1层", "城市": "重庆市", "标签": "购物服务;专卖店;书店|科教文化服务;图书馆;图书馆", "区域名称": "沙坪坝区", "经度": 106.454834, "纬度": 29.563518, "电话": "023-65408695", "图片标题1": NaN, "图片地址1": "http://store.is.autonavi.com/showpic/3eb3de5c5edf2e77af8397284ae593a2", "图片标题2": NaN, "图片地址2": NaN, "图片标题3": NaN, "图片地址3": NaN}
{"名称": "重庆大学图书馆建筑分馆", "地址": "沙中路83号重庆大学B区沙坪坝北街59号附近", "城市": "重庆市", "标签": "科教文化服务;图书馆;图书馆", "区域名称": "沙坪坝区", "经度": 106.460448, "纬度": 29.566568, "电话": NaN, "图片标题1": NaN, "图片地址1": NaN, "图片标题2": NaN, "图片地址2": NaN, "图片标题3": NaN, "图片地址3": NaN}
{"名称": "重庆师范大学-图书馆", "地址": "天陈路12号重庆师范大学(沙坪坝校区)", "城市": "重庆市", "标签": "科教文化服务;图书馆;图书馆", "区域名称": "沙坪坝区", "经度": 106.457458, "纬度": 29.555445, "电话": "023-65362747", "图片标题1": NaN, "图片地址1": NaN, "图片标题2": NaN, "图片地址2": NaN, "图片标题3": NaN, "图片地址3": NaN}
{"名称": "重庆建筑科技职业学院图书馆", "地址": "陈西路重庆建筑科技职业学院", "城市": "重庆市", "标签": "科教文化服务;图书馆;图书馆", "区域名称": "沙坪坝区", "经度": 106.328633, "纬度": 29.617997, "电话": NaN, "图片标题1": NaN, "图片地址1": NaN, "图片标题2": NaN, "图片地址2": NaN, "图片标题3": NaN, "图片地址3": NaN}
{"名称": "重庆电子工程职业学院图书馆", "地址": "大学城东路76号", "城市": "重庆市", "标签": "科教文化服务;图书馆;图书馆", "区域名称": "沙坪坝区", "经度": 106.323798, "纬度": 29.616606, "电话": "023-65928282", "图片标题1": NaN, "图片地址1": "http://store.is.autonavi.com/showpic/f512f5554728b26503e7351b423d9406", "图片标题2": NaN, "图片地址2": "http://aos-cdn-image.amap.com/sns/ugccomment/4e81da8b-8ca1-40c1-ad6c-de999e38a7e0.jpeg", "图片标题3": NaN, "图片地址3": NaN}
{"名称": "重庆医科大学图书馆(学苑西路)", "地址": "大学城中路61号", "城市": "重庆市", "标签": "科教文化服务;图书馆;图书馆", "区域名称": "沙坪坝区", "经度": 106.303933, "纬度": 29.625239, "电话": NaN, "图片标题1": NaN, "图片地址1": "http://aos-cdn-image.amap.com/sns/ugccomment/73096123-3c34-4fad-a3c0-3af5eb100f65.jpg", "图片标题2": NaN, "图片地址2": "http://aos-cdn-image.amap.com/sns/ugccomment/71555e6c-7114-4f23-9399-d2b8c927deae.jpg", "图片标题3": NaN, "图片地址3": NaN}
{"名称": "重庆建筑科技职业学院图书馆报刊阅览室", "地址": "陈西路与陈青路交叉口西南280米", "城市": "重庆市", "标签": "科教文化服务;图书馆;图书馆", "区域名称": "沙坪坝区", "经度": 106.328398, "纬度": 29.619913, "电话": NaN, "图片标题1": NaN, "图片地址1": NaN, "图片标题2": NaN, "图片地址2": NaN, "图片标题3": NaN, "图片地址3": NaN}
{"名称": "四川外国语大学图书馆", "地址": "壮志路33号四川外国语大学", "城市": "重庆市", "标签": "科教文化服务;图书馆;图书馆", "区域名称": "沙坪坝区", "经度": 106.433871, "纬度": 29.572412, "电话": NaN, "图片标题1": "内景图", "图片地址1": "http://store.is.autonavi.com/showpic/f3cf2bd824db88e3bc9dea968dbcfb3f", "图片标题2": NaN, "图片地址2": NaN, "图片标题3": NaN, "图片地址3": NaN}
{"名称": "重庆医药高等专科学校图书馆", "地址": "大学城中路82号", "城市": "重庆市", "标签": "科教文化服务;图书馆;图书馆", "区域名称": "沙坪坝区", "经度": 106.312981, "纬度": 29.626689, "电话": NaN, "图片标题1": NaN, "图片地址1": NaN, "图片标题2": NaN, "图片地址2": NaN, "图片标题3": NaN, "图片地址3": NaN}
{"名称": "重庆大学虎溪校区图书馆", "地址": "大学城南路55号重庆大学虎溪校区", "城市": "重庆市", "标签": "科教文化服务;图书馆;图书馆", "区域名称": "沙坪坝区", "经度": 106.30183, "纬度": 29.591999, "电话": "023-65111402", "图片标题1": "外景图", "图片地址1": "http://store.is.autonavi.com/showpic/558537fe03eeb174c5b9ecc3f67e7ff5", "图片标题2": "外景图", "图片地址2": "http://store.is.autonavi.com/showpic/6c5229e3f1adf99e19314b2d250e5efa", "图片标题3": NaN, "图片地址3": "http://aos-cdn-image.amap.com/sns/ugccomment/21412093-8ab7-4bed-b528-a640f8b75777.jpg"}
{"名称": "四一图书馆", "地址": "重庆康明斯发动机有限公司医院北侧250米", "城市": "重庆市", "标签": "科教文化服务;图书馆;图书馆", "区域名称": "沙坪坝区", "经度": 106.439826, "纬度": 29.577759, "电话": NaN, "图片标题1": NaN, "图片地址1": NaN, "图片标题2": NaN, "图片地址2": NaN, "图片标题3": NaN, "图片地址3": NaN}
{"名称": "红岩智慧阅读驿站", "地址": "汉渝路立交与龙泉路交叉口东南420米", "城市": "重庆市", "标签": "科教文化服务;图书馆;图书馆", "区域名称": "沙坪坝区", "经度": 106.473415, "纬度": 29.555312, "电话": NaN, "图片标题1": NaN, "图片地址1": NaN, "图片标题2": NaN, "图片地址2": NaN, "图片标题3": NaN, "图片地址3": NaN}
{"名称": "香炉山街道24小时智慧书房", "地址": "康城路4-15号(重庆艺美家具建材有限公司东北)", "城市": "重庆市", "标签": "科教文化服务;图书馆;图书馆", "区域名称": "沙坪坝区", "经度": 106.30927, "纬度": 29.576101, "电话": NaN, "图片标题1": NaN, "图片地址1": "http://store.is.autonavi.com/showpic/69cf97dc2ca97dbae5f93e8b00f6be08", "图片标题2": NaN, "图片地址2": NaN, "图片标题3": NaN, "图片地址3": NaN}
{"名称": "融汇图书馆", "地址": "汇泉路1号附1号", "城市": "重庆市", "标签": "科教文化服务;图书馆;图书馆", "区域名称": "沙坪坝区", "经度": 106.438145, "纬度": 29.543542, "电话": NaN, "图片标题1": NaN, "图片地址1": NaN, "图片标题2": NaN, "图片地址2": NaN, "图片标题3": NaN, "图片地址3": NaN}
{"名称": "重庆大学声音图书馆", "地址": "沙正街174号", "城市": "重庆市", "标签": "科教文化服务;图书馆;图书馆", "区域名称": "沙坪坝区", "经度": 106.467967, "纬度": 29.565325, "电话": NaN, "图片标题1": NaN, "图片地址1": "http://aos-cdn-image.amap.com/sns/ugccomment/73fbc773-96af-45c0-878e-b5ee46579ba4.jpg", "图片标题2": NaN, "图片地址2": "http://aos-cdn-image.amap.com/sns/ugccomment/c631907d-1fec-4e71-8589-a5c692882043.jpg", "图片标题3": NaN, "图片地址3": "http://aos-cdn-image.amap.com/sns/ugccomment/78553eba-f1ee-4b49-9263-4095bdd7e7fc.jpg"}
{"名称": "萤火虫儿童图书馆", "地址": "纵五路202号", "城市": "重庆市", "标签": "科教文化服务;图书馆;图书馆", "区域名称": "沙坪坝区", "经度": 106.289944, "纬度": 29.582782, "电话": NaN, "图片标题1": NaN, "图片地址1": "http://store.is.autonavi.com/showpic/8df3ce88229be2eb4135a72750728599", "图片标题2": NaN, "图片地址2": NaN, "图片标题3": NaN, "图片地址3": NaN}
{"名称": "重庆市方志馆重庆大学分馆", "地址": "大学城南路55号重庆大学虎溪校区图书馆", "城市": "重庆市", "标签": "科教文化服务;图书馆;图书馆", "区域名称": "沙坪坝区", "经度": 106.301811, "纬度": 29.592016, "电话": NaN, "图片标题1": NaN, "图片地址1": NaN, "图片标题2": NaN, "图片地址2": NaN, "图片标题3": NaN, "图片地址3": NaN}
{"名称": "重庆图书馆", "地址": "凤天大道106号(重庆图书馆地铁站2号口步行110米)", "城市": "重庆市", "标签": "科教文化服务;图书馆;图书馆", "区域名称": "沙坪坝区", "经度": 106.454835, "纬度": 29.532324, "电话": "023-65210822", "图片标题1": NaN, "图片地址1": "http://aos-cdn-image.amap.com/sns/ugccomment/e45a87ee-a6fb-47c7-a8e8-c27c943a57b6.jpg", "图片标题2": NaN, "图片地址2": "http://store.is.autonavi.com/showpic/975217a46cb504b32e60e0f80f8e2090", "图片标题3": NaN, "图片地址3": "http://store.is.autonavi.com/showpic/e5894dd8cf2acf09345033dc54559490"}
{"名称": "重庆大学A区图书馆", "地址": "沙坪坝正街174号重庆大学", "城市": "重庆市", "标签": "科教文化服务;图书馆;图书馆", "区域名称": "沙坪坝区", "经度": 106.46807, "纬度": 29.565582, "电话": "023-65102601", "图片标题1": NaN, "图片地址1": "http://store.is.autonavi.com/showpic/eb77d66a7824953e67c9b7319f525c76", "图片标题2": NaN, "图片地址2": "http://store.is.autonavi.com/showpic/75c506f2b7938bc7abfc22565cf43703", "图片标题3": NaN, "图片地址3": "http://store.is.autonavi.com/showpic/7cbfbb3bbd1587ad6f1dd274401cdb34"}
{"名称": "重庆科技学院图书馆", "地址": "大学城东路20号重庆科技学院虎溪校区", "城市": "重庆市", "标签": "科教文化服务;图书馆;图书馆", "区域名称": "沙坪坝区", "经度": 106.323581, "纬度": 29.590064, "电话": "023-65022368", "图片标题1": NaN, "图片地址1": "http://store.is.autonavi.com/showpic/6a250d3819819f5865c69e68ed24e065", "图片标题2": NaN, "图片地址2": NaN, "图片标题3": NaN, "图片地址3": NaN}
{"名称": "重庆大学C区图书馆", "地址": "渝碚路131号重庆大学C区", "城市": "重庆市", "标签": "科教文化服务;图书馆;图书馆", "区域名称": "沙坪坝区", "经度": 106.4541, "纬度": 29.56017, "电话": "023-65118094", "图片标题1": NaN, "图片地址1": NaN, "图片标题2": NaN, "图片地址2": NaN, "图片标题3": NaN, "图片地址3": NaN}
{"名称": "重庆师范大学图书馆", "地址": "大学城中路37号重庆师范大学(大学城校区)", "城市": "重庆市", "标签": "科教文化服务;图书馆;图书馆", "区域名称": "沙坪坝区", "经度": 106.301384, "纬度": 29.612768, "电话": "023-65910021", "图片标题1": NaN, "图片地址1": "http://store.is.autonavi.com/showpic/ed439382850b4ef32f04276953cc34fb", "图片标题2": NaN, "图片地址2": "http://store.is.autonavi.com/showpic/bbc10015435c57a44610ae59795af74b", "图片标题3": NaN, "图片地址3": "https://aos-comment.amap.com/B00178X9JK/headerImg/f2c54cc9c344e65e07f6aac2a57e6384_2048_2048_80.jpg"}
{"名称": "沙坪坝图书馆", "地址": "渝碚路222-1号宏洲大厦1层", "城市": "重庆市", "标签": "科教文化服务;图书馆;图书馆", "区域名称": "沙坪坝区", "经度": 106.454798, "纬度": 29.563375, "电话": "023-65469148", "图片标题1": NaN, "图片地址1": "http://store.is.autonavi.com/showpic/43a9f00a052adbc28303bdaf6dbfe8d7", "图片标题2": NaN, "图片地址2": "http://store.is.autonavi.com/showpic/557a7df6a3109f1e8a18c21f", "图片标题3": NaN, "图片地址3": "http://store.is.autonavi.com/showpic/356008a5f1beef087f1d7de38341308c"}
{"名称": "城市书房(宏洲大厦店)", "地址": "沙坪坝图书馆1层", "城市": "重庆市", "标签": "购物服务;专卖店;书店|科教文化服务;图书馆;图书馆", "区域名称": "沙坪坝区", "经度": 106.454834, "纬度": 29.563518, "电话": "023-65408695", "图片标题1": NaN, "图片地址1": "http://store.is.autonavi.com/showpic/3eb3de5c5edf2e77af8397284ae593a2", "图片标题2": NaN, "图片地址2": NaN, "图片标题3": NaN, "图片地址3": NaN}
{"名称": "重庆大学图书馆建筑分馆", "地址": "沙中路83号重庆大学B区沙坪坝北街59号附近", "城市": "重庆市", "标签": "科教文化服务;图书馆;图书馆", "区域名称": "沙坪坝区", "经度": 106.460448, "纬度": 29.566568, "电话": NaN, "图片标题1": NaN, "图片地址1": NaN, "图片标题2": NaN, "图片地址2": NaN, "图片标题3": NaN, "图片地址3": NaN}
{"名称": "重庆师范大学-图书馆", "地址": "天陈路12号重庆师范大学(沙坪坝校区)", "城市": "重庆市", "标签": "科教文化服务;图书馆;图书馆", "区域名称": "沙坪坝区", "经度": 106.457458, "纬度": 29.555445, "电话": "023-65362747", "图片标题1": NaN, "图片地址1": NaN, "图片标题2": NaN, "图片地址2": NaN, "图片标题3": NaN, "图片地址3": NaN}
{"名称": "重庆建筑科技职业学院图书馆", "地址": "陈西路重庆建筑科技职业学院", "城市": "重庆市", "标签": "科教文化服务;图书馆;图书馆", "区域名称": "沙坪坝区", "经度": 106.328633, "纬度": 29.617997, "电话": NaN, "图片标题1": NaN, "图片地址1": NaN, "图片标题2": NaN, "图片地址2": NaN, "图片标题3": NaN, "图片地址3": NaN}
{"名称": "重庆电子工程职业学院图书馆", "地址": "大学城东路76号", "城市": "重庆市", "标签": "科教文化服务;图书馆;图书馆", "区域名称": "沙坪坝区", "经度": 106.323798, "纬度": 29.616606, "电话": "023-65928282", "图片标题1": NaN, "图片地址1": "http://store.is.autonavi.com/showpic/f512f5554728b26503e7351b423d9406", "图片标题2": NaN, "图片地址2": "http://aos-cdn-image.amap.com/sns/ugccomment/4e81da8b-8ca1-40c1-ad6c-de999e38a7e0.jpeg", "图片标题3": NaN, "图片地址3": NaN}
{"名称": "重庆医科大学图书馆(学苑西路)", "地址": "大学城中路61号", "城市": "重庆市", "标签": "科教文化服务;图书馆;图书馆", "区域名称": "沙坪坝区", "经度": 106.303933, "纬度": 29.625239, "电话": NaN, "图片标题1": NaN, "图片地址1": "http://aos-cdn-image.amap.com/sns/ugccomment/73096123-3c34-4fad-a3c0-3af5eb100f65.jpg", "图片标题2": NaN, "图片地址2": "http://aos-cdn-image.amap.com/sns/ugccomment/71555e6c-7114-4f23-9399-d2b8c927deae.jpg", "图片标题3": NaN, "图片地址3": NaN}
{"名称": "重庆建筑科技职业学院图书馆报刊阅览室", "地址": "陈西路与陈青路交叉口西南280米", "城市": "重庆市", "标签": "科教文化服务;图书馆;图书馆", "区域名称": "沙坪坝区", "经度": 106.328398, "纬度": 29.619913, "电话": NaN, "图片标题1": NaN, "图片地址1": NaN, "图片标题2": NaN, "图片地址2": NaN, "图片标题3": NaN, "图片地址3": NaN}
{"名称": "四川外国语大学图书馆", "地址": "壮志路33号四川外国语大学", "城市": "重庆市", "标签": "科教文化服务;图书馆;图书馆", "区域名称": "沙坪坝区", "经度": 106.433871, "纬度": 29.572412, "电话": NaN, "图片标题1": "内景图", "图片地址1": "http://store.is.autonavi.com/showpic/f3cf2bd824db88e3bc9dea968dbcfb3f", "图片标题2": NaN, "图片地址2": NaN, "图片标题3": NaN, "图片地址3": NaN}
{"名称": "重庆医药高等专科学校图书馆", "地址": "大学城中路82号", "城市": "重庆市", "标签": "科教文化服务;图书馆;图书馆", "区域名称": "沙坪坝区", "经度": 106.312981, "纬度": 29.626689, "电话": NaN, "图片标题1": NaN, "图片地址1": NaN, "图片标题2": NaN, "图片地址2": NaN, "图片标题3": NaN, "图片地址3": NaN}
{"名称": "重庆大学虎溪校区图书馆", "地址": "大学城南路55号重庆大学虎溪校区", "城市": "重庆市", "标签": "科教文化服务;图书馆;图书馆", "区域名称": "沙坪坝区", "经度": 106.30183, "纬度": 29.591999, "电话": "023-65111402", "图片标题1": "外景图", "图片地址1": "http://store.is.autonavi.com/showpic/558537fe03eeb174c5b9ecc3f67e7ff5", "图片标题2": "外景图", "图片地址2": "http://store.is.autonavi.com/showpic/6c5229e3f1adf99e19314b2d250e5efa", "图片标题3": NaN, "图片地址3": "http://aos-cdn-image.amap.com/sns/ugccomment/21412093-8ab7-4bed-b528-a640f8b75777.jpg"}
{"名称": "四一图书馆", "地址": "重庆康明斯发动机有限公司医院北侧250米", "城市": "重庆市", "标签": "科教文化服务;图书馆;图书馆", "区域名称": "沙坪坝区", "经度": 106.439826, "纬度": 29.577759, "电话": NaN, "图片标题1": NaN, "图片地址1": NaN, "图片标题2": NaN, "图片地址2": NaN, "图片标题3": NaN, "图片地址3": NaN}
{"名称": "红岩智慧阅读驿站", "地址": "汉渝路立交与龙泉路交叉口东南420米", "城市": "重庆市", "标签": "科教文化服务;图书馆;图书馆", "区域名称": "沙坪坝区", "经度": 106.473415, "纬度": 29.555312, "电话": NaN, "图片标题1": NaN, "图片地址1": NaN, "图片标题2": NaN, "图片地址2": NaN, "图片标题3": NaN, "图片地址3": NaN}
{"名称": "香炉山街道24小时智慧书房", "地址": "康城路4-15号(重庆艺美家具建材有限公司东北)", "城市": "重庆市", "标签": "科教文化服务;图书馆;图书馆", "区域名称": "沙坪坝区", "经度": 106.30927, "纬度": 29.576101, "电话": NaN, "图片标题1": NaN, "图片地址1": "http://store.is.autonavi.com/showpic/69cf97dc2ca97dbae5f93e8b00f6be08", "图片标题2": NaN, "图片地址2": NaN, "图片标题3": NaN, "图片地址3": NaN}
{"名称": "融汇图书馆", "地址": "汇泉路1号附1号", "城市": "重庆市", "标签": "科教文化服务;图书馆;图书馆", "区域名称": "沙坪坝区", "经度": 106.438145, "纬度": 29.543542, "电话": NaN, "图片标题1": NaN, "图片地址1": NaN, "图片标题2": NaN, "图片地址2": NaN, "图片标题3": NaN, "图片地址3": NaN}
{"名称": "重庆大学声音图书馆", "地址": "沙正街174号", "城市": "重庆市", "标签": "科教文化服务;图书馆;图书馆", "区域名称": "沙坪坝区", "经度": 106.467967, "纬度": 29.565325, "电话": NaN, "图片标题1": NaN, "图片地址1": "http://aos-cdn-image.amap.com/sns/ugccomment/73fbc773-96af-45c0-878e-b5ee46579ba4.jpg", "图片标题2": NaN, "图片地址2": "http://aos-cdn-image.amap.com/sns/ugccomment/c631907d-1fec-4e71-8589-a5c692882043.jpg", "图片标题3": NaN, "图片地址3": "http://aos-cdn-image.amap.com/sns/ugccomment/78553eba-f1ee-4b49-9263-4095bdd7e7fc.jpg"}
{"名称": "萤火虫儿童图书馆", "地址": "纵五路202号", "城市": "重庆市", "标签": "科教文化服务;图书馆;图书馆", "区域名称": "沙坪坝区", "经度": 106.289944, "纬度": 29.582782, "电话": NaN, "图片标题1": NaN, "图片地址1": "http://store.is.autonavi.com/showpic/8df3ce88229be2eb4135a72750728599", "图片标题2": NaN, "图片地址2": NaN, "图片标题3": NaN, "图片地址3": NaN}
{"名称": "重庆市方志馆重庆大学分馆", "地址": "大学城南路55号重庆大学虎溪校区图书馆", "城市": "重庆市", "标签": "科教文化服务;图书馆;图书馆", "区域名称": "沙坪坝区", "经度": 106.301811, "纬度": 29.592016, "电话": NaN, "图片标题1": NaN, "图片地址1": NaN, "图片标题2": NaN, "图片地址2": NaN, "图片标题3": NaN, "图片地址3": NaN}
