{"名称": "双碑游乐场", "地址": "双碑地铁站2号口步行70米", "城市": "重庆市", "标签": "体育休闲服务;休闲场所;游乐场", "区域名称": "沙坪坝区", "经度": 106.444944, "纬度": 29.605695, "电话": NaN, "图片标题1": NaN, "图片地址1": "http://store.is.autonavi.com/showpic/552050f03321e4e5585072725125a53f", "图片标题2": NaN, "图片地址2": NaN, "图片标题3": NaN, "图片地址3": NaN}
{"名称": "童爱岛亲子儿童乐园", "地址": "天星桥升伟新天地人人乐超市旁", "城市": "重庆市", "标签": "体育休闲服务;休闲场所;游乐场", "区域名称": "沙坪坝区", "经度": 106.453447, "纬度": 29.546621, "电话": "18996092587", "图片标题1": NaN, "图片地址1": "http://store.is.autonavi.com/showpic/48a376e9a7a80c3d948f43453835ae8b", "图片标题2": NaN, "图片地址2": NaN, "图片标题3": NaN, "图片地址3": NaN}
{"名称": "重庆融创文旅城", "地址": "西永微电园西林大道88号", "城市": "重庆市", "标签": "体育休闲服务;休闲场所;游乐场", "区域名称": "沙坪坝区", "经度": 106.360329, "纬度": 29.630748, "电话": NaN, "图片标题1": NaN, "图片地址1": "http://aos-cdn-image.amap.com/sns/ugccomment/834d2bec-5c27-4deb-a5f4-49de871d4c09.jpg", "图片标题2": NaN, "图片地址2": "http://aos-cdn-image.amap.com/sns/ugccomment/834d2bec-5c27-4deb-a5f4-49de871d4c09.jpg", "图片标题3": NaN, "图片地址3": "http://store.is.autonavi.com/showpic/405195000fc1560fdfafea6c48495996"}
{"名称": "泰迪小孩儿童乐园(永辉超市店)", "地址": "西盛路31号附90号永辉超市", "城市": "重庆市", "标签": "体育休闲服务;休闲场所;游乐场|体育休闲服务;娱乐场所;娱乐场所", "区域名称": "沙坪坝区", "经度": 106.337825, "纬度": 29.620463, "电话": "15111925935", "图片标题1": NaN, "图片地址1": "http://store.is.autonavi.com/showpic/ed20179a23728e492c6d73cda3de9258", "图片标题2": NaN, "图片地址2": "http://store.is.autonavi.com/showpic/d18752db366bf442056c2ae9039eb420", "图片标题3": NaN, "图片地址3": "http://store.is.autonavi.com/showpic/65e2968e8b0705f7df48c317521fc972"}
{"名称": "欢乐岛游乐园", "地址": "天陈路沙坪公园旁(沙坪坝地铁站7号口步行390米)", "城市": "重庆市", "标签": "体育休闲服务;休闲场所;游乐场", "区域名称": "沙坪坝区", "经度": 106.457982, "纬度": 29.551196, "电话": "13883788823", "图片标题1": NaN, "图片地址1": "http://store.is.autonavi.com/showpic/9f0c72db6d3c24a203d1814c3a063529", "图片标题2": NaN, "图片地址2": NaN, "图片标题3": NaN, "图片地址3": NaN}
{"名称": "爱玩嘉年华(炫地店)", "地址": "天陈路1号炫地购物中心负一层(沙坪坝地铁站1号口旁)", "城市": "重庆市", "标签": "体育休闲服务;休闲场所;游乐场", "区域名称": "沙坪坝区", "经度": 106.45992, "纬度": 29.557495, "电话": "023-65906833;19923699710", "图片标题1": NaN, "图片地址1": "http://store.is.autonavi.com/showpic/cd4d7a0421d5f0a68d5af02f1d707dfc", "图片标题2": NaN, "图片地址2": "http://store.is.autonavi.com/showpic/6d0813d148e584896ddb715044db923c", "图片标题3": NaN, "图片地址3": "http://store.is.autonavi.com/showpic/6f6e7c5408f85ad4f651562791cbc186"}
{"名称": "NEW梦工场(凤鸣山店)", "地址": "万科金色悦城一期2号门旁(上桥地铁站2号口步行270米)", "城市": "重庆市", "标签": "购物服务;综合市场;农副产品市场|体育休闲服务;休闲场所;游乐场", "区域名称": "沙坪坝区", "经度": 106.444045, "纬度": 29.519541, "电话": NaN, "图片标题1": NaN, "图片地址1": "http://store.is.autonavi.com/showpic/ccb481b9d4423d46c1dc1bb113826964", "图片标题2": NaN, "图片地址2": NaN, "图片标题3": NaN, "图片地址3": NaN}
{"名称": "儿童游乐场", "地址": "歌乐山正街与102乡道交叉口东60米", "城市": "重庆市", "标签": "体育休闲服务;休闲场所;游乐场", "区域名称": "沙坪坝区", "经度": 106.418861, "纬度": 29.567232, "电话": "18223304973", "图片标题1": NaN, "图片地址1": "http://store.is.autonavi.com/showpic/0abf87edeb5d458e82bfac1833274b21", "图片标题2": NaN, "图片地址2": NaN, "图片标题3": NaN, "图片地址3": NaN}
{"名称": "七彩儿童乐园", "地址": "中心湾87号附71号", "城市": "重庆市", "标签": "体育休闲服务;休闲场所;游乐场", "区域名称": "沙坪坝区", "经度": 106.444639, "纬度": 29.594064, "电话": "18108397244", "图片标题1": NaN, "图片地址1": "http://store.is.autonavi.com/showpic/e844d19a378bd12200ecaf8631fbe39f", "图片标题2": NaN, "图片地址2": NaN, "图片标题3": NaN, "图片地址3": NaN}
{"名称": "儿童乐园", "地址": "天陈路52号(沙坪坝地铁站7号口步行450米)", "城市": "重庆市", "标签": "体育休闲服务;休闲场所;游乐场", "区域名称": "沙坪坝区", "经度": 106.458088, "纬度": 29.551075, "电话": NaN, "图片标题1": NaN, "图片地址1": NaN, "图片标题2": NaN, "图片地址2": NaN, "图片标题3": NaN, "图片地址3": NaN}
{"名称": "童乐会(金诚广场店)", "地址": "小龙坎新街75号金诚广场F3层", "城市": "重庆市", "标签": "体育休闲服务;休闲场所;游乐场", "区域名称": "沙坪坝区", "经度": 106.463735, "纬度": 29.557856, "电话": NaN, "图片标题1": NaN, "图片地址1": "http://store.is.autonavi.com/showpic/c69feac6e82172ff878a26d92636e0b3", "图片标题2": NaN, "图片地址2": NaN, "图片标题3": NaN, "图片地址3": NaN}
{"名称": "童乐园AR亲子益智乐园", "地址": "虎溪花园6号门南60米", "城市": "重庆市", "标签": "体育休闲服务;休闲场所;游乐场", "区域名称": "沙坪坝区", "经度": 106.286855, "纬度": 29.591746, "电话": NaN, "图片标题1": NaN, "图片地址1": "http://store.is.autonavi.com/showpic/5cdb790b832227f11f85ede15cf7425b", "图片标题2": NaN, "图片地址2": NaN, "图片标题3": NaN, "图片地址3": NaN}
{"名称": "儿童乐园", "地址": "团结坝418号(双碑地铁站2号口步行190米)", "城市": "重庆市", "标签": "体育休闲服务;休闲场所;游乐场", "区域名称": "沙坪坝区", "经度": 106.444892, "纬度": 29.606807, "电话": NaN, "图片标题1": NaN, "图片地址1": "http://store.is.autonavi.com/showpic/a8b5213a0eee806955b1e95e5b91c47f", "图片标题2": NaN, "图片地址2": "http://store.is.autonavi.com/showpic/7eea43d8b43f0ba93a204b178a7b800d", "图片标题3": NaN, "图片地址3": "http://store.is.autonavi.com/showpic/2dffc3406ede7f63280e69257a42c10a"}
{"名称": "禾盼里儿童乐园", "地址": "虎溪街道大学城南路20-39号", "城市": "重庆市", "标签": "体育休闲服务;休闲场所;游乐场", "区域名称": "沙坪坝区", "经度": 106.31129, "纬度": 29.599236, "电话": "18983395595", "图片标题1": NaN, "图片地址1": "http://store.is.autonavi.com/showpic/52bec35511a04287dc28832ec0b6aca9", "图片标题2": NaN, "图片地址2": "http://store.is.autonavi.com/showpic/52bec35511a04287dc28832ec0b6aca9", "图片标题3": NaN, "图片地址3": "http://store.is.autonavi.com/showpic/fb77b722fb5b89ed2f8e862e4f94651c"}
{"名称": "昊昊儿童乐园", "地址": "U城龙湖天街A馆1/F(尖顶坡地铁站1号口步行160米)", "城市": "重庆市", "标签": "体育休闲服务;休闲场所;游乐场", "区域名称": "沙坪坝区", "经度": 106.293918, "纬度": 29.608131, "电话": "13101383636", "图片标题1": NaN, "图片地址1": "http://store.is.autonavi.com/showpic/713ce12f95fed91e60c1ac6218797024", "图片标题2": NaN, "图片地址2": "https://aos-comment.amap.com/B0I1UUWSJW/comment/1660635695289_temp_1660635697468_d850a4c6.jpg", "图片标题3": NaN, "图片地址3": NaN}
{"名称": "宝嘉儿童乐园", "地址": "宝嘉花与山学苑路", "城市": "重庆市", "标签": "体育休闲服务;休闲场所;游乐场", "区域名称": "沙坪坝区", "经度": 106.283332, "纬度": 29.592519, "电话": "17502381020", "图片标题1": NaN, "图片地址1": "http://store.is.autonavi.com/showpic/d8e74846caee56412bfe72d1b63a7c99", "图片标题2": NaN, "图片地址2": "http://store.is.autonavi.com/showpic/b91012e2f5ef6c16ac9b5eb87d145f37", "图片标题3": NaN, "图片地址3": NaN}
{"名称": "贝萌互动儿童乐园", "地址": "大学城南一路协信天骄名城三期二楼171号附210大华超市楼上", "城市": "重庆市", "标签": "体育休闲服务;休闲场所;游乐场", "区域名称": "沙坪坝区", "经度": 106.313012, "纬度": 29.583143, "电话": "18725792131", "图片标题1": NaN, "图片地址1": "http://store.is.autonavi.com/showpic/c5aade31e134938751ed35799859074f", "图片标题2": NaN, "图片地址2": "http://store.is.autonavi.com/showpic/141c0beb4ffb3eb5cdecf7540f2e2f6c", "图片标题3": NaN, "图片地址3": NaN}
{"名称": "童心儿童乐园", "地址": "回龙中街与龙飞路交叉口东南140米", "城市": "重庆市", "标签": "体育休闲服务;休闲场所;游乐场", "区域名称": "沙坪坝区", "经度": 106.38316, "纬度": 29.703919, "电话": NaN, "图片标题1": NaN, "图片地址1": "http://store.is.autonavi.com/showpic/f2cc9ab9b87c47a2e99b77d22ab12d84", "图片标题2": NaN, "图片地址2": NaN, "图片标题3": NaN, "图片地址3": NaN}
{"名称": "洋洋星球亲子乐园", "地址": "三峡广场步行商业街华宇广场", "城市": "重庆市", "标签": "体育休闲服务;休闲场所;游乐场", "区域名称": "沙坪坝区", "经度": 106.462729, "纬度": 29.556093, "电话": NaN, "图片标题1": NaN, "图片地址1": NaN, "图片标题2": NaN, "图片地址2": NaN, "图片标题3": NaN, "图片地址3": NaN}
{"名称": "嘉年华游乐城", "地址": "沙坪坝区大学城熙街商业街与景苑路交叉口西南20米", "城市": "重庆市", "标签": "体育休闲服务;休闲场所;游乐场", "区域名称": "沙坪坝区", "经度": 106.301695, "纬度": 29.602977, "电话": NaN, "图片标题1": NaN, "图片地址1": NaN, "图片标题2": NaN, "图片地址2": NaN, "图片标题3": NaN, "图片地址3": NaN}
{"名称": "美帅游乐", "地址": "西林大道与永泰路交叉口西北140米", "城市": "重庆市", "标签": "体育休闲服务;休闲场所;游乐场", "区域名称": "沙坪坝区", "经度": 106.360916, "纬度": 29.625433, "电话": NaN, "图片标题1": NaN, "图片地址1": "http://store.is.autonavi.com/showpic/471d036eaadae9e4e6fee5d89b3ede3c", "图片标题2": NaN, "图片地址2": NaN, "图片标题3": NaN, "图片地址3": NaN}
{"名称": "儿童乐园", "地址": "曾家镇", "城市": "重庆市", "标签": "体育休闲服务;休闲场所;游乐场", "区域名称": "沙坪坝区", "经度": 106.302969, "纬度": 29.555381, "电话": NaN, "图片标题1": NaN, "图片地址1": "http://store.is.autonavi.com/showpic/f18ba96d350f8c15ae540e59a70484ed", "图片标题2": NaN, "图片地址2": NaN, "图片标题3": NaN, "图片地址3": NaN}
{"名称": "七彩乐园", "地址": "沙坪坝聂明春诊所东侧", "城市": "重庆市", "标签": "体育休闲服务;休闲场所;游乐场", "区域名称": "沙坪坝区", "经度": 106.384052, "纬度": 29.609204, "电话": NaN, "图片标题1": NaN, "图片地址1": NaN, "图片标题2": NaN, "图片地址2": NaN, "图片标题3": NaN, "图片地址3": NaN}
{"名称": "童趣游乐园", "地址": "国盛•儿童不夜城", "城市": "重庆市", "标签": "体育休闲服务;休闲场所;游乐场", "区域名称": "沙坪坝区", "经度": 106.341894, "纬度": 29.625674, "电话": NaN, "图片标题1": NaN, "图片地址1": "http://store.is.autonavi.com/showpic/5372bfe477dd97c1dd5db8991fafc51c", "图片标题2": NaN, "图片地址2": "http://store.is.autonavi.com/showpic/16c7367d7353ebd6b7c3e6c8894665e8", "图片标题3": NaN, "图片地址3": "http://store.is.autonavi.com/showpic/bdbe2db61be484db76e38a8c944cc922"}
{"名称": "SKY PARK", "地址": "大学城中路与至德路交叉口东南120米", "城市": "重庆市", "标签": "体育休闲服务;休闲场所;游乐场", "区域名称": "沙坪坝区", "经度": 106.308951, "纬度": 29.611309, "电话": NaN, "图片标题1": NaN, "图片地址1": "http://store.is.autonavi.com/showpic/5800cba214693451c1cebb3be7fd16dd", "图片标题2": NaN, "图片地址2": NaN, "图片标题3": NaN, "图片地址3": NaN}
{"名称": "双碑游乐场", "地址": "双碑地铁站2号口步行70米", "城市": "重庆市", "标签": "体育休闲服务;休闲场所;游乐场", "区域名称": "沙坪坝区", "经度": 106.444944, "纬度": 29.605695, "电话": NaN, "图片标题1": NaN, "图片地址1": "http://store.is.autonavi.com/showpic/552050f03321e4e5585072725125a53f", "图片标题2": NaN, "图片地址2": NaN, "图片标题3": NaN, "图片地址3": NaN}
{"名称": "童爱岛亲子儿童乐园", "地址": "天星桥升伟新天地人人乐超市旁", "城市": "重庆市", "标签": "体育休闲服务;休闲场所;游乐场", "区域名称": "沙坪坝区", "经度": 106.453447, "纬度": 29.546621, "电话": "18996092587", "图片标题1": NaN, "图片地址1": "http://store.is.autonavi.com/showpic/48a376e9a7a80c3d948f43453835ae8b", "图片标题2": NaN, "图片地址2": NaN, "图片标题3": NaN, "图片地址3": NaN}
{"名称": "重庆融创文旅城", "地址": "西永微电园西林大道88号", "城市": "重庆市", "标签": "体育休闲服务;休闲场所;游乐场", "区域名称": "沙坪坝区", "经度": 106.360329, "纬度": 29.630748, "电话": NaN, "图片标题1": NaN, "图片地址1": "http://aos-cdn-image.amap.com/sns/ugccomment/834d2bec-5c27-4deb-a5f4-49de871d4c09.jpg", "图片标题2": NaN, "图片地址2": "http://aos-cdn-image.amap.com/sns/ugccomment/834d2bec-5c27-4deb-a5f4-49de871d4c09.jpg", "图片标题3": NaN, "图片地址3": "http://store.is.autonavi.com/showpic/405195000fc1560fdfafea6c48495996"}
{"名称": "泰迪小孩儿童乐园(永辉超市店)", "地址": "西盛路31号附90号永辉超市", "城市": "重庆市", "标签": "体育休闲服务;休闲场所;游乐场|体育休闲服务;娱乐场所;娱乐场所", "区域名称": "沙坪坝区", "经度": 106.337825, "纬度": 29.620463, "电话": "15111925935", "图片标题1": NaN, "图片地址1": "http://store.is.autonavi.com/showpic/ed20179a23728e492c6d73cda3de9258", "图片标题2": NaN, "图片地址2": "http://store.is.autonavi.com/showpic/d18752db366bf442056c2ae9039eb420", "图片标题3": NaN, "图片地址3": "http://store.is.autonavi.com/showpic/65e2968e8b0705f7df48c317521fc972"}
{"名称": "欢乐岛游乐园", "地址": "天陈路沙坪公园旁(沙坪坝地铁站7号口步行390米)", "城市": "重庆市", "标签": "体育休闲服务;休闲场所;游乐场", "区域名称": "沙坪坝区", "经度": 106.457982, "纬度": 29.551196, "电话": "13883788823", "图片标题1": NaN, "图片地址1": "http://store.is.autonavi.com/showpic/9f0c72db6d3c24a203d1814c3a063529", "图片标题2": NaN, "图片地址2": NaN, "图片标题3": NaN, "图片地址3": NaN}
{"名称": "爱玩嘉年华(炫地店)", "地址": "天陈路1号炫地购物中心负一层(沙坪坝地铁站1号口旁)", "城市": "重庆市", "标签": "体育休闲服务;休闲场所;游乐场", "区域名称": "沙坪坝区", "经度": 106.45992, "纬度": 29.557495, "电话": "023-65906833;19923699710", "图片标题1": NaN, "图片地址1": "http://store.is.autonavi.com/showpic/cd4d7a0421d5f0a68d5af02f1d707dfc", "图片标题2": NaN, "图片地址2": "http://store.is.autonavi.com/showpic/6d0813d148e584896ddb715044db923c", "图片标题3": NaN, "图片地址3": "http://store.is.autonavi.com/showpic/6f6e7c5408f85ad4f651562791cbc186"}
{"名称": "NEW梦工场(凤鸣山店)", "地址": "万科金色悦城一期2号门旁(上桥地铁站2号口步行270米)", "城市": "重庆市", "标签": "购物服务;综合市场;农副产品市场|体育休闲服务;休闲场所;游乐场", "区域名称": "沙坪坝区", "经度": 106.444045, "纬度": 29.519541, "电话": NaN, "图片标题1": NaN, "图片地址1": "http://store.is.autonavi.com/showpic/ccb481b9d4423d46c1dc1bb113826964", "图片标题2": NaN, "图片地址2": NaN, "图片标题3": NaN, "图片地址3": NaN}
{"名称": "儿童游乐场", "地址": "歌乐山正街与102乡道交叉口东60米", "城市": "重庆市", "标签": "体育休闲服务;休闲场所;游乐场", "区域名称": "沙坪坝区", "经度": 106.418861, "纬度": 29.567232, "电话": "18223304973", "图片标题1": NaN, "图片地址1": "http://store.is.autonavi.com/showpic/0abf87edeb5d458e82bfac1833274b21", "图片标题2": NaN, "图片地址2": NaN, "图片标题3": NaN, "图片地址3": NaN}
{"名称": "七彩儿童乐园", "地址": "中心湾87号附71号", "城市": "重庆市", "标签": "体育休闲服务;休闲场所;游乐场", "区域名称": "沙坪坝区", "经度": 106.444639, "纬度": 29.594064, "电话": "18108397244", "图片标题1": NaN, "图片地址1": "http://store.is.autonavi.com/showpic/e844d19a378bd12200ecaf8631fbe39f", "图片标题2": NaN, "图片地址2": NaN, "图片标题3": NaN, "图片地址3": NaN}
{"名称": "儿童乐园", "地址": "天陈路52号(沙坪坝地铁站7号口步行450米)", "城市": "重庆市", "标签": "体育休闲服务;休闲场所;游乐场", "区域名称": "沙坪坝区", "经度": 106.458088, "纬度": 29.551075, "电话": NaN, "图片标题1": NaN, "图片地址1": NaN, "图片标题2": NaN, "图片地址2": NaN, "图片标题3": NaN, "图片地址3": NaN}
{"名称": "童乐会(金诚广场店)", "地址": "小龙坎新街75号金诚广场F3层", "城市": "重庆市", "标签": "体育休闲服务;休闲场所;游乐场", "区域名称": "沙坪坝区", "经度": 106.463735, "纬度": 29.557856, "电话": NaN, "图片标题1": NaN, "图片地址1": "http://store.is.autonavi.com/showpic/c69feac6e82172ff878a26d92636e0b3", "图片标题2": NaN, "图片地址2": NaN, "图片标题3": NaN, "图片地址3": NaN}
{"名称": "童乐园AR亲子益智乐园", "地址": "虎溪花园6号门南60米", "城市": "重庆市", "标签": "体育休闲服务;休闲场所;游乐场", "区域名称": "沙坪坝区", "经度": 106.286855, "纬度": 29.591746, "电话": NaN, "图片标题1": NaN, "图片地址1": "http://store.is.autonavi.com/showpic/5cdb790b832227f11f85ede15cf7425b", "图片标题2": NaN, "图片地址2": NaN, "图片标题3": NaN, "图片地址3": NaN}
{"名称": "儿童乐园", "地址": "团结坝418号(双碑地铁站2号口步行190米)", "城市": "重庆市", "标签": "体育休闲服务;休闲场所;游乐场", "区域名称": "沙坪坝区", "经度": 106.444892, "纬度": 29.606807, "电话": NaN, "图片标题1": NaN, "图片地址1": "http://store.is.autonavi.com/showpic/a8b5213a0eee806955b1e95e5b91c47f", "图片标题2": NaN, "图片地址2": "http://store.is.autonavi.com/showpic/7eea43d8b43f0ba93a204b178a7b800d", "图片标题3": NaN, "图片地址3": "http://store.is.autonavi.com/showpic/2dffc3406ede7f63280e69257a42c10a"}
{"名称": "禾盼里儿童乐园", "地址": "虎溪街道大学城南路20-39号", "城市": "重庆市", "标签": "体育休闲服务;休闲场所;游乐场", "区域名称": "沙坪坝区", "经度": 106.31129, "纬度": 29.599236, "电话": "18983395595", "图片标题1": NaN, "图片地址1": "http://store.is.autonavi.com/showpic/52bec35511a04287dc28832ec0b6aca9", "图片标题2": NaN, "图片地址2": "http://store.is.autonavi.com/showpic/52bec35511a04287dc28832ec0b6aca9", "图片标题3": NaN, "图片地址3": "http://store.is.autonavi.com/showpic/fb77b722fb5b89ed2f8e862e4f94651c"}
{"名称": "昊昊儿童乐园", "地址": "U城龙湖天街A馆1/F(尖顶坡地铁站1号口步行160米)", "城市": "重庆市", "标签": "体育休闲服务;休闲场所;游乐场", "区域名称": "沙坪坝区", "经度": 106.293918, "纬度": 29.608131, "电话": "13101383636", "图片标题1": NaN, "图片地址1": "http://store.is.autonavi.com/showpic/713ce12f95fed91e60c1ac6218797024", "图片标题2": NaN, "图片地址2": "https://aos-comment.amap.com/B0I1UUWSJW/comment/1660635695289_temp_1660635697468_d850a4c6.jpg", "图片标题3": NaN, "图片地址3": NaN}
{"名称": "宝嘉儿童乐园", "地址": "宝嘉花与山学苑路", "城市": "重庆市", "标签": "体育休闲服务;休闲场所;游乐场", "区域名称": "沙坪坝区", "经度": 106.283332, "纬度": 29.592519, "电话": "17502381020", "图片标题1": NaN, "图片地址1": "http://store.is.autonavi.com/showpic/d8e74846caee56412bfe72d1b63a7c99", "图片标题2": NaN, "图片地址2": "http://store.is.autonavi.com/showpic/b91012e2f5ef6c16ac9b5eb87d145f37", "图片标题3": NaN, "图片地址3": NaN}
{"名称": "贝萌互动儿童乐园", "地址": "大学城南一路协信天骄名城三期二楼171号附210大华超市楼上", "城市": "重庆市", "标签": "体育休闲服务;休闲场所;游乐场", "区域名称": "沙坪坝区", "经度": 106.313012, "纬度": 29.583143, "电话": "18725792131", "图片标题1": NaN, "图片地址1": "http://store.is.autonavi.com/showpic/c5aade31e134938751ed35799859074f", "图片标题2": NaN, "图片地址2": "http://store.is.autonavi.com/showpic/141c0beb4ffb3eb5cdecf7540f2e2f6c", "图片标题3": NaN, "图片地址3": NaN}
{"名称": "童心儿童乐园", "地址": "回龙中街与龙飞路交叉口东南140米", "城市": "重庆市", "标签": "体育休闲服务;休闲场所;游乐场", "区域名称": "沙坪坝区", "经度": 106.38316, "纬度": 29.703919, "电话": NaN, "图片标题1": NaN, "图片地址1": "http://store.is.autonavi.com/showpic/f2cc9ab9b87c47a2e99b77d22ab12d84", "图片标题2": NaN, "图片地址2": NaN, "图片标题3": NaN, "图片地址3": NaN}
{"名称": "洋洋星球亲子乐园", "地址": "三峡广场步行商业街华宇广场", "城市": "重庆市", "标签": "体育休闲服务;休闲场所;游乐场", "区域名称": "沙坪坝区", "经度": 106.462729, "纬度": 29.556093, "电话": NaN, "图片标题1": NaN, "图片地址1": NaN, "图片标题2": NaN, "图片地址2": NaN, "图片标题3": NaN, "图片地址3": NaN}
{"名称": "嘉年华游乐城", "地址": "沙坪坝区大学城熙街商业街与景苑路交叉口西南20米", "城市": "重庆市", "标签": "体育休闲服务;休闲场所;游乐场", "区域名称": "沙坪坝区", "经度": 106.301695, "纬度": 29.602977, "电话": NaN, "图片标题1": NaN, "图片地址1": NaN, "图片标题2": NaN, "图片地址2": NaN, "图片标题3": NaN, "图片地址3": NaN}
{"名称": "美帅游乐", "地址": "西林大道与永泰路交叉口西北140米", "城市": "重庆市", "标签": "体育休闲服务;休闲场所;游乐场", "区域名称": "沙坪坝区", "经度": 106.360916, "纬度": 29.625433, "电话": NaN, "图片标题1": NaN, "图片地址1": "http://store.is.autonavi.com/showpic/471d036eaadae9e4e6fee5d89b3ede3c", "图片标题2": NaN, "图片地址2": NaN, "图片标题3": NaN, "图片地址3": NaN}
{"名称": "儿童乐园", "地址": "曾家镇", "城市": "重庆市", "标签": "体育休闲服务;休闲场所;游乐场", "区域名称": "沙坪坝区", "经度": 106.302969, "纬度": 29.555381, "电话": NaN, "图片标题1": NaN, "图片地址1": "http://store.is.autonavi.com/showpic/f18ba96d350f8c15ae540e59a70484ed", "图片标题2": NaN, "图片地址2": NaN, "图片标题3": NaN, "图片地址3": NaN}
{"名称": "七彩乐园", "地址": "沙坪坝聂明春诊所东侧", "城市": "重庆市", "标签": "体育休闲服务;休闲场所;游乐场", "区域名称": "沙坪坝区", "经度": 106.384052, "纬度": 29.609204, "电话": NaN, "图片标题1": NaN, "图片地址1": NaN, "图片标题2": NaN, "图片地址2": NaN, "图片标题3": NaN, "图片地址3": NaN}
{"名称": "童趣游乐园", "地址": "国盛•儿童不夜城", "城市": "重庆市", "标签": "体育休闲服务;休闲场所;游乐场", "区域名称": "沙坪坝区", "经度": 106.341894, "纬度": 29.625674, "电话": NaN, "图片标题1": NaN, "图片地址1": "http://store.is.autonavi.com/showpic/5372bfe477dd97c1dd5db8991fafc51c", "图片标题2": NaN, "图片地址2": "http://store.is.autonavi.com/showpic/16c7367d7353ebd6b7c3e6c8894665e8", "图片标题3": NaN, "图片地址3": "http://store.is.autonavi.com/showpic/bdbe2db61be484db76e38a8c944cc922"}
{"名称": "SKY PARK", "地址": "大学城中路与至德路交叉口东南120米", "城市": "重庆市", "标签": "体育休闲服务;休闲场所;游乐场", "区域名称": "沙坪坝区", "经度": 106.308951, "纬度": 29.611309, "电话": NaN, "图片标题1": NaN, "图片地址1": "http://store.is.autonavi.com/showpic/5800cba214693451c1cebb3be7fd16dd", "图片标题2": NaN, "图片地址2": NaN, "图片标题3": NaN, "图片地址3": NaN}
{"名称": "乐悠游儿童乐园(沃尔玛店)", "地址": "凤天路沃尔玛超市入口(重庆图书馆地铁站4B口步行190米)", "城市": "重庆市", "标签": "体育休闲服务;休闲场所;游乐场", "区域名称": "沙坪坝区", "经度": 106.457561, "纬度": 29.533816, "电话": NaN, "图片标题1": NaN, "图片地址1": NaN, "图片标题2": NaN, "图片地址2": NaN, "图片标题3": NaN, "图片地址3": NaN}
{"名称": "幻彩世界游乐园(廖家坪店)", "地址": "丰文问花梦香卉园c37号", "城市": "重庆市", "标签": "体育休闲服务;休闲场所;游乐场", "区域名称": "沙坪坝区", "经度": 106.347447, "纬度": 29.621687, "电话": "13983644944", "图片标题1": NaN, "图片地址1": "http://store.is.autonavi.com/showpic/2ee12fa7079011a31ac5bb027e1fe179", "图片标题2": NaN, "图片地址2": "http://store.is.autonavi.com/showpic/b035e99906559a74acd3886cf7261177", "图片标题3": NaN, "图片地址3": NaN}
{"名称": "卡奇乐新概念儿童乐园(协信店)", "地址": "沙坪坝区大学城协信城立方星光步行街171号", "城市": "重庆市", "标签": "体育休闲服务;休闲场所;游乐场", "区域名称": "沙坪坝区", "经度": 106.316093, "纬度": 29.582883, "电话": NaN, "图片标题1": NaN, "图片地址1": "http://store.is.autonavi.com/showpic/e7712b0dda6bb013f00ba12069eecabc", "图片标题2": NaN, "图片地址2": NaN, "图片标题3": NaN, "图片地址3": NaN}
{"名称": "圣都儿童游乐园", "地址": "汇泉路1号圆弧广场和下沉广场", "城市": "重庆市", "标签": "体育休闲服务;休闲场所;游乐场", "区域名称": "沙坪坝区", "经度": 106.439044, "纬度": 29.542893, "电话": NaN, "图片标题1": NaN, "图片地址1": "http://store.is.autonavi.com/showpic/774fef3b35a93cc10ff21b5d052707e6", "图片标题2": NaN, "图片地址2": "http://store.is.autonavi.com/showpic/1711adeacc13d84ad0e568f189ee21bf", "图片标题3": NaN, "图片地址3": "http://store.is.autonavi.com/showpic/d2208248e83d0251b9bbdfae1a03cd8e"}
{"名称": "游乐设施(印象汇沙坪坝店)", "地址": "小龙坎新街029号重庆沙坪坝印象汇F4层", "城市": "重庆市", "标签": "体育休闲服务;休闲场所;游乐场", "区域名称": "沙坪坝区", "经度": 106.463125, "纬度": 29.556686, "电话": NaN, "图片标题1": NaN, "图片地址1": NaN, "图片标题2": NaN, "图片地址2": NaN, "图片标题3": NaN, "图片地址3": NaN}
{"名称": "金科欢乐世界", "地址": "永祥路与西尊路交叉口西南60米", "城市": "重庆市", "标签": "体育休闲服务;休闲场所;游乐场", "区域名称": "沙坪坝区", "经度": 106.363676, "纬度": 29.619021, "电话": NaN, "图片标题1": NaN, "图片地址1": "http://store.is.autonavi.com/showpic/b4976750b3fff3ce5c78fbdb04b2b61e", "图片标题2": NaN, "图片地址2": NaN, "图片标题3": NaN, "图片地址3": NaN}
{"名称": "小葵的游乐园(贝蒙天地店)", "地址": "景阳路贝蒙天地", "城市": "重庆市", "标签": "体育休闲服务;休闲场所;游乐场", "区域名称": "沙坪坝区", "经度": 106.314658, "纬度": 29.594279, "电话": NaN, "图片标题1": NaN, "图片地址1": NaN, "图片标题2": NaN, "图片地址2": NaN, "图片标题3": NaN, "图片地址3": NaN}
{"名称": "小玩家儿童主题乐园(井日店)", "地址": "平安大道美丽·阳光家园", "城市": "重庆市", "标签": "体育休闲服务;休闲场所;游乐场", "区域名称": "沙坪坝区", "经度": 106.44469, "纬度": 29.64044, "电话": "18983424822", "图片标题1": NaN, "图片地址1": "http://store.is.autonavi.com/showpic/3c0e8f7948c186b5aa78790711e8d1ee", "图片标题2": NaN, "图片地址2": NaN, "图片标题3": NaN, "图片地址3": NaN}
{"名称": "楠贝贝欢乐世界(融汇广场店)", "地址": "覃家岗街道汇泉一路12号2-1融汇广场购物中心L2层28号", "城市": "重庆市", "标签": "体育休闲服务;休闲场所;游乐场", "区域名称": "沙坪坝区", "经度": 106.43958, "纬度": 29.549607, "电话": NaN, "图片标题1": NaN, "图片地址1": NaN, "图片标题2": NaN, "图片地址2": NaN, "图片标题3": NaN, "图片地址3": NaN}
{"名称": "哈妮鲁比小镇(重庆融汇广场店)", "地址": "汇泉路12号融汇广场L2-17", "城市": "重庆市", "标签": "体育休闲服务;休闲场所;游乐场", "区域名称": "沙坪坝区", "经度": 106.440749, "纬度": 29.549952, "电话": "18883378088", "图片标题1": NaN, "图片地址1": "http://store.is.autonavi.com/showpic/5763c496257553a42a806fb17ea19646", "图片标题2": NaN, "图片地址2": "http://store.is.autonavi.com/showpic/6594e41509e75ef13b12bbea0d4db781", "图片标题3": NaN, "图片地址3": NaN}
{"名称": "THE MUSEUM(印象汇沙坪坝店)", "地址": "小龙坎新街029号重庆沙坪坝印象汇F4层", "城市": "重庆市", "标签": "体育休闲服务;休闲场所;游乐场", "区域名称": "沙坪坝区", "经度": 106.46301, "纬度": 29.556724, "电话": NaN, "图片标题1": NaN, "图片地址1": NaN, "图片标题2": NaN, "图片地址2": NaN, "图片标题3": NaN, "图片地址3": NaN}
{"名称": "幻彩世界儿童乐园(学府悦园店)", "地址": "丰文街道丰盛路16号1楼28-02", "城市": "重庆市", "标签": "体育休闲服务;休闲场所;游乐场", "区域名称": "沙坪坝区", "经度": 106.337047, "纬度": 29.628891, "电话": "13983644944", "图片标题1": NaN, "图片地址1": "http://store.is.autonavi.com/showpic/ff779e8215d02a52d079424b8cb22978", "图片标题2": NaN, "图片地址2": "http://store.is.autonavi.com/showpic/f5ae3f07635a94df9786184e99f190ef", "图片标题3": NaN, "图片地址3": "http://store.is.autonavi.com/showpic/f0c10b8a12e25e5bec028e01f6c4193d"}
{"名称": "卡通尼乐园(重庆融创文旅城店)", "地址": "西林大道融创文旅城·融创茂2F层", "城市": "重庆市", "标签": "体育休闲服务;休闲场所;游乐场", "区域名称": "沙坪坝区", "经度": 106.357329, "纬度": 29.625082, "电话": "023-65355685", "图片标题1": NaN, "图片地址1": "http://store.is.autonavi.com/showpic/53be5b5edab5ea9c360fc06adeb72af7", "图片标题2": NaN, "图片地址2": "http://store.is.autonavi.com/showpic/f513892c6151d3f760895105c2c6efa9", "图片标题3": NaN, "图片地址3": "http://store.is.autonavi.com/showpic/f4a4bf869fd7ff288a5e83a489c0da6b"}
{"名称": "佳贝爱儿童主题乐园(富力坊店)", "地址": "沙坪坝大学城西城富力坊2楼", "城市": "重庆市", "标签": "体育休闲服务;休闲场所;游乐场", "区域名称": "沙坪坝区", "经度": 106.308609, "纬度": 29.611545, "电话": "023-65150630", "图片标题1": NaN, "图片地址1": "http://store.is.autonavi.com/showpic/d4b2ba807ad0339356d9936aad95bdef", "图片标题2": NaN, "图片地址2": "http://store.is.autonavi.com/showpic/26a5b8e45e093bc4cae4d0201040c5e2", "图片标题3": NaN, "图片地址3": "http://store.is.autonavi.com/showpic/a31469346874d4d2571145b848530abb"}
{"名称": "乐滑之梦冰乐园(沙坪坝店)", "地址": "天陈路19号(沙坪坝地铁站5号口步行170米)", "城市": "重庆市", "标签": "体育休闲服务;休闲场所;游乐场", "区域名称": "沙坪坝区", "经度": 106.460232, "纬度": 29.554374, "电话": NaN, "图片标题1": NaN, "图片地址1": "http://store.is.autonavi.com/showpic/ee343c1957300d6a9807606525943ea4", "图片标题2": NaN, "图片地址2": NaN, "图片标题3": NaN, "图片地址3": NaN}
{"名称": "幻彩世界儿童乐园(大学城协信店)", "地址": "协信星汇天地商业街171号附53Z佳超市内3铺", "城市": "重庆市", "标签": "体育休闲服务;休闲场所;游乐场", "区域名称": "沙坪坝区", "经度": 106.313811, "纬度": 29.583275, "电话": "13983644944", "图片标题1": NaN, "图片地址1": "http://store.is.autonavi.com/showpic/f4d7498dbe726291e1fde63f16b7d755", "图片标题2": NaN, "图片地址2": "http://store.is.autonavi.com/showpic/0ea5276d4a3cb1e871afe3f9f4e015b8", "图片标题3": NaN, "图片地址3": "http://store.is.autonavi.com/showpic/38c880d2d70365a0bfb151bfb9eec84a"}
{"名称": "爱玩嘉年华(龙湖重庆金沙天街店)", "地址": "北站东路188号龙湖重庆金沙天街F5层", "城市": "重庆市", "标签": "体育休闲服务;休闲场所;游乐场", "区域名称": "沙坪坝区", "经度": 106.463081, "纬度": 29.554347, "电话": "023-65302158;18067933848", "图片标题1": NaN, "图片地址1": "http://store.is.autonavi.com/showpic/43e0daa75543410c11c6cf6c1fcf4606", "图片标题2": NaN, "图片地址2": "http://store.is.autonavi.com/showpic/227524f7bfb8fba7d5d4fe4188f1e8a4", "图片标题3": NaN, "图片地址3": NaN}
{"名称": "金秋乐园", "地址": "歌乐山镇歌乐山村鹅公架37号", "城市": "重庆市", "标签": "体育休闲服务;休闲场所;游乐场", "区域名称": "沙坪坝区", "经度": 106.411856, "纬度": 29.579693, "电话": "13452166334", "图片标题1": NaN, "图片地址1": "http://store.is.autonavi.com/showpic/bfc014491a6335c9d63aef3104e6b2aa", "图片标题2": NaN, "图片地址2": NaN, "图片标题3": NaN, "图片地址3": NaN}
{"名称": "沙磁巷游乐园(国富·沙磁巷商业街店)", "地址": "国富·沙磁巷商业街", "城市": "重庆市", "标签": "体育休闲服务;休闲场所;游乐场", "区域名称": "沙坪坝区", "经度": 106.454353, "纬度": 29.581272, "电话": "17784043318", "图片标题1": NaN, "图片地址1": NaN, "图片标题2": NaN, "图片地址2": NaN, "图片标题3": NaN, "图片地址3": NaN}
{"名称": "棒棒糖亲子乐园", "地址": "大学城北路与大学城西路交叉口西北140米", "城市": "重庆市", "标签": "体育休闲服务;休闲场所;游乐场", "区域名称": "沙坪坝区", "经度": 106.293533, "纬度": 29.608291, "电话": NaN, "图片标题1": NaN, "图片地址1": "http://store.is.autonavi.com/showpic/f1758cdd38c8f4d99af0a2b7737741a8", "图片标题2": NaN, "图片地址2": NaN, "图片标题3": NaN, "图片地址3": NaN}
{"名称": "贝可儿亲子儿童乐园(金科廊桥天都店)", "地址": "金科廊桥天都外三栋1096号附14号", "城市": "重庆市", "标签": "体育休闲服务;休闲场所;游乐场", "区域名称": "沙坪坝区", "经度": 106.287061, "纬度": 29.581332, "电话": "18996855528", "图片标题1": NaN, "图片地址1": "http://store.is.autonavi.com/showpic/cd094271048d80de5607fd623a37fd61", "图片标题2": NaN, "图片地址2": "http://store.is.autonavi.com/showpic/c2be99c8df2e0393218c9e256a8c7e11", "图片标题3": NaN, "图片地址3": "http://store.is.autonavi.com/showpic/a6fce1b729fb22bae85003adc071da0b"}
{"名称": "龙小湖探索乐园(龙湖重庆金沙天街店)", "地址": "北站东路188号龙湖重庆金沙天街F3层", "城市": "重庆市", "标签": "体育休闲服务;休闲场所;游乐场", "区域名称": "沙坪坝区", "经度": 106.462799, "纬度": 29.554024, "电话": NaN, "图片标题1": NaN, "图片地址1": "http://store.is.autonavi.com/showpic/382e25d05e550e1ce0de070fdfe1008e", "图片标题2": NaN, "图片地址2": "http://store.is.autonavi.com/showpic/d53e16e6293824ccab7729264c0d92b3", "图片标题3": NaN, "图片地址3": "http://store.is.autonavi.com/showpic/73b308c92362c4fdf3e93e6a85a9f5a3"}
{"名称": "木牛牛马", "地址": "大学城西路与大学城北路交叉口西南180米", "城市": "重庆市", "标签": "体育休闲服务;休闲场所;游乐场", "区域名称": "沙坪坝区", "经度": 106.293726, "纬度": 29.605802, "电话": NaN, "图片标题1": NaN, "图片地址1": "http://store.is.autonavi.com/showpic/01a20298712843dd23571d0a31263582", "图片标题2": NaN, "图片地址2": NaN, "图片标题3": NaN, "图片地址3": NaN}
{"名称": "童幻天地儿童主题乐园(浪升双城天街店)(暂停营业)", "地址": "井口街道双碑浪升双城天街2楼(双碑地铁站2号口步行80米)", "城市": "重庆市", "标签": "体育休闲服务;休闲场所;游乐场", "区域名称": "沙坪坝区", "经度": 106.444855, "纬度": 29.605292, "电话": NaN, "图片标题1": NaN, "图片地址1": "http://store.is.autonavi.com/showpic/c0f3d66e07e864dff32cc4cc217a603a", "图片标题2": NaN, "图片地址2": "http://store.is.autonavi.com/showpic/2c32bc8d5f57ad60cfb486b0f2f8ed1c", "图片标题3": NaN, "图片地址3": NaN}
