{"名称": "广电实业·亿动汇羽毛球馆", "地址": "经纬大道1106号", "城市": "重庆市", "标签": "体育休闲服务;运动场馆;羽毛球场", "区域名称": "沙坪坝区", "经度": 106.478988, "纬度": 29.543945, "电话": "023-65266865", "图片标题1": NaN, "图片地址1": "http://store.is.autonavi.com/showpic/d09b229de4141151f6bb54c9cb0fdc27", "图片标题2": NaN, "图片地址2": "http://store.is.autonavi.com/showpic/9238ced981ff946c76baafd58e821f2d", "图片标题3": NaN, "图片地址3": "http://store.is.autonavi.com/showpic/0c6e117f20438a23b79efad08cff9239"}
{"名称": "重庆大学A区网球场", "地址": "沙坪坝正街174号重庆大学", "城市": "重庆市", "标签": "体育休闲服务;运动场馆;网球场", "区域名称": "沙坪坝区", "经度": 106.466603, "纬度": 29.565725, "电话": "023-65112064", "图片标题1": NaN, "图片地址1": NaN, "图片标题2": NaN, "图片地址2": NaN, "图片标题3": NaN, "图片地址3": NaN}
{"名称": "四川美术学院网球运动管理中心", "地址": "大学城西路四川美术学院(虎溪校区)", "城市": "重庆市", "标签": "体育休闲服务;运动场馆;网球场", "区域名称": "沙坪坝区", "经度": 106.295607, "纬度": 29.602178, "电话": NaN, "图片标题1": NaN, "图片地址1": NaN, "图片标题2": NaN, "图片地址2": NaN, "图片标题3": NaN, "图片地址3": NaN}
{"名称": "重庆大学A区篮球场", "地址": "松林路", "城市": "重庆市", "标签": "体育休闲服务;运动场馆;篮球场馆", "区域名称": "沙坪坝区", "经度": 106.468254, "纬度": 29.567284, "电话": NaN, "图片标题1": NaN, "图片地址1": NaN, "图片标题2": NaN, "图片地址2": NaN, "图片标题3": NaN, "图片地址3": NaN}
{"名称": "篮球场(金科廊桥水乡四组团店)", "地址": "大学城学智路155号金科廊桥水乡四组团附近", "城市": "重庆市", "标签": "体育休闲服务;运动场馆;篮球场馆", "区域名称": "沙坪坝区", "经度": 106.283918, "纬度": 29.587151, "电话": "15730035788", "图片标题1": NaN, "图片地址1": "http://store.is.autonavi.com/showpic/4e1962f93a6751453b0a3b911fdf7e30", "图片标题2": NaN, "图片地址2": "http://store.is.autonavi.com/showpic/cd8ee853a84512df56eb690a1d1aeb55", "图片标题3": NaN, "图片地址3": NaN}
{"名称": "重庆科技学院网球场", "地址": "大学城东路重庆科技学院(虎溪校区)", "城市": "重庆市", "标签": "体育休闲服务;运动场馆;网球场", "区域名称": "沙坪坝区", "经度": 106.320884, "纬度": 29.590136, "电话": NaN, "图片标题1": NaN, "图片地址1": NaN, "图片标题2": NaN, "图片地址2": NaN, "图片标题3": NaN, "图片地址3": NaN}
{"名称": "重庆大学A区网球场", "地址": "松林路西200米(重庆大学地铁站3号口步行390米)", "城市": "重庆市", "标签": "体育休闲服务;运动场馆;网球场", "区域名称": "沙坪坝区", "经度": 106.46755, "纬度": 29.567721, "电话": "15111924480", "图片标题1": NaN, "图片地址1": NaN, "图片标题2": NaN, "图片地址2": NaN, "图片标题3": NaN, "图片地址3": NaN}
{"名称": "飞越篮球(大学城校区)", "地址": "大学城中路32号附44号", "城市": "重庆市", "标签": "体育休闲服务;运动场馆;篮球场馆", "区域名称": "沙坪坝区", "经度": 106.30789, "纬度": 29.59924, "电话": "13368385553", "图片标题1": NaN, "图片地址1": "http://store.is.autonavi.com/showpic/8ab5abbbeb1016a9836fa7abee2460aa", "图片标题2": NaN, "图片地址2": "http://store.is.autonavi.com/showpic/ad88bc40368383c32c17f69cec1e2371", "图片标题3": NaN, "图片地址3": "http://store.is.autonavi.com/showpic/2df3d41ec2da0d28783221a2a43b75f7"}
{"名称": "重庆师范大学网球馆", "地址": "厚德路重庆师范大学(大学城校区)", "城市": "重庆市", "标签": "体育休闲服务;运动场馆;网球场", "区域名称": "沙坪坝区", "经度": 106.305005, "纬度": 29.616234, "电话": NaN, "图片标题1": NaN, "图片地址1": NaN, "图片标题2": NaN, "图片地址2": NaN, "图片标题3": NaN, "图片地址3": NaN}
{"名称": "川外室内网球场", "地址": "锦绣西路附近", "城市": "重庆市", "标签": "体育休闲服务;运动场馆;网球场", "区域名称": "沙坪坝区", "经度": 106.43418, "纬度": 29.56883, "电话": NaN, "图片标题1": NaN, "图片地址1": NaN, "图片标题2": NaN, "图片地址2": NaN, "图片标题3": NaN, "图片地址3": NaN}
{"名称": "橘子网球(西城富力坊店)", "地址": "大学城中路46号西城富力坊F5", "城市": "重庆市", "标签": "体育休闲服务;运动场馆;网球场", "区域名称": "沙坪坝区", "经度": 106.308621, "纬度": 29.611496, "电话": "15258760755;17638416071", "图片标题1": NaN, "图片地址1": "http://store.is.autonavi.com/showpic/efe01174df6d69a153f4097c13478f5a", "图片标题2": NaN, "图片地址2": NaN, "图片标题3": NaN, "图片地址3": NaN}
{"名称": "橘子体育城市公园网球中心", "地址": "金科廊桥水乡c区东北面85米", "城市": "重庆市", "标签": "体育休闲服务;运动场馆;网球场", "区域名称": "沙坪坝区", "经度": 106.287142, "纬度": 29.585355, "电话": "17300240374", "图片标题1": NaN, "图片地址1": "http://store.is.autonavi.com/showpic/9b2b0c6bf5c3024f7bef0a61f7042007", "图片标题2": NaN, "图片地址2": NaN, "图片标题3": NaN, "图片地址3": NaN}
{"名称": "澎湃体育篮球运动馆", "地址": "民心路与和谐街交叉口东220米", "城市": "重庆市", "标签": "体育休闲服务;运动场馆;篮球场馆", "区域名称": "沙坪坝区", "经度": 106.37434, "纬度": 29.631259, "电话": NaN, "图片标题1": NaN, "图片地址1": "http://store.is.autonavi.com/showpic/a59fe304665ab0518553c05f95903fc5", "图片标题2": NaN, "图片地址2": "http://store.is.autonavi.com/showpic/0b47d7402e3a4c368214eb6066c404d4", "图片标题3": NaN, "图片地址3": NaN}
{"名称": "重师网球场", "地址": "天陈路与步行街交叉口西360米", "城市": "重庆市", "标签": "体育休闲服务;运动场馆;网球场", "区域名称": "沙坪坝区", "经度": 106.455811, "纬度": 29.557128, "电话": NaN, "图片标题1": NaN, "图片地址1": NaN, "图片标题2": NaN, "图片地址2": NaN, "图片标题3": NaN, "图片地址3": NaN}
{"名称": "映泉花园-篮球场", "地址": "天梨路与红槽房立交交叉口东北300米", "城市": "重庆市", "标签": "体育休闲服务;运动场馆;篮球场馆", "区域名称": "沙坪坝区", "经度": 106.443849, "纬度": 29.552245, "电话": NaN, "图片标题1": NaN, "图片地址1": NaN, "图片标题2": NaN, "图片地址2": NaN, "图片标题3": NaN, "图片地址3": NaN}
{"名称": "篮球馆", "地址": "西科一路与滨河路交叉口东南120米", "城市": "重庆市", "标签": "体育休闲服务;运动场馆;篮球场馆", "区域名称": "沙坪坝区", "经度": 106.38251, "纬度": 29.60213, "电话": NaN, "图片标题1": NaN, "图片地址1": NaN, "图片标题2": NaN, "图片地址2": NaN, "图片标题3": NaN, "图片地址3": NaN}
{"名称": "初冠体适能少儿篮球馆", "地址": "大学城西路与大学城南一路交叉口西南160米", "城市": "重庆市", "标签": "体育休闲服务;运动场馆;篮球场馆", "区域名称": "沙坪坝区", "经度": 106.290995, "纬度": 29.582609, "电话": NaN, "图片标题1": NaN, "图片地址1": NaN, "图片标题2": NaN, "图片地址2": NaN, "图片标题3": NaN, "图片地址3": NaN}
{"名称": "重庆师范大学篮球馆", "地址": "虎溪镇大学城中路37号重庆师范大学大学城校区", "城市": "重庆市", "标签": "体育休闲服务;运动场馆;篮球场馆", "区域名称": "沙坪坝区", "经度": 106.305005, "纬度": 29.616234, "电话": NaN, "图片标题1": NaN, "图片地址1": "http://store.is.autonavi.com/showpic/ea331b151738bdce6f78e9c0b119a33c", "图片标题2": NaN, "图片地址2": NaN, "图片标题3": NaN, "图片地址3": NaN}
{"名称": "篮狮少儿篮球馆", "地址": "大学城龙湖U城9组团3栋3楼", "城市": "重庆市", "标签": "体育休闲服务;运动场馆;篮球场馆", "区域名称": "沙坪坝区", "经度": 106.293428, "纬度": 29.602887, "电话": "15923968646", "图片标题1": NaN, "图片地址1": "http://store.is.autonavi.com/showpic/789a7e2edcf4c72eb5dc7b09873d802a", "图片标题2": NaN, "图片地址2": NaN, "图片标题3": NaN, "图片地址3": NaN}
{"名称": "广电实业·亿动汇羽毛球馆", "地址": "经纬大道1106号", "城市": "重庆市", "标签": "体育休闲服务;运动场馆;羽毛球场", "区域名称": "沙坪坝区", "经度": 106.478988, "纬度": 29.543945, "电话": "023-65266865", "图片标题1": NaN, "图片地址1": "http://store.is.autonavi.com/showpic/d09b229de4141151f6bb54c9cb0fdc27", "图片标题2": NaN, "图片地址2": "http://store.is.autonavi.com/showpic/9238ced981ff946c76baafd58e821f2d", "图片标题3": NaN, "图片地址3": "http://store.is.autonavi.com/showpic/0c6e117f20438a23b79efad08cff9239"}
{"名称": "重庆大学A区网球场", "地址": "沙坪坝正街174号重庆大学", "城市": "重庆市", "标签": "体育休闲服务;运动场馆;网球场", "区域名称": "沙坪坝区", "经度": 106.466603, "纬度": 29.565725, "电话": "023-65112064", "图片标题1": NaN, "图片地址1": NaN, "图片标题2": NaN, "图片地址2": NaN, "图片标题3": NaN, "图片地址3": NaN}
{"名称": "四川美术学院网球运动管理中心", "地址": "大学城西路四川美术学院(虎溪校区)", "城市": "重庆市", "标签": "体育休闲服务;运动场馆;网球场", "区域名称": "沙坪坝区", "经度": 106.295607, "纬度": 29.602178, "电话": NaN, "图片标题1": NaN, "图片地址1": NaN, "图片标题2": NaN, "图片地址2": NaN, "图片标题3": NaN, "图片地址3": NaN}
{"名称": "重庆大学A区篮球场", "地址": "松林路", "城市": "重庆市", "标签": "体育休闲服务;运动场馆;篮球场馆", "区域名称": "沙坪坝区", "经度": 106.468254, "纬度": 29.567284, "电话": NaN, "图片标题1": NaN, "图片地址1": NaN, "图片标题2": NaN, "图片地址2": NaN, "图片标题3": NaN, "图片地址3": NaN}
{"名称": "篮球场(金科廊桥水乡四组团店)", "地址": "大学城学智路155号金科廊桥水乡四组团附近", "城市": "重庆市", "标签": "体育休闲服务;运动场馆;篮球场馆", "区域名称": "沙坪坝区", "经度": 106.283918, "纬度": 29.587151, "电话": "15730035788", "图片标题1": NaN, "图片地址1": "http://store.is.autonavi.com/showpic/4e1962f93a6751453b0a3b911fdf7e30", "图片标题2": NaN, "图片地址2": "http://store.is.autonavi.com/showpic/cd8ee853a84512df56eb690a1d1aeb55", "图片标题3": NaN, "图片地址3": NaN}
{"名称": "重庆科技学院网球场", "地址": "大学城东路重庆科技学院(虎溪校区)", "城市": "重庆市", "标签": "体育休闲服务;运动场馆;网球场", "区域名称": "沙坪坝区", "经度": 106.320884, "纬度": 29.590136, "电话": NaN, "图片标题1": NaN, "图片地址1": NaN, "图片标题2": NaN, "图片地址2": NaN, "图片标题3": NaN, "图片地址3": NaN}
{"名称": "重庆大学A区网球场", "地址": "松林路西200米(重庆大学地铁站3号口步行390米)", "城市": "重庆市", "标签": "体育休闲服务;运动场馆;网球场", "区域名称": "沙坪坝区", "经度": 106.46755, "纬度": 29.567721, "电话": "15111924480", "图片标题1": NaN, "图片地址1": NaN, "图片标题2": NaN, "图片地址2": NaN, "图片标题3": NaN, "图片地址3": NaN}
{"名称": "飞越篮球(大学城校区)", "地址": "大学城中路32号附44号", "城市": "重庆市", "标签": "体育休闲服务;运动场馆;篮球场馆", "区域名称": "沙坪坝区", "经度": 106.30789, "纬度": 29.59924, "电话": "13368385553", "图片标题1": NaN, "图片地址1": "http://store.is.autonavi.com/showpic/8ab5abbbeb1016a9836fa7abee2460aa", "图片标题2": NaN, "图片地址2": "http://store.is.autonavi.com/showpic/ad88bc40368383c32c17f69cec1e2371", "图片标题3": NaN, "图片地址3": "http://store.is.autonavi.com/showpic/2df3d41ec2da0d28783221a2a43b75f7"}
{"名称": "重庆师范大学网球馆", "地址": "厚德路重庆师范大学(大学城校区)", "城市": "重庆市", "标签": "体育休闲服务;运动场馆;网球场", "区域名称": "沙坪坝区", "经度": 106.305005, "纬度": 29.616234, "电话": NaN, "图片标题1": NaN, "图片地址1": NaN, "图片标题2": NaN, "图片地址2": NaN, "图片标题3": NaN, "图片地址3": NaN}
{"名称": "川外室内网球场", "地址": "锦绣西路附近", "城市": "重庆市", "标签": "体育休闲服务;运动场馆;网球场", "区域名称": "沙坪坝区", "经度": 106.43418, "纬度": 29.56883, "电话": NaN, "图片标题1": NaN, "图片地址1": NaN, "图片标题2": NaN, "图片地址2": NaN, "图片标题3": NaN, "图片地址3": NaN}
{"名称": "橘子网球(西城富力坊店)", "地址": "大学城中路46号西城富力坊F5", "城市": "重庆市", "标签": "体育休闲服务;运动场馆;网球场", "区域名称": "沙坪坝区", "经度": 106.308621, "纬度": 29.611496, "电话": "15258760755;17638416071", "图片标题1": NaN, "图片地址1": "http://store.is.autonavi.com/showpic/efe01174df6d69a153f4097c13478f5a", "图片标题2": NaN, "图片地址2": NaN, "图片标题3": NaN, "图片地址3": NaN}
{"名称": "橘子体育城市公园网球中心", "地址": "金科廊桥水乡c区东北面85米", "城市": "重庆市", "标签": "体育休闲服务;运动场馆;网球场", "区域名称": "沙坪坝区", "经度": 106.287142, "纬度": 29.585355, "电话": "17300240374", "图片标题1": NaN, "图片地址1": "http://store.is.autonavi.com/showpic/9b2b0c6bf5c3024f7bef0a61f7042007", "图片标题2": NaN, "图片地址2": NaN, "图片标题3": NaN, "图片地址3": NaN}
{"名称": "澎湃体育篮球运动馆", "地址": "民心路与和谐街交叉口东220米", "城市": "重庆市", "标签": "体育休闲服务;运动场馆;篮球场馆", "区域名称": "沙坪坝区", "经度": 106.37434, "纬度": 29.631259, "电话": NaN, "图片标题1": NaN, "图片地址1": "http://store.is.autonavi.com/showpic/a59fe304665ab0518553c05f95903fc5", "图片标题2": NaN, "图片地址2": "http://store.is.autonavi.com/showpic/0b47d7402e3a4c368214eb6066c404d4", "图片标题3": NaN, "图片地址3": NaN}
{"名称": "重师网球场", "地址": "天陈路与步行街交叉口西360米", "城市": "重庆市", "标签": "体育休闲服务;运动场馆;网球场", "区域名称": "沙坪坝区", "经度": 106.455811, "纬度": 29.557128, "电话": NaN, "图片标题1": NaN, "图片地址1": NaN, "图片标题2": NaN, "图片地址2": NaN, "图片标题3": NaN, "图片地址3": NaN}
{"名称": "映泉花园-篮球场", "地址": "天梨路与红槽房立交交叉口东北300米", "城市": "重庆市", "标签": "体育休闲服务;运动场馆;篮球场馆", "区域名称": "沙坪坝区", "经度": 106.443849, "纬度": 29.552245, "电话": NaN, "图片标题1": NaN, "图片地址1": NaN, "图片标题2": NaN, "图片地址2": NaN, "图片标题3": NaN, "图片地址3": NaN}
{"名称": "篮球馆", "地址": "西科一路与滨河路交叉口东南120米", "城市": "重庆市", "标签": "体育休闲服务;运动场馆;篮球场馆", "区域名称": "沙坪坝区", "经度": 106.38251, "纬度": 29.60213, "电话": NaN, "图片标题1": NaN, "图片地址1": NaN, "图片标题2": NaN, "图片地址2": NaN, "图片标题3": NaN, "图片地址3": NaN}
{"名称": "初冠体适能少儿篮球馆", "地址": "大学城西路与大学城南一路交叉口西南160米", "城市": "重庆市", "标签": "体育休闲服务;运动场馆;篮球场馆", "区域名称": "沙坪坝区", "经度": 106.290995, "纬度": 29.582609, "电话": NaN, "图片标题1": NaN, "图片地址1": NaN, "图片标题2": NaN, "图片地址2": NaN, "图片标题3": NaN, "图片地址3": NaN}
{"名称": "重庆师范大学篮球馆", "地址": "虎溪镇大学城中路37号重庆师范大学大学城校区", "城市": "重庆市", "标签": "体育休闲服务;运动场馆;篮球场馆", "区域名称": "沙坪坝区", "经度": 106.305005, "纬度": 29.616234, "电话": NaN, "图片标题1": NaN, "图片地址1": "http://store.is.autonavi.com/showpic/ea331b151738bdce6f78e9c0b119a33c", "图片标题2": NaN, "图片地址2": NaN, "图片标题3": NaN, "图片地址3": NaN}
{"名称": "篮狮少儿篮球馆", "地址": "大学城龙湖U城9组团3栋3楼", "城市": "重庆市", "标签": "体育休闲服务;运动场馆;篮球场馆", "区域名称": "沙坪坝区", "经度": 106.293428, "纬度": 29.602887, "电话": "15923968646", "图片标题1": NaN, "图片地址1": "http://store.is.autonavi.com/showpic/789a7e2edcf4c72eb5dc7b09873d802a", "图片标题2": NaN, "图片地址2": NaN, "图片标题3": NaN, "图片地址3": NaN}
{"名称": "镇豪体育少儿篮球运动馆", "地址": "大学城南一路699号(高桥学校正对面)", "城市": "重庆市", "标签": "体育休闲服务;运动场馆;篮球场馆", "区域名称": "沙坪坝区", "经度": 106.284738, "纬度": 29.583448, "电话": NaN, "图片标题1": NaN, "图片地址1": "http://store.is.autonavi.com/showpic/747cefac735f72b06fcafe8206bf19fc", "图片标题2": NaN, "图片地址2": "http://store.is.autonavi.com/showpic/e12dd33f7fa2c531d23f1bac1a8ac21e", "图片标题3": NaN, "图片地址3": NaN}
{"名称": "奥力飞沙坪坝融汇体育中心", "地址": "重庆融汇上泉坊温泉酒店旁", "城市": "重庆市", "标签": "体育休闲服务;运动场馆;篮球场馆", "区域名称": "沙坪坝区", "经度": 106.438732, "纬度": 29.543426, "电话": NaN, "图片标题1": NaN, "图片地址1": "http://store.is.autonavi.com/showpic/35881c653db3a1e9f892638b9a96c989", "图片标题2": NaN, "图片地址2": NaN, "图片标题3": NaN, "图片地址3": NaN}
{"名称": "重庆医科大学(缙云校区)-篮球场", "地址": "大学城北一路重庆医科大学缙云校区", "城市": "重庆市", "标签": "体育休闲服务;运动场馆;篮球场馆", "区域名称": "沙坪坝区", "经度": 106.309013, "纬度": 29.628204, "电话": NaN, "图片标题1": NaN, "图片地址1": NaN, "图片标题2": NaN, "图片地址2": NaN, "图片标题3": NaN, "图片地址3": NaN}
{"名称": "添羽羽毛球馆", "地址": "陈青路与陈东路交叉口西南120米", "城市": "重庆市", "标签": "体育休闲服务;运动场馆;羽毛球场", "区域名称": "沙坪坝区", "经度": 106.332166, "纬度": 29.618931, "电话": "023-65009338;023-65339661", "图片标题1": NaN, "图片地址1": "http://store.is.autonavi.com/showpic/40b77ba7bb91cbb1338a0fdec5b015d0", "图片标题2": NaN, "图片地址2": NaN, "图片标题3": NaN, "图片地址3": NaN}
{"名称": "一态篮球公园(协信城立方森林店)", "地址": "协信城立方揽院对面", "城市": "重庆市", "标签": "体育休闲服务;运动场馆;篮球场馆", "区域名称": "沙坪坝区", "经度": 106.310797, "纬度": 29.582974, "电话": NaN, "图片标题1": NaN, "图片地址1": "http://store.is.autonavi.com/showpic/b307274647158f421b3389325f272530", "图片标题2": NaN, "图片地址2": "http://store.is.autonavi.com/showpic/7c74b4aa551363a69eb72928fa28da60", "图片标题3": NaN, "图片地址3": NaN}
{"名称": "重庆大学B区羽毛球场", "地址": "沙中路83号", "城市": "重庆市", "标签": "体育休闲服务;运动场馆;羽毛球场", "区域名称": "沙坪坝区", "经度": 106.458924, "纬度": 29.565771, "电话": NaN, "图片标题1": NaN, "图片地址1": NaN, "图片标题2": NaN, "图片地址2": NaN, "图片标题3": NaN, "图片地址3": NaN}
{"名称": "峰羽汇羽毛球馆", "地址": "杨梨路160号", "城市": "重庆市", "标签": "体育休闲服务;运动场馆;羽毛球场", "区域名称": "沙坪坝区", "经度": 106.439635, "纬度": 29.56005, "电话": "18716777789", "图片标题1": NaN, "图片地址1": "http://store.is.autonavi.com/showpic/9f8c7821a6546975abee379cee689f8e", "图片标题2": NaN, "图片地址2": NaN, "图片标题3": NaN, "图片地址3": NaN}
{"名称": "西南政法大学羽毛球场", "地址": "童家桥正街与溪景路交叉口西440米", "城市": "重庆市", "标签": "体育休闲服务;运动场馆;羽毛球场", "区域名称": "沙坪坝区", "经度": 106.440973, "纬度": 29.567276, "电话": NaN, "图片标题1": NaN, "图片地址1": NaN, "图片标题2": NaN, "图片地址2": NaN, "图片标题3": NaN, "图片地址3": NaN}
{"名称": "中房千寻羽毛球场", "地址": "富洲路中房千寻", "城市": "重庆市", "标签": "体育休闲服务;运动场馆;羽毛球场", "区域名称": "沙坪坝区", "经度": 106.475888, "纬度": 29.538822, "电话": NaN, "图片标题1": NaN, "图片地址1": NaN, "图片标题2": NaN, "图片地址2": NaN, "图片标题3": NaN, "图片地址3": NaN}
{"名称": "启萌星少儿篮球俱乐部(大学城校区)", "地址": "景阳路35号附167号", "城市": "重庆市", "标签": "体育休闲服务;运动场馆;篮球场馆", "区域名称": "沙坪坝区", "经度": 106.31185, "纬度": 29.60219, "电话": "13983143324", "图片标题1": NaN, "图片地址1": "http://store.is.autonavi.com/showpic/27713583d1e484257acaf3691bcb9ebb", "图片标题2": NaN, "图片地址2": "http://store.is.autonavi.com/showpic/06d65c2489eb056412fb50bea8c1c6c2", "图片标题3": NaN, "图片地址3": "http://store.is.autonavi.com/showpic/2a9cdc98e7bc12f98f105781fb7ebe9e"}
{"名称": "南开中学-羽毛球场", "地址": "南开步行街附近", "城市": "重庆市", "标签": "体育休闲服务;运动场馆;羽毛球场", "区域名称": "沙坪坝区", "经度": 106.460042, "纬度": 29.560513, "电话": NaN, "图片标题1": NaN, "图片地址1": NaN, "图片标题2": NaN, "图片地址2": NaN, "图片标题3": NaN, "图片地址3": NaN}
{"名称": "一态篮球公园(富力西城广场空中店)", "地址": "大学城中路46号富力西城广场6楼", "城市": "重庆市", "标签": "体育休闲服务;运动场馆;篮球场馆", "区域名称": "沙坪坝区", "经度": 106.308573, "纬度": 29.610059, "电话": "15178809277", "图片标题1": NaN, "图片地址1": "http://store.is.autonavi.com/showpic/8a37abc4bf7aa3df510c5d37f807fd7d", "图片标题2": NaN, "图片地址2": "http://store.is.autonavi.com/showpic/bd170f10223634ab5e722f0f0f62a127", "图片标题3": NaN, "图片地址3": "http://store.is.autonavi.com/showpic/04387457ae7f95c2ffe9aa2fd166a570"}
{"名称": "镇豪体育熙街篮球羽毛馆(熙熙MALL店)", "地址": "沙坪坝区高新区大学城熙街mall六楼", "城市": "重庆市", "标签": "体育休闲服务;运动场馆;篮球场馆", "区域名称": "沙坪坝区", "经度": 106.302001, "纬度": 29.606569, "电话": "023-65239485", "图片标题1": NaN, "图片地址1": "http://store.is.autonavi.com/showpic/61ef66794e5351771f401f92acaac6e2", "图片标题2": NaN, "图片地址2": "http://store.is.autonavi.com/showpic/0670a2153afc0b2b0c3f38b46ca852ca", "图片标题3": NaN, "图片地址3": NaN}
{"名称": "重庆S1938国际创客港羽毛球馆", "地址": "松林路重庆国际创客港", "城市": "重庆市", "标签": "体育休闲服务;运动场馆;羽毛球场", "区域名称": "沙坪坝区", "经度": 106.471993, "纬度": 29.566313, "电话": NaN, "图片标题1": NaN, "图片地址1": NaN, "图片标题2": NaN, "图片地址2": NaN, "图片标题3": NaN, "图片地址3": NaN}
{"名称": "盼达用车(广电实业亿动汇羽毛球馆)", "地址": "经纬大道美堤雅广电基地内(高九路芳草地转盘旁)", "城市": "重庆市", "标签": "体育休闲服务;运动场馆;羽毛球场", "区域名称": "沙坪坝区", "经度": 106.478601, "纬度": 29.543794, "电话": NaN, "图片标题1": NaN, "图片地址1": NaN, "图片标题2": NaN, "图片地址2": NaN, "图片标题3": NaN, "图片地址3": NaN}
{"名称": "四川美术学院虎溪校区篮球场", "地址": "大学城南路四川美术学院(虎溪校区)", "城市": "重庆市", "标签": "体育休闲服务;运动场馆;篮球场馆", "区域名称": "沙坪坝区", "经度": 106.298961, "纬度": 29.599355, "电话": NaN, "图片标题1": NaN, "图片地址1": "http://store.is.autonavi.com/showpic/023e37786e203288a22ab0f1dc5545e5", "图片标题2": NaN, "图片地址2": NaN, "图片标题3": NaN, "图片地址3": NaN}
{"名称": "松园篮球场", "地址": "重庆大学虎溪校区内", "城市": "重庆市", "标签": "体育休闲服务;运动场馆;篮球场馆", "区域名称": "沙坪坝区", "经度": 106.294643, "纬度": 29.594614, "电话": NaN, "图片标题1": NaN, "图片地址1": NaN, "图片标题2": NaN, "图片地址2": NaN, "图片标题3": NaN, "图片地址3": NaN}
{"名称": "梅园篮球场", "地址": "大学城南路与景苑路交叉口东南120米", "城市": "重庆市", "标签": "体育休闲服务;运动场馆;篮球场馆", "区域名称": "沙坪坝区", "经度": 106.30165, "纬度": 29.597644, "电话": NaN, "图片标题1": NaN, "图片地址1": NaN, "图片标题2": NaN, "图片地址2": NaN, "图片标题3": NaN, "图片地址3": NaN}
