{"名称": "UME国际影城(炫地购物中心店)", "地址": "天陈路1号新时代大厦4层、6层", "城市": "重庆市", "标签": "体育休闲服务;影剧院;电影院", "区域名称": "沙坪坝区", "经度": 106.460087, "纬度": 29.557325, "电话": "023-65365599", "图片标题1": NaN, "图片地址1": "http://store.is.autonavi.com/showpic/793810c671666671d4d8e1381bf3c85b", "图片标题2": NaN, "图片地址2": "http://store.is.autonavi.com/showpic/d8cb47d3317b9bd2b86e45ceca6bb9ac", "图片标题3": NaN, "图片地址3": "http://store.is.autonavi.com/showpic/870cf21adcaf2104d2cb62d413deef94"}
{"名称": "横店影城(煌华新纪元店)", "地址": "三峡广场步行街6号新纪元购物广场8层", "城市": "重庆市", "标签": "体育休闲服务;影剧院;电影院", "区域名称": "沙坪坝区", "经度": 106.461559, "纬度": 29.558412, "电话": "023-65005432;023-65007645", "图片标题1": NaN, "图片地址1": "http://store.is.autonavi.com/showpic/3094e161f90b27dad75838644652e89f", "图片标题2": NaN, "图片地址2": "http://store.is.autonavi.com/showpic/3094e161f90b27dad75838644652e89f", "图片标题3": NaN, "图片地址3": "http://store.is.autonavi.com/showpic/18092b034caba78ba9ccbf885c0028e9"}
{"名称": "沙坪坝电影院(煌华新纪元店)", "地址": "小龙坎新街85号恒鑫大厦B1层", "城市": "重庆市", "标签": "体育休闲服务;影剧院;电影院", "区域名称": "沙坪坝区", "经度": 106.462411, "纬度": 29.559067, "电话": "023-65479068;023-65479634", "图片标题1": NaN, "图片地址1": "http://store.is.autonavi.com/showpic/c0d73a116f8e4e24cec505bcee17d744", "图片标题2": NaN, "图片地址2": "http://store.is.autonavi.com/showpic/c0d73a116f8e4e24cec505bcee17d744", "图片标题3": NaN, "图片地址3": "http://store.is.autonavi.com/showpic/613cc238feb454404d60c038f11b462e"}
{"名称": "博纳国际影城(凤天路店)", "地址": "凤天大道49号", "城市": "重庆市", "标签": "体育休闲服务;影剧院;电影院", "区域名称": "沙坪坝区", "经度": 106.456844, "纬度": 29.534145, "电话": "023-65535020", "图片标题1": NaN, "图片地址1": "http://store.is.autonavi.com/showpic/f4367baaa576bc640a339400db85c65e", "图片标题2": NaN, "图片地址2": "http://store.is.autonavi.com/showpic/f9f465e551248288a8712d06d88ab8c7", "图片标题3": NaN, "图片地址3": "http://store.is.autonavi.com/showpic/7e9aceebcf77654786d8d47e6a3b4fb7"}
{"名称": "保利万和熙街影城", "地址": "景苑路8号附1026号美丽熙街2期24号楼2层", "城市": "重庆市", "标签": "体育休闲服务;影剧院;电影院", "区域名称": "沙坪坝区", "经度": 106.30266, "纬度": 29.605051, "电话": "023-65626138;023-65626688", "图片标题1": NaN, "图片地址1": "http://store.is.autonavi.com/showpic/dd9e4db074685697822c86bcac8870fb", "图片标题2": NaN, "图片地址2": "http://store.is.autonavi.com/showpic/d8dd751eb44505f3dfbae01603392fd6", "图片标题3": NaN, "图片地址3": "http://store.is.autonavi.com/showpic/9e6279b19c48a71d19daab01e9c47e38"}
{"名称": "嘉裕国际影城(沙坪坝店)", "地址": "小龙坎新街40号沙龙汇3层", "城市": "重庆市", "标签": "体育休闲服务;影剧院;电影院", "区域名称": "沙坪坝区", "经度": 106.466897, "纬度": 29.555054, "电话": "023-86278551", "图片标题1": NaN, "图片地址1": "http://store.is.autonavi.com/showpic/939cc260841f9b0761bd75c55360de1b", "图片标题2": NaN, "图片地址2": "http://store.is.autonavi.com/showpic/8f86cbc6343e5b6f9b10a1afeeaef141", "图片标题3": NaN, "图片地址3": "http://store.is.autonavi.com/showpic/4e30256a0167efd98e83b03c9359137c"}
{"名称": "CGV影城(重庆U城店)", "地址": "龙湖U城天街B馆4层(尖顶坡地铁站2号口步行190米)", "城市": "重庆市", "标签": "体育休闲服务;影剧院;电影院", "区域名称": "沙坪坝区", "经度": 106.293302, "纬度": 29.606355, "电话": "023-67120022;13140280183", "图片标题1": NaN, "图片地址1": "http://store.is.autonavi.com/showpic/5e798e5ae6871a28ff5d23530bacff8b", "图片标题2": NaN, "图片地址2": "http://store.is.autonavi.com/showpic/ccd72e018d70d3cf054704eda5476385", "图片标题3": NaN, "图片地址3": "http://store.is.autonavi.com/showpic/5d9a34470648c3384c3baab515620481"}
{"名称": "利美华胤巨幕影城", "地址": "沙滨路国际创客港7栋", "城市": "重庆市", "标签": "体育休闲服务;影剧院;电影院", "区域名称": "沙坪坝区", "经度": 106.473162, "纬度": 29.565604, "电话": NaN, "图片标题1": NaN, "图片地址1": "http://store.is.autonavi.com/showpic/2c5dee1faddf231e918d6d739916b076", "图片标题2": NaN, "图片地址2": "http://store.is.autonavi.com/showpic/89474b69f2cc269030b1c4f7b4fcf728", "图片标题3": NaN, "图片地址3": "http://store.is.autonavi.com/showpic/35c200b80a9d442aa85893bdab8662fe"}
{"名称": "万达影城(融创茂店)", "地址": "西林大道84号重庆融创茂购物中心3层", "城市": "重庆市", "标签": "体育休闲服务;影剧院;电影院", "区域名称": "沙坪坝区", "经度": 106.358013, "纬度": 29.625255, "电话": "18129585953", "图片标题1": NaN, "图片地址1": "http://store.is.autonavi.com/showpic/57bca1fcec2faed25828d505cc7c09e2", "图片标题2": NaN, "图片地址2": "http://store.is.autonavi.com/showpic/cdf76cdb11890b3a8bfc0c38b9f95ac3", "图片标题3": NaN, "图片地址3": "http://store.is.autonavi.com/showpic/8a339c7043e21cd3d6178c290b797480"}
{"名称": "小坏蛋私人影院", "地址": "大学城熙街三期一栋23-6", "城市": "重庆市", "标签": "体育休闲服务;影剧院;电影院", "区域名称": "沙坪坝区", "经度": 106.302299, "纬度": 29.606026, "电话": "18983360959", "图片标题1": NaN, "图片地址1": "http://img.alicdn.com/i1/2214154594874/O1CN014rfAZ61lsLF4Wtp6B_!!2214154594874-0-koubei.jpg", "图片标题2": NaN, "图片地址2": "http://store.is.autonavi.com/showpic/e101dd31ae2cd9812077a36cee810e00", "图片标题3": NaN, "图片地址3": NaN}
{"名称": "一九二ENJOY私人影院", "地址": "沙坪坝区大学城艺德路45号五星名座3栋25-10", "城市": "重庆市", "标签": "体育休闲服务;影剧院;电影院", "区域名称": "沙坪坝区", "经度": 106.305387, "纬度": 29.59993, "电话": "19112830737", "图片标题1": NaN, "图片地址1": "http://store.is.autonavi.com/showpic/992ef7d73e3dfdb1a38bafc78441cb08", "图片标题2": NaN, "图片地址2": "http://store.is.autonavi.com/showpic/aaa870db8fc8485667a189be23e76ecb", "图片标题3": NaN, "图片地址3": "http://store.is.autonavi.com/showpic/0f1429e5606ddcb211c22aaa18b6748f"}
{"名称": "橙天影城IMAX大学城店", "地址": "大学城中路台北生活广场F4层", "城市": "重庆市", "标签": "体育休闲服务;影剧院;电影院", "区域名称": "沙坪坝区", "经度": 106.306304, "纬度": 29.583596, "电话": NaN, "图片标题1": NaN, "图片地址1": "http://store.is.autonavi.com/showpic/6f5a8d2a20c738931dcde6dabc933f2e", "图片标题2": NaN, "图片地址2": "http://store.is.autonavi.com/showpic/795bcf34126de6e89074fd6832a88b62", "图片标题3": NaN, "图片地址3": NaN}
{"名称": "遇见私人影院", "地址": "虎溪街道沙坪坝区景苑路12号2幢16-19", "城市": "重庆市", "标签": "体育休闲服务;影剧院;电影院", "区域名称": "沙坪坝区", "经度": 106.302504, "纬度": 29.606841, "电话": "023-65175694;023-65220780;13683422122", "图片标题1": NaN, "图片地址1": "http://store.is.autonavi.com/showpic/e35c65719a554b53e0747a43037e54ed", "图片标题2": NaN, "图片地址2": "http://store.is.autonavi.com/showpic/6207e7bd014c93f2cb3c8f95fd238395", "图片标题3": NaN, "图片地址3": "http://store.is.autonavi.com/showpic/1f9ab74076e5eeca0de2703e0f55d4ff"}
{"名称": "猫手私人影院", "地址": "大学城中路34号1栋28-21", "城市": "重庆市", "标签": "体育休闲服务;影剧院;电影院", "区域名称": "沙坪坝区", "经度": 106.308304, "纬度": 29.602033, "电话": "18225363476", "图片标题1": NaN, "图片地址1": "http://store.is.autonavi.com/showpic/8a5bbcff2b183da5357359471cb53c24", "图片标题2": NaN, "图片地址2": "http://store.is.autonavi.com/showpic/3e27cd0cbc26a46fee7c72654c4bcd7e", "图片标题3": NaN, "图片地址3": "http://store.is.autonavi.com/showpic/2a6a5d240efed12a49d4b718068dd412"}
{"名称": "越界影城", "地址": "欣阳广场西北2门旁(重庆大学地铁站3号口步行450米)", "城市": "重庆市", "标签": "体育休闲服务;影剧院;电影院", "区域名称": "沙坪坝区", "经度": 106.462682, "纬度": 29.563875, "电话": NaN, "图片标题1": NaN, "图片地址1": "http://store.is.autonavi.com/showpic/b457ba06ffcab1d918c64224140352df", "图片标题2": NaN, "图片地址2": "http://store.is.autonavi.com/showpic/b457ba06ffcab1d918c64224140352df", "图片标题3": NaN, "图片地址3": "http://store.is.autonavi.com/showpic/e8198dd39c80af305639abe914215976"}
{"名称": "雾社私人影院", "地址": "富力城五星名座1栋11-3", "城市": "重庆市", "标签": "体育休闲服务;影剧院;电影院", "区域名称": "沙坪坝区", "经度": 106.304685, "纬度": 29.600503, "电话": "19122197091", "图片标题1": NaN, "图片地址1": "http://store.is.autonavi.com/showpic/06324ce749c528c6fedfc20f4b950b83", "图片标题2": NaN, "图片地址2": NaN, "图片标题3": NaN, "图片地址3": NaN}
{"名称": "反时针私人影院", "地址": "熙街三期二栋12-14", "城市": "重庆市", "标签": "体育休闲服务;影剧院;电影院", "区域名称": "沙坪坝区", "经度": 106.30258, "纬度": 29.606727, "电话": "023-65057108", "图片标题1": NaN, "图片地址1": "http://store.is.autonavi.com/showpic/ecbaccfd99aeb2a3521745d7f47661d3", "图片标题2": NaN, "图片地址2": "http://store.is.autonavi.com/showpic/9d9f552ec00b7c5a10dd960f300ce4ce", "图片标题3": NaN, "图片地址3": "http://store.is.autonavi.com/showpic/e6f8f8c91a7d1c5a2ddea1a5f2edb8e1"}
{"名称": "华夏星光国际影城(双碑店)", "地址": "双碑轻轨旁的双城天街5层(双碑地铁站2号口步行190米)", "城市": "重庆市", "标签": "体育休闲服务;影剧院;电影院", "区域名称": "沙坪坝区", "经度": 106.444809, "纬度": 29.604359, "电话": "15910559355", "图片标题1": NaN, "图片地址1": "http://store.is.autonavi.com/showpic/5c736721dde4c1fc394cfdbf4c94745c", "图片标题2": NaN, "图片地址2": "http://store.is.autonavi.com/showpic/b0374e1a3826d13eb9c5f5c9629dcc1a", "图片标题3": NaN, "图片地址3": "http://store.is.autonavi.com/showpic/2346eb344c08cb85e365ef214bf14f4c"}
{"名称": "跳叔叔私人影院大学城店", "地址": "大学城熙街三期二栋12-16", "城市": "重庆市", "标签": "体育休闲服务;影剧院;电影院", "区域名称": "沙坪坝区", "经度": 106.302741, "纬度": 29.606703, "电话": "023-86288826", "图片标题1": NaN, "图片地址1": "http://store.is.autonavi.com/showpic/76b23cd92a02c435e71b3341e302a07e", "图片标题2": NaN, "图片地址2": NaN, "图片标题3": NaN, "图片地址3": NaN}
{"名称": "壹伊私人影院(金沙天街店)", "地址": "龙湖光年5号楼25楼16号", "城市": "重庆市", "标签": "体育休闲服务;影剧院;电影院", "区域名称": "沙坪坝区", "经度": 106.463199, "纬度": 29.553817, "电话": "18983485287", "图片标题1": NaN, "图片地址1": "http://store.is.autonavi.com/showpic/f5f5817a2c2e1c96b1670aa4ea2f3d46", "图片标题2": NaN, "图片地址2": "http://store.is.autonavi.com/showpic/649c93cbfb6b4674a5a3c27d21512f72", "图片标题3": NaN, "图片地址3": "http://store.is.autonavi.com/showpic/5932f405c48ccfaaf2044df160c3d328"}
{"名称": "保利万和学府影城(熙街店)", "地址": "大学城美丽熙街二期24号楼2F1027号", "城市": "重庆市", "标签": "体育休闲服务;影剧院;电影院", "区域名称": "沙坪坝区", "经度": 106.302472, "纬度": 29.605004, "电话": "023-65626138", "图片标题1": NaN, "图片地址1": NaN, "图片标题2": NaN, "图片地址2": NaN, "图片标题3": NaN, "图片地址3": NaN}
{"名称": "7D影院(建设中)", "地址": "融创乐园", "城市": "重庆市", "标签": "体育休闲服务;影剧院;电影院", "区域名称": "沙坪坝区", "经度": 106.360871, "纬度": 29.629746, "电话": NaN, "图片标题1": NaN, "图片地址1": NaN, "图片标题2": NaN, "图片地址2": NaN, "图片标题3": NaN, "图片地址3": NaN}
{"名称": "万众国际影城", "地址": "大学城中路46号富力西城广场4层", "城市": "重庆市", "标签": "体育休闲服务;影剧院;电影院", "区域名称": "沙坪坝区", "经度": 106.308378, "纬度": 29.610215, "电话": "023-88625766;023-86918666", "图片标题1": NaN, "图片地址1": "http://store.is.autonavi.com/showpic/eabb1359e1061b796917221f989fdc46", "图片标题2": NaN, "图片地址2": "http://store.is.autonavi.com/showpic/5049aa163b7e3848bfe77c06bde818cc", "图片标题3": NaN, "图片地址3": "http://store.is.autonavi.com/showpic/7ddfe197faeb4cf3416a9c0d53992f3f"}
{"名称": "UME国际影城(重庆融汇温泉店)", "地址": "汇泉路1号负", "城市": "重庆市", "标签": "体育休闲服务;影剧院;电影院", "区域名称": "沙坪坝区", "经度": 106.439198, "纬度": 29.543561, "电话": NaN, "图片标题1": NaN, "图片地址1": "http://store.is.autonavi.com/showpic/0be6cd32b0fdc90dc9be2259b45e2301", "图片标题2": NaN, "图片地址2": NaN, "图片标题3": NaN, "图片地址3": NaN}
{"名称": "申铂国际影城(康居西城店)", "地址": "综保大道欧洲购物公园广场3A栋2层申铂国际影城", "城市": "重庆市", "标签": "体育休闲服务;影剧院;电影院", "区域名称": "沙坪坝区", "经度": 106.314572, "纬度": 29.575491, "电话": NaN, "图片标题1": NaN, "图片地址1": "http://store.is.autonavi.com/showpic/94bcaa440662a24d73995d9218a8b1d6", "图片标题2": NaN, "图片地址2": "http://store.is.autonavi.com/showpic/d832fed299e190c87e3e20257d17614b", "图片标题3": NaN, "图片地址3": "http://store.is.autonavi.com/showpic/b7f2d1cf4cfbea621aff8ec3cd50e49f"}
{"名称": "UME国际影城(炫地购物中心店)", "地址": "天陈路1号新时代大厦4层、6层", "城市": "重庆市", "标签": "体育休闲服务;影剧院;电影院", "区域名称": "沙坪坝区", "经度": 106.460087, "纬度": 29.557325, "电话": "023-65365599", "图片标题1": NaN, "图片地址1": "http://store.is.autonavi.com/showpic/793810c671666671d4d8e1381bf3c85b", "图片标题2": NaN, "图片地址2": "http://store.is.autonavi.com/showpic/d8cb47d3317b9bd2b86e45ceca6bb9ac", "图片标题3": NaN, "图片地址3": "http://store.is.autonavi.com/showpic/870cf21adcaf2104d2cb62d413deef94"}
{"名称": "横店影城(煌华新纪元店)", "地址": "三峡广场步行街6号新纪元购物广场8层", "城市": "重庆市", "标签": "体育休闲服务;影剧院;电影院", "区域名称": "沙坪坝区", "经度": 106.461559, "纬度": 29.558412, "电话": "023-65005432;023-65007645", "图片标题1": NaN, "图片地址1": "http://store.is.autonavi.com/showpic/3094e161f90b27dad75838644652e89f", "图片标题2": NaN, "图片地址2": "http://store.is.autonavi.com/showpic/3094e161f90b27dad75838644652e89f", "图片标题3": NaN, "图片地址3": "http://store.is.autonavi.com/showpic/18092b034caba78ba9ccbf885c0028e9"}
{"名称": "沙坪坝电影院(煌华新纪元店)", "地址": "小龙坎新街85号恒鑫大厦B1层", "城市": "重庆市", "标签": "体育休闲服务;影剧院;电影院", "区域名称": "沙坪坝区", "经度": 106.462411, "纬度": 29.559067, "电话": "023-65479068;023-65479634", "图片标题1": NaN, "图片地址1": "http://store.is.autonavi.com/showpic/c0d73a116f8e4e24cec505bcee17d744", "图片标题2": NaN, "图片地址2": "http://store.is.autonavi.com/showpic/c0d73a116f8e4e24cec505bcee17d744", "图片标题3": NaN, "图片地址3": "http://store.is.autonavi.com/showpic/613cc238feb454404d60c038f11b462e"}
{"名称": "博纳国际影城(凤天路店)", "地址": "凤天大道49号", "城市": "重庆市", "标签": "体育休闲服务;影剧院;电影院", "区域名称": "沙坪坝区", "经度": 106.456844, "纬度": 29.534145, "电话": "023-65535020", "图片标题1": NaN, "图片地址1": "http://store.is.autonavi.com/showpic/f4367baaa576bc640a339400db85c65e", "图片标题2": NaN, "图片地址2": "http://store.is.autonavi.com/showpic/f9f465e551248288a8712d06d88ab8c7", "图片标题3": NaN, "图片地址3": "http://store.is.autonavi.com/showpic/7e9aceebcf77654786d8d47e6a3b4fb7"}
{"名称": "保利万和熙街影城", "地址": "景苑路8号附1026号美丽熙街2期24号楼2层", "城市": "重庆市", "标签": "体育休闲服务;影剧院;电影院", "区域名称": "沙坪坝区", "经度": 106.30266, "纬度": 29.605051, "电话": "023-65626138;023-65626688", "图片标题1": NaN, "图片地址1": "http://store.is.autonavi.com/showpic/dd9e4db074685697822c86bcac8870fb", "图片标题2": NaN, "图片地址2": "http://store.is.autonavi.com/showpic/d8dd751eb44505f3dfbae01603392fd6", "图片标题3": NaN, "图片地址3": "http://store.is.autonavi.com/showpic/9e6279b19c48a71d19daab01e9c47e38"}
{"名称": "嘉裕国际影城(沙坪坝店)", "地址": "小龙坎新街40号沙龙汇3层", "城市": "重庆市", "标签": "体育休闲服务;影剧院;电影院", "区域名称": "沙坪坝区", "经度": 106.466897, "纬度": 29.555054, "电话": "023-86278551", "图片标题1": NaN, "图片地址1": "http://store.is.autonavi.com/showpic/939cc260841f9b0761bd75c55360de1b", "图片标题2": NaN, "图片地址2": "http://store.is.autonavi.com/showpic/8f86cbc6343e5b6f9b10a1afeeaef141", "图片标题3": NaN, "图片地址3": "http://store.is.autonavi.com/showpic/4e30256a0167efd98e83b03c9359137c"}
{"名称": "CGV影城(重庆U城店)", "地址": "龙湖U城天街B馆4层(尖顶坡地铁站2号口步行190米)", "城市": "重庆市", "标签": "体育休闲服务;影剧院;电影院", "区域名称": "沙坪坝区", "经度": 106.293302, "纬度": 29.606355, "电话": "023-67120022;13140280183", "图片标题1": NaN, "图片地址1": "http://store.is.autonavi.com/showpic/5e798e5ae6871a28ff5d23530bacff8b", "图片标题2": NaN, "图片地址2": "http://store.is.autonavi.com/showpic/ccd72e018d70d3cf054704eda5476385", "图片标题3": NaN, "图片地址3": "http://store.is.autonavi.com/showpic/5d9a34470648c3384c3baab515620481"}
{"名称": "利美华胤巨幕影城", "地址": "沙滨路国际创客港7栋", "城市": "重庆市", "标签": "体育休闲服务;影剧院;电影院", "区域名称": "沙坪坝区", "经度": 106.473162, "纬度": 29.565604, "电话": NaN, "图片标题1": NaN, "图片地址1": "http://store.is.autonavi.com/showpic/2c5dee1faddf231e918d6d739916b076", "图片标题2": NaN, "图片地址2": "http://store.is.autonavi.com/showpic/89474b69f2cc269030b1c4f7b4fcf728", "图片标题3": NaN, "图片地址3": "http://store.is.autonavi.com/showpic/35c200b80a9d442aa85893bdab8662fe"}
{"名称": "万达影城(融创茂店)", "地址": "西林大道84号重庆融创茂购物中心3层", "城市": "重庆市", "标签": "体育休闲服务;影剧院;电影院", "区域名称": "沙坪坝区", "经度": 106.358013, "纬度": 29.625255, "电话": "18129585953", "图片标题1": NaN, "图片地址1": "http://store.is.autonavi.com/showpic/57bca1fcec2faed25828d505cc7c09e2", "图片标题2": NaN, "图片地址2": "http://store.is.autonavi.com/showpic/cdf76cdb11890b3a8bfc0c38b9f95ac3", "图片标题3": NaN, "图片地址3": "http://store.is.autonavi.com/showpic/8a339c7043e21cd3d6178c290b797480"}
{"名称": "小坏蛋私人影院", "地址": "大学城熙街三期一栋23-6", "城市": "重庆市", "标签": "体育休闲服务;影剧院;电影院", "区域名称": "沙坪坝区", "经度": 106.302299, "纬度": 29.606026, "电话": "18983360959", "图片标题1": NaN, "图片地址1": "http://img.alicdn.com/i1/2214154594874/O1CN014rfAZ61lsLF4Wtp6B_!!2214154594874-0-koubei.jpg", "图片标题2": NaN, "图片地址2": "http://store.is.autonavi.com/showpic/e101dd31ae2cd9812077a36cee810e00", "图片标题3": NaN, "图片地址3": NaN}
{"名称": "一九二ENJOY私人影院", "地址": "沙坪坝区大学城艺德路45号五星名座3栋25-10", "城市": "重庆市", "标签": "体育休闲服务;影剧院;电影院", "区域名称": "沙坪坝区", "经度": 106.305387, "纬度": 29.59993, "电话": "19112830737", "图片标题1": NaN, "图片地址1": "http://store.is.autonavi.com/showpic/992ef7d73e3dfdb1a38bafc78441cb08", "图片标题2": NaN, "图片地址2": "http://store.is.autonavi.com/showpic/aaa870db8fc8485667a189be23e76ecb", "图片标题3": NaN, "图片地址3": "http://store.is.autonavi.com/showpic/0f1429e5606ddcb211c22aaa18b6748f"}
{"名称": "橙天影城IMAX大学城店", "地址": "大学城中路台北生活广场F4层", "城市": "重庆市", "标签": "体育休闲服务;影剧院;电影院", "区域名称": "沙坪坝区", "经度": 106.306304, "纬度": 29.583596, "电话": NaN, "图片标题1": NaN, "图片地址1": "http://store.is.autonavi.com/showpic/6f5a8d2a20c738931dcde6dabc933f2e", "图片标题2": NaN, "图片地址2": "http://store.is.autonavi.com/showpic/795bcf34126de6e89074fd6832a88b62", "图片标题3": NaN, "图片地址3": NaN}
{"名称": "遇见私人影院", "地址": "虎溪街道沙坪坝区景苑路12号2幢16-19", "城市": "重庆市", "标签": "体育休闲服务;影剧院;电影院", "区域名称": "沙坪坝区", "经度": 106.302504, "纬度": 29.606841, "电话": "023-65175694;023-65220780;13683422122", "图片标题1": NaN, "图片地址1": "http://store.is.autonavi.com/showpic/e35c65719a554b53e0747a43037e54ed", "图片标题2": NaN, "图片地址2": "http://store.is.autonavi.com/showpic/6207e7bd014c93f2cb3c8f95fd238395", "图片标题3": NaN, "图片地址3": "http://store.is.autonavi.com/showpic/1f9ab74076e5eeca0de2703e0f55d4ff"}
{"名称": "猫手私人影院", "地址": "大学城中路34号1栋28-21", "城市": "重庆市", "标签": "体育休闲服务;影剧院;电影院", "区域名称": "沙坪坝区", "经度": 106.308304, "纬度": 29.602033, "电话": "18225363476", "图片标题1": NaN, "图片地址1": "http://store.is.autonavi.com/showpic/8a5bbcff2b183da5357359471cb53c24", "图片标题2": NaN, "图片地址2": "http://store.is.autonavi.com/showpic/3e27cd0cbc26a46fee7c72654c4bcd7e", "图片标题3": NaN, "图片地址3": "http://store.is.autonavi.com/showpic/2a6a5d240efed12a49d4b718068dd412"}
{"名称": "越界影城", "地址": "欣阳广场西北2门旁(重庆大学地铁站3号口步行450米)", "城市": "重庆市", "标签": "体育休闲服务;影剧院;电影院", "区域名称": "沙坪坝区", "经度": 106.462682, "纬度": 29.563875, "电话": NaN, "图片标题1": NaN, "图片地址1": "http://store.is.autonavi.com/showpic/b457ba06ffcab1d918c64224140352df", "图片标题2": NaN, "图片地址2": "http://store.is.autonavi.com/showpic/b457ba06ffcab1d918c64224140352df", "图片标题3": NaN, "图片地址3": "http://store.is.autonavi.com/showpic/e8198dd39c80af305639abe914215976"}
{"名称": "雾社私人影院", "地址": "富力城五星名座1栋11-3", "城市": "重庆市", "标签": "体育休闲服务;影剧院;电影院", "区域名称": "沙坪坝区", "经度": 106.304685, "纬度": 29.600503, "电话": "19122197091", "图片标题1": NaN, "图片地址1": "http://store.is.autonavi.com/showpic/06324ce749c528c6fedfc20f4b950b83", "图片标题2": NaN, "图片地址2": NaN, "图片标题3": NaN, "图片地址3": NaN}
{"名称": "反时针私人影院", "地址": "熙街三期二栋12-14", "城市": "重庆市", "标签": "体育休闲服务;影剧院;电影院", "区域名称": "沙坪坝区", "经度": 106.30258, "纬度": 29.606727, "电话": "023-65057108", "图片标题1": NaN, "图片地址1": "http://store.is.autonavi.com/showpic/ecbaccfd99aeb2a3521745d7f47661d3", "图片标题2": NaN, "图片地址2": "http://store.is.autonavi.com/showpic/9d9f552ec00b7c5a10dd960f300ce4ce", "图片标题3": NaN, "图片地址3": "http://store.is.autonavi.com/showpic/e6f8f8c91a7d1c5a2ddea1a5f2edb8e1"}
{"名称": "华夏星光国际影城(双碑店)", "地址": "双碑轻轨旁的双城天街5层(双碑地铁站2号口步行190米)", "城市": "重庆市", "标签": "体育休闲服务;影剧院;电影院", "区域名称": "沙坪坝区", "经度": 106.444809, "纬度": 29.604359, "电话": "15910559355", "图片标题1": NaN, "图片地址1": "http://store.is.autonavi.com/showpic/5c736721dde4c1fc394cfdbf4c94745c", "图片标题2": NaN, "图片地址2": "http://store.is.autonavi.com/showpic/b0374e1a3826d13eb9c5f5c9629dcc1a", "图片标题3": NaN, "图片地址3": "http://store.is.autonavi.com/showpic/2346eb344c08cb85e365ef214bf14f4c"}
{"名称": "跳叔叔私人影院大学城店", "地址": "大学城熙街三期二栋12-16", "城市": "重庆市", "标签": "体育休闲服务;影剧院;电影院", "区域名称": "沙坪坝区", "经度": 106.302741, "纬度": 29.606703, "电话": "023-86288826", "图片标题1": NaN, "图片地址1": "http://store.is.autonavi.com/showpic/76b23cd92a02c435e71b3341e302a07e", "图片标题2": NaN, "图片地址2": NaN, "图片标题3": NaN, "图片地址3": NaN}
{"名称": "壹伊私人影院(金沙天街店)", "地址": "龙湖光年5号楼25楼16号", "城市": "重庆市", "标签": "体育休闲服务;影剧院;电影院", "区域名称": "沙坪坝区", "经度": 106.463199, "纬度": 29.553817, "电话": "18983485287", "图片标题1": NaN, "图片地址1": "http://store.is.autonavi.com/showpic/f5f5817a2c2e1c96b1670aa4ea2f3d46", "图片标题2": NaN, "图片地址2": "http://store.is.autonavi.com/showpic/649c93cbfb6b4674a5a3c27d21512f72", "图片标题3": NaN, "图片地址3": "http://store.is.autonavi.com/showpic/5932f405c48ccfaaf2044df160c3d328"}
{"名称": "保利万和学府影城(熙街店)", "地址": "大学城美丽熙街二期24号楼2F1027号", "城市": "重庆市", "标签": "体育休闲服务;影剧院;电影院", "区域名称": "沙坪坝区", "经度": 106.302472, "纬度": 29.605004, "电话": "023-65626138", "图片标题1": NaN, "图片地址1": NaN, "图片标题2": NaN, "图片地址2": NaN, "图片标题3": NaN, "图片地址3": NaN}
{"名称": "7D影院(建设中)", "地址": "融创乐园", "城市": "重庆市", "标签": "体育休闲服务;影剧院;电影院", "区域名称": "沙坪坝区", "经度": 106.360871, "纬度": 29.629746, "电话": NaN, "图片标题1": NaN, "图片地址1": NaN, "图片标题2": NaN, "图片地址2": NaN, "图片标题3": NaN, "图片地址3": NaN}
{"名称": "万众国际影城", "地址": "大学城中路46号富力西城广场4层", "城市": "重庆市", "标签": "体育休闲服务;影剧院;电影院", "区域名称": "沙坪坝区", "经度": 106.308378, "纬度": 29.610215, "电话": "023-88625766;023-86918666", "图片标题1": NaN, "图片地址1": "http://store.is.autonavi.com/showpic/eabb1359e1061b796917221f989fdc46", "图片标题2": NaN, "图片地址2": "http://store.is.autonavi.com/showpic/5049aa163b7e3848bfe77c06bde818cc", "图片标题3": NaN, "图片地址3": "http://store.is.autonavi.com/showpic/7ddfe197faeb4cf3416a9c0d53992f3f"}
{"名称": "UME国际影城(重庆融汇温泉店)", "地址": "汇泉路1号负", "城市": "重庆市", "标签": "体育休闲服务;影剧院;电影院", "区域名称": "沙坪坝区", "经度": 106.439198, "纬度": 29.543561, "电话": NaN, "图片标题1": NaN, "图片地址1": "http://store.is.autonavi.com/showpic/0be6cd32b0fdc90dc9be2259b45e2301", "图片标题2": NaN, "图片地址2": NaN, "图片标题3": NaN, "图片地址3": NaN}
{"名称": "申铂国际影城(康居西城店)", "地址": "综保大道欧洲购物公园广场3A栋2层申铂国际影城", "城市": "重庆市", "标签": "体育休闲服务;影剧院;电影院", "区域名称": "沙坪坝区", "经度": 106.314572, "纬度": 29.575491, "电话": NaN, "图片标题1": NaN, "图片地址1": "http://store.is.autonavi.com/showpic/94bcaa440662a24d73995d9218a8b1d6", "图片标题2": NaN, "图片地址2": "http://store.is.autonavi.com/showpic/d832fed299e190c87e3e20257d17614b", "图片标题3": NaN, "图片地址3": "http://store.is.autonavi.com/showpic/b7f2d1cf4cfbea621aff8ec3cd50e49f"}
