{"名称": "重庆广播电视集团(总台)", "地址": "经纬大道北50米", "城市": "重庆市", "标签": "科教文化服务;传媒机构;电视台", "区域名称": "沙坪坝区", "经度": 106.479145, "纬度": 29.543691, "电话": NaN, "图片标题1": NaN, "图片地址1": "http://store.is.autonavi.com/showpic/078aeb3625d536651155ef93304c7674"}
{"名称": "双碑前进坡电视台", "地址": "厂区公路与前进坡交叉口北500米", "城市": "重庆市", "标签": "科教文化服务;传媒机构;电视台", "区域名称": "沙坪坝区", "经度": 106.440492, "纬度": 29.593887, "电话": NaN, "图片标题1": NaN, "图片地址1": NaN}
{"名称": "重庆电视台《五日谈》栏目组", "地址": "小龙坎新街74号金沙国际商务大厦1幢9-10", "城市": "重庆市", "标签": "科教文化服务;传媒机构;电视台", "区域名称": "沙坪坝区", "经度": 106.464012, "纬度": 29.558917, "电话": NaN, "图片标题1": NaN, "图片地址1": NaN}
