{"名称": "绘本馆高考志愿报", "地址": "沙坪坝南街与沙坪坝正街交叉口东南20米", "城市": "重庆市", "标签": "科教文化服务;传媒机构;报社", "区域名称": "沙坪坝区", "经度": 106.4624, "纬度": 29.563145, "电话": NaN, "图片标题1": NaN, "图片地址1": NaN, "图片标题2": NaN, "图片地址2": NaN}
{"名称": "中国青年报重庆大学工作点", "地址": "沙中路与汉渝路立交交叉口西北200米", "城市": "重庆市", "标签": "科教文化服务;传媒机构;报社", "区域名称": "沙坪坝区", "经度": 106.468559, "纬度": 29.561285, "电话": NaN, "图片标题1": NaN, "图片地址1": "http://store.is.autonavi.com/showpic/565689fea3104425a5b6aca0", "图片标题2": NaN, "图片地址2": "http://store.is.autonavi.com/showpic/57173d747ac63a0cf2eaa8cb"}
