{"名称": "重庆市沙坪坝区人民法院", "地址": "都市花园东路18号(天星桥地铁站2号口步行480米)", "城市": "重庆市", "标签": "政府机构及社会团体;公检法机构;法院", "区域名称": "沙坪坝区", "经度": 106.45441, "纬度": 29.54037, "电话": "023-65527221", "图片标题1": NaN, "图片地址1": "http://store.is.autonavi.com/showpic/6a60817d5822868eda12cb8d306d5a6f", "图片标题2": NaN, "图片地址2": "http://store.is.autonavi.com/showpic/666050a394769155e1636173f40f4f6d", "图片标题3": NaN, "图片地址3": "http://store.is.autonavi.com/showpic/557a7d2da3109f1e8a1885de"}
{"名称": "沙区法院执行局", "地址": "都市花园东路18号(高滩岩地铁站4A口步行500米)", "城市": "重庆市", "标签": "政府机构及社会团体;公检法机构;法院", "区域名称": "沙坪坝区", "经度": 106.454333, "纬度": 29.540318, "电话": NaN, "图片标题1": NaN, "图片地址1": NaN, "图片标题2": NaN, "图片地址2": NaN, "图片标题3": NaN, "图片地址3": NaN}
{"名称": "沙坪坝区人民法院陈家桥人民法庭", "地址": "桥北一路6号", "城市": "重庆市", "标签": "政府机构及社会团体;公检法机构;法院", "区域名称": "沙坪坝区", "经度": 106.333918, "纬度": 29.622457, "电话": "023-65065118;023-65633177", "图片标题1": NaN, "图片地址1": "http://store.is.autonavi.com/showpic/37f23fddb83dd7825599f5a84573f6ed", "图片标题2": NaN, "图片地址2": NaN, "图片标题3": NaN, "图片地址3": NaN}
{"名称": "沙坪坝区人民法院便民诉讼服务中心", "地址": "临江苑2期西南门旁(天星桥地铁站2号口步行410米)", "城市": "重庆市", "标签": "政府机构及社会团体;公检法机构;法院", "区域名称": "沙坪坝区", "经度": 106.454864, "纬度": 29.540817, "电话": NaN, "图片标题1": NaN, "图片地址1": "http://store.is.autonavi.com/showpic/a36592c24537cf19d35dab7e4f6530d3", "图片标题2": NaN, "图片地址2": NaN, "图片标题3": NaN, "图片地址3": NaN}
