{"名称": "重庆市沙坪坝区人民检察院", "地址": "天星桥街道凤天大道12号(天星桥地铁站2号口步行380米)", "城市": "重庆市", "标签": "政府机构及社会团体;公检法机构;检察院", "区域名称": "沙坪坝区", "经度": 106.455882, "纬度": 29.540328, "电话": "023-65313757", "图片标题1": NaN, "图片地址1": "http://store.is.autonavi.com/showpic/a23acae6e11e117d29680226a599710c", "图片标题2": NaN, "图片地址2": "http://store.is.autonavi.com/showpic/74262becb1bc66dd8644c52a397e2779", "图片标题3": NaN, "图片地址3": "http://store.is.autonavi.com/showpic/57173da77ac63a0cf2eac806"}
{"名称": "沙坪坝区人民检察院12309检察服务中心", "地址": "凤天大道12-13号附近(天星桥地铁站2号口步行400米)", "城市": "重庆市", "标签": "政府机构及社会团体;公检法机构;检察院", "区域名称": "沙坪坝区", "经度": 106.455551, "纬度": 29.540211, "电话": NaN, "图片标题1": NaN, "图片地址1": "http://store.is.autonavi.com/showpic/3dcc8e987134f4e5044c71ce69f208cc", "图片标题2": NaN, "图片地址2": NaN, "图片标题3": NaN, "图片地址3": NaN}
{"名称": "沙坪坝区司法局覃家岗司法所", "地址": "天星桥正街", "城市": "重庆市", "标签": "政府机构及社会团体;公检法机构;检察院", "区域名称": "沙坪坝区", "经度": 106.45543, "纬度": 29.543281, "电话": NaN, "图片标题1": NaN, "图片地址1": "http://store.is.autonavi.com/showpic/55dea411a31051576112a727", "图片标题2": NaN, "图片地址2": "http://store.is.autonavi.com/showpic/5680f910a3104d32a824a53e", "图片标题3": NaN, "图片地址3": "http://store.is.autonavi.com/showpic/557a979ca3109f1e8a194f9a"}
{"名称": "沙坪坝区人民检察院案件管理中心", "地址": "凤天大道12-13号重庆市沙坪坝区人民检察院", "城市": "重庆市", "标签": "政府机构及社会团体;公检法机构;检察院", "区域名称": "沙坪坝区", "经度": 106.455521, "纬度": 29.540164, "电话": NaN, "图片标题1": NaN, "图片地址1": "http://store.is.autonavi.com/showpic/557a7d2da3109f1e8a188609", "图片标题2": NaN, "图片地址2": NaN, "图片标题3": NaN, "图片地址3": NaN}
{"名称": "沙坪坝区人民检察院控告申诉接待大厅", "地址": "凤天大道12号重庆市沙坪坝区人民检察院", "城市": "重庆市", "标签": "政府机构及社会团体;公检法机构;检察院", "区域名称": "沙坪坝区", "经度": 106.455543, "纬度": 29.540271, "电话": NaN, "图片标题1": NaN, "图片地址1": "http://store.is.autonavi.com/showpic/557a7d2da3109f1e8a18860d", "图片标题2": NaN, "图片地址2": "http://store.is.autonavi.com/showpic/55de9d62a310515761129a97", "图片标题3": NaN, "图片地址3": "http://store.is.autonavi.com/showpic/5682500ca310b8c53dfbf745"}
{"名称": "重庆市沙坪坝区人民检察院举报中心", "地址": "凤天大道12号重庆市沙坪坝区人民检察院", "城市": "重庆市", "标签": "政府机构及社会团体;公检法机构;检察院", "区域名称": "沙坪坝区", "经度": 106.455544, "纬度": 29.540272, "电话": NaN, "图片标题1": NaN, "图片地址1": "http://store.is.autonavi.com/showpic/3f6aab129e241cb6696b447b5e35e1f6", "图片标题2": NaN, "图片地址2": "http://store.is.autonavi.com/showpic/55de9d62a310515761129a99", "图片标题3": NaN, "图片地址3": "http://store.is.autonavi.com/showpic/5682500ca310b8c53dfbf749"}
