{"名称": "重庆市公安局沙坪坝区分局", "地址": "都市花园东路7号", "城市": "重庆市", "标签": "政府机构及社会团体;公检法机构;公安警察", "区域名称": "沙坪坝区", "经度": 106.455975, "纬度": 29.541912, "电话": "023-63755470", "图片标题1": NaN, "图片地址1": "http://store.is.autonavi.com/showpic/6c3f6ffaedf42795a8212f23e625f42e", "图片标题2": NaN, "图片地址2": "http://store.is.autonavi.com/showpic/b25553e0591632f325009d36624aeb2e", "图片标题3": NaN, "图片地址3": NaN}
{"名称": "新桥派出所", "地址": "新桥新村1号", "城市": "重庆市", "标签": "政府机构及社会团体;公检法机构;公安警察", "区域名称": "沙坪坝区", "经度": 106.440447, "纬度": 29.523985, "电话": "023-65211379", "图片标题1": NaN, "图片地址1": "http://store.is.autonavi.com/showpic/5abfb37eedbed7f7460e91af18a0c2e5", "图片标题2": NaN, "图片地址2": "http://store.is.autonavi.com/showpic/de8ac52c952c970d962d61138f368f85", "图片标题3": NaN, "图片地址3": NaN}
{"名称": "沙坪坝派出所", "地址": "沙正街71号(重庆大学地铁站3号口步行270米)", "城市": "重庆市", "标签": "政府机构及社会团体;公检法机构;公安警察", "区域名称": "沙坪坝区", "经度": 106.463, "纬度": 29.565479, "电话": "023-65318169", "图片标题1": NaN, "图片地址1": "http://store.is.autonavi.com/showpic/1952c8c5e0cf7167997472058cf2ed0f", "图片标题2": NaN, "图片地址2": "http://store.is.autonavi.com/showpic/c86e1bad81cd670941b60db044c96ecb", "图片标题3": NaN, "图片地址3": NaN}
{"名称": "陈家桥派出所", "地址": "陈青路163号", "城市": "重庆市", "标签": "政府机构及社会团体;公检法机构;公安警察", "区域名称": "沙坪坝区", "经度": 106.333021, "纬度": 29.619402, "电话": "023-65633179", "图片标题1": NaN, "图片地址1": "http://store.is.autonavi.com/showpic/92c9e03fc985344be1fcd7594a76d4ea", "图片标题2": NaN, "图片地址2": "http://store.is.autonavi.com/showpic/2247ef3d3dfd2fdb3f1501cca7012622", "图片标题3": NaN, "图片地址3": NaN}
{"名称": "回龙坝派出所", "地址": "回龙北街19号", "城市": "重庆市", "标签": "政府机构及社会团体;公检法机构;公安警察", "区域名称": "沙坪坝区", "经度": 106.383428, "纬度": 29.70496, "电话": "023-65002110", "图片标题1": NaN, "图片地址1": "http://store.is.autonavi.com/showpic/12dc038d626f54cc396c8b1756d1037c", "图片标题2": NaN, "图片地址2": NaN, "图片标题3": NaN, "图片地址3": NaN}
{"名称": "西永派出所", "地址": "西永街道西永路317号", "城市": "重庆市", "标签": "政府机构及社会团体;公检法机构;公安警察", "区域名称": "沙坪坝区", "经度": 106.377701, "纬度": 29.595787, "电话": "023-65660345", "图片标题1": NaN, "图片地址1": "http://store.is.autonavi.com/showpic/fc72e2b03f94b0f61d92167e9a335ef4", "图片标题2": NaN, "图片地址2": NaN, "图片标题3": NaN, "图片地址3": NaN}
{"名称": "凤凰派出所(青北路)", "地址": "凤凰镇", "城市": "重庆市", "标签": "政府机构及社会团体;公检法机构;公安警察", "区域名称": "沙坪坝区", "经度": 106.315952, "纬度": 29.686246, "电话": "023-65600432", "图片标题1": NaN, "图片地址1": "http://store.is.autonavi.com/showpic/3bd816b8ea53566d25d039b92c5d4221", "图片标题2": NaN, "图片地址2": "http://store.is.autonavi.com/showpic/038706d9db053421857b5894e61cdbf8", "图片标题3": NaN, "图片地址3": "http://store.is.autonavi.com/showpic/b136a1bffde12b7c67ce17e00b64ff90"}
{"名称": "重庆市警察协会巡特警专业委员会", "地址": "联芳桥14号", "城市": "重庆市", "标签": "政府机构及社会团体;公检法机构;公安警察", "区域名称": "沙坪坝区", "经度": 106.478518, "纬度": 29.537807, "电话": NaN, "图片标题1": NaN, "图片地址1": "http://store.is.autonavi.com/showpic/568ce01da310f9ed880de3b4", "图片标题2": NaN, "图片地址2": "http://store.is.autonavi.com/showpic/70ac634a4e3b0f1c63a5f59cfb5a4a9c", "图片标题3": NaN, "图片地址3": NaN}
{"名称": "松山治安派出所", "地址": "政法三村", "城市": "重庆市", "标签": "政府机构及社会团体;公检法机构;公安警察", "区域名称": "沙坪坝区", "经度": 106.442043, "纬度": 29.572082, "电话": NaN, "图片标题1": NaN, "图片地址1": NaN, "图片标题2": NaN, "图片地址2": NaN, "图片标题3": NaN, "图片地址3": NaN}
{"名称": "重庆市公安局特训基地", "地址": "大学城北一路与大学城东路交叉口西260米", "城市": "重庆市", "标签": "政府机构及社会团体;公检法机构;公安警察", "区域名称": "沙坪坝区", "经度": 106.320028, "纬度": 29.628726, "电话": NaN, "图片标题1": NaN, "图片地址1": NaN, "图片标题2": NaN, "图片地址2": NaN, "图片标题3": NaN, "图片地址3": NaN}
{"名称": "公安值班室", "地址": "重庆西站-1F(重庆西站地铁站2号口步行140米)", "城市": "重庆市", "标签": "政府机构及社会团体;公检法机构;公安警察", "区域名称": "沙坪坝区", "经度": 106.437853, "纬度": 29.500576, "电话": NaN, "图片标题1": NaN, "图片地址1": NaN, "图片标题2": NaN, "图片地址2": NaN, "图片标题3": NaN, "图片地址3": NaN}
{"名称": "新立社区大川警务室", "地址": "天马路(天星桥地铁站3号口步行400米)", "城市": "重庆市", "标签": "政府机构及社会团体;公检法机构;公安警察", "区域名称": "沙坪坝区", "经度": 106.461475, "纬度": 29.54086, "电话": NaN, "图片标题1": NaN, "图片地址1": NaN, "图片标题2": NaN, "图片地址2": NaN, "图片标题3": NaN, "图片地址3": NaN}
{"名称": "三峡广场派出所", "地址": "沙坪坝站-1F(沙坪坝地铁站5号口步行160米)", "城市": "重庆市", "标签": "政府机构及社会团体;公检法机构;公安警察", "区域名称": "沙坪坝区", "经度": 106.460047, "纬度": 29.55476, "电话": NaN, "图片标题1": NaN, "图片地址1": NaN, "图片标题2": NaN, "图片地址2": NaN, "图片标题3": NaN, "图片地址3": NaN}
{"名称": "公安派出所", "地址": "新桥新村1号", "城市": "重庆市", "标签": "政府机构及社会团体;公检法机构;公安警察", "区域名称": "沙坪坝区", "经度": 106.44332, "纬度": 29.527899, "电话": "023-65211379", "图片标题1": NaN, "图片地址1": "http://store.is.autonavi.com/showpic/e98cf7a29e5971e30f784549c73da79b", "图片标题2": NaN, "图片地址2": NaN, "图片标题3": NaN, "图片地址3": NaN}
{"名称": "覃家岗派出所", "地址": "天马路181号", "城市": "重庆市", "标签": "政府机构及社会团体;公检法机构;公安警察", "区域名称": "沙坪坝区", "经度": 106.455739, "纬度": 29.543554, "电话": "023-61708969;023-65313430", "图片标题1": NaN, "图片地址1": "http://store.is.autonavi.com/showpic/5072fd7eb6abb966a7d355382c7a3026", "图片标题2": NaN, "图片地址2": "http://store.is.autonavi.com/showpic/557a97a6a3109f1e8a19539f", "图片标题3": NaN, "图片地址3": NaN}
{"名称": "兴隆场车站派出所", "地址": "兴隆西路与兴隆三路交叉口南160米", "城市": "重庆市", "标签": "政府机构及社会团体;公检法机构;公安警察", "区域名称": "沙坪坝区", "经度": 106.387219, "纬度": 29.701401, "电话": NaN, "图片标题1": NaN, "图片地址1": "http://store.is.autonavi.com/showpic/b2bb9684980234a7ee5106de0df3eb45", "图片标题2": NaN, "图片地址2": NaN, "图片标题3": NaN, "图片地址3": NaN}
{"名称": "丰文派出所", "地址": "丰盛路99号", "城市": "重庆市", "标签": "政府机构及社会团体;公检法机构;公安警察", "区域名称": "沙坪坝区", "经度": 106.332592, "纬度": 29.627536, "电话": "023-65661683", "图片标题1": NaN, "图片地址1": NaN, "图片标题2": NaN, "图片地址2": NaN, "图片标题3": NaN, "图片地址3": NaN}
{"名称": "沙坪坝公安局指挥大楼", "地址": "都市花园7号(天星桥地铁站2号口步行490米)", "城市": "重庆市", "标签": "政府机构及社会团体;公检法机构;公安警察", "区域名称": "沙坪坝区", "经度": 106.456019, "纬度": 29.542092, "电话": NaN, "图片标题1": NaN, "图片地址1": NaN, "图片标题2": NaN, "图片地址2": NaN, "图片标题3": NaN, "图片地址3": NaN}
{"名称": "公安4(重庆西站)", "地址": "新桥街道凤中路168号重庆西站B1层", "城市": "重庆市", "标签": "政府机构及社会团体;公检法机构;公安警察", "区域名称": "沙坪坝区", "经度": 106.438616, "纬度": 29.500754, "电话": NaN, "图片标题1": NaN, "图片地址1": NaN, "图片标题2": NaN, "图片地址2": NaN, "图片标题3": NaN, "图片地址3": NaN}
{"名称": "公安6(重庆西站)", "地址": "新桥街道凤中路168号重庆西站B2层", "城市": "重庆市", "标签": "政府机构及社会团体;公检法机构;公安警察", "区域名称": "沙坪坝区", "经度": 106.438324, "纬度": 29.500773, "电话": NaN, "图片标题1": NaN, "图片地址1": NaN, "图片标题2": NaN, "图片地址2": NaN, "图片标题3": NaN, "图片地址3": NaN}
{"名称": "虎溪派出所", "地址": "学城大道196号", "城市": "重庆市", "标签": "政府机构及社会团体;公检法机构;公安警察", "区域名称": "沙坪坝区", "经度": 106.334775, "纬度": 29.599028, "电话": "023-65620384", "图片标题1": NaN, "图片地址1": "http://store.is.autonavi.com/showpic/ba91859b52e28e4606c0b699b08f09da", "图片标题2": NaN, "图片地址2": NaN, "图片标题3": NaN, "图片地址3": NaN}
{"名称": "香炉山派出所", "地址": "好德医院上面", "城市": "重庆市", "标签": "政府机构及社会团体;公检法机构;公安警察", "区域名称": "沙坪坝区", "经度": 106.311418, "纬度": 29.579204, "电话": NaN, "图片标题1": NaN, "图片地址1": "http://store.is.autonavi.com/showpic/c5306a675bc6d995d350eec18450bd12", "图片标题2": NaN, "图片地址2": NaN, "图片标题3": NaN, "图片地址3": NaN}
{"名称": "井口派出所", "地址": "井源路", "城市": "重庆市", "标签": "政府机构及社会团体;公检法机构;公安警察", "区域名称": "沙坪坝区", "经度": 106.445952, "纬度": 29.644207, "电话": "023-65183972", "图片标题1": NaN, "图片地址1": "http://store.is.autonavi.com/showpic/554d3ac8e3b35079f628d53d6cec548c", "图片标题2": NaN, "图片地址2": NaN, "图片标题3": NaN, "图片地址3": NaN}
{"名称": "公安值班室", "地址": "重庆西站B1层(重庆西站地铁站4号口步行260米)", "城市": "重庆市", "标签": "政府机构及社会团体;公检法机构;公安警察", "区域名称": "沙坪坝区", "经度": 106.438457, "纬度": 29.500955, "电话": NaN, "图片标题1": NaN, "图片地址1": NaN, "图片标题2": NaN, "图片地址2": NaN, "图片标题3": NaN, "图片地址3": NaN}
{"名称": "覃家岗派出所公路巡逻队", "地址": "覃家岗步行街与都市花园东路交叉口西100米", "城市": "重庆市", "标签": "政府机构及社会团体;公检法机构;公安警察", "区域名称": "沙坪坝区", "经度": 106.455749, "纬度": 29.543682, "电话": NaN, "图片标题1": NaN, "图片地址1": "http://store.is.autonavi.com/showpic/57173dd97ac63a0cf2ead42f", "图片标题2": NaN, "图片地址2": "http://store.is.autonavi.com/showpic/5680f910a3104d32a824a556", "图片标题3": NaN, "图片地址3": "http://store.is.autonavi.com/showpic/57173dd97ac63a0cf2ead42d"}
{"名称": "重庆市公安局沙坪坝区分局", "地址": "都市花园东路7号", "城市": "重庆市", "标签": "政府机构及社会团体;公检法机构;公安警察", "区域名称": "沙坪坝区", "经度": 106.455975, "纬度": 29.541912, "电话": "023-63755470", "图片标题1": NaN, "图片地址1": "http://store.is.autonavi.com/showpic/6c3f6ffaedf42795a8212f23e625f42e", "图片标题2": NaN, "图片地址2": "http://store.is.autonavi.com/showpic/b25553e0591632f325009d36624aeb2e", "图片标题3": NaN, "图片地址3": NaN}
{"名称": "新桥派出所", "地址": "新桥新村1号", "城市": "重庆市", "标签": "政府机构及社会团体;公检法机构;公安警察", "区域名称": "沙坪坝区", "经度": 106.440447, "纬度": 29.523985, "电话": "023-65211379", "图片标题1": NaN, "图片地址1": "http://store.is.autonavi.com/showpic/5abfb37eedbed7f7460e91af18a0c2e5", "图片标题2": NaN, "图片地址2": "http://store.is.autonavi.com/showpic/de8ac52c952c970d962d61138f368f85", "图片标题3": NaN, "图片地址3": NaN}
{"名称": "沙坪坝派出所", "地址": "沙正街71号(重庆大学地铁站3号口步行270米)", "城市": "重庆市", "标签": "政府机构及社会团体;公检法机构;公安警察", "区域名称": "沙坪坝区", "经度": 106.463, "纬度": 29.565479, "电话": "023-65318169", "图片标题1": NaN, "图片地址1": "http://store.is.autonavi.com/showpic/1952c8c5e0cf7167997472058cf2ed0f", "图片标题2": NaN, "图片地址2": "http://store.is.autonavi.com/showpic/c86e1bad81cd670941b60db044c96ecb", "图片标题3": NaN, "图片地址3": NaN}
{"名称": "陈家桥派出所", "地址": "陈青路163号", "城市": "重庆市", "标签": "政府机构及社会团体;公检法机构;公安警察", "区域名称": "沙坪坝区", "经度": 106.333021, "纬度": 29.619402, "电话": "023-65633179", "图片标题1": NaN, "图片地址1": "http://store.is.autonavi.com/showpic/92c9e03fc985344be1fcd7594a76d4ea", "图片标题2": NaN, "图片地址2": "http://store.is.autonavi.com/showpic/2247ef3d3dfd2fdb3f1501cca7012622", "图片标题3": NaN, "图片地址3": NaN}
{"名称": "回龙坝派出所", "地址": "回龙北街19号", "城市": "重庆市", "标签": "政府机构及社会团体;公检法机构;公安警察", "区域名称": "沙坪坝区", "经度": 106.383428, "纬度": 29.70496, "电话": "023-65002110", "图片标题1": NaN, "图片地址1": "http://store.is.autonavi.com/showpic/12dc038d626f54cc396c8b1756d1037c", "图片标题2": NaN, "图片地址2": NaN, "图片标题3": NaN, "图片地址3": NaN}
{"名称": "西永派出所", "地址": "西永街道西永路317号", "城市": "重庆市", "标签": "政府机构及社会团体;公检法机构;公安警察", "区域名称": "沙坪坝区", "经度": 106.377701, "纬度": 29.595787, "电话": "023-65660345", "图片标题1": NaN, "图片地址1": "http://store.is.autonavi.com/showpic/fc72e2b03f94b0f61d92167e9a335ef4", "图片标题2": NaN, "图片地址2": NaN, "图片标题3": NaN, "图片地址3": NaN}
{"名称": "凤凰派出所(青北路)", "地址": "凤凰镇", "城市": "重庆市", "标签": "政府机构及社会团体;公检法机构;公安警察", "区域名称": "沙坪坝区", "经度": 106.315952, "纬度": 29.686246, "电话": "023-65600432", "图片标题1": NaN, "图片地址1": "http://store.is.autonavi.com/showpic/3bd816b8ea53566d25d039b92c5d4221", "图片标题2": NaN, "图片地址2": "http://store.is.autonavi.com/showpic/038706d9db053421857b5894e61cdbf8", "图片标题3": NaN, "图片地址3": "http://store.is.autonavi.com/showpic/b136a1bffde12b7c67ce17e00b64ff90"}
{"名称": "重庆市警察协会巡特警专业委员会", "地址": "联芳桥14号", "城市": "重庆市", "标签": "政府机构及社会团体;公检法机构;公安警察", "区域名称": "沙坪坝区", "经度": 106.478518, "纬度": 29.537807, "电话": NaN, "图片标题1": NaN, "图片地址1": "http://store.is.autonavi.com/showpic/568ce01da310f9ed880de3b4", "图片标题2": NaN, "图片地址2": "http://store.is.autonavi.com/showpic/70ac634a4e3b0f1c63a5f59cfb5a4a9c", "图片标题3": NaN, "图片地址3": NaN}
{"名称": "松山治安派出所", "地址": "政法三村", "城市": "重庆市", "标签": "政府机构及社会团体;公检法机构;公安警察", "区域名称": "沙坪坝区", "经度": 106.442043, "纬度": 29.572082, "电话": NaN, "图片标题1": NaN, "图片地址1": NaN, "图片标题2": NaN, "图片地址2": NaN, "图片标题3": NaN, "图片地址3": NaN}
{"名称": "重庆市公安局特训基地", "地址": "大学城北一路与大学城东路交叉口西260米", "城市": "重庆市", "标签": "政府机构及社会团体;公检法机构;公安警察", "区域名称": "沙坪坝区", "经度": 106.320028, "纬度": 29.628726, "电话": NaN, "图片标题1": NaN, "图片地址1": NaN, "图片标题2": NaN, "图片地址2": NaN, "图片标题3": NaN, "图片地址3": NaN}
{"名称": "公安值班室", "地址": "重庆西站-1F(重庆西站地铁站2号口步行140米)", "城市": "重庆市", "标签": "政府机构及社会团体;公检法机构;公安警察", "区域名称": "沙坪坝区", "经度": 106.437853, "纬度": 29.500576, "电话": NaN, "图片标题1": NaN, "图片地址1": NaN, "图片标题2": NaN, "图片地址2": NaN, "图片标题3": NaN, "图片地址3": NaN}
{"名称": "新立社区大川警务室", "地址": "天马路(天星桥地铁站3号口步行400米)", "城市": "重庆市", "标签": "政府机构及社会团体;公检法机构;公安警察", "区域名称": "沙坪坝区", "经度": 106.461475, "纬度": 29.54086, "电话": NaN, "图片标题1": NaN, "图片地址1": NaN, "图片标题2": NaN, "图片地址2": NaN, "图片标题3": NaN, "图片地址3": NaN}
{"名称": "三峡广场派出所", "地址": "沙坪坝站-1F(沙坪坝地铁站5号口步行160米)", "城市": "重庆市", "标签": "政府机构及社会团体;公检法机构;公安警察", "区域名称": "沙坪坝区", "经度": 106.460047, "纬度": 29.55476, "电话": NaN, "图片标题1": NaN, "图片地址1": NaN, "图片标题2": NaN, "图片地址2": NaN, "图片标题3": NaN, "图片地址3": NaN}
{"名称": "公安派出所", "地址": "新桥新村1号", "城市": "重庆市", "标签": "政府机构及社会团体;公检法机构;公安警察", "区域名称": "沙坪坝区", "经度": 106.44332, "纬度": 29.527899, "电话": "023-65211379", "图片标题1": NaN, "图片地址1": "http://store.is.autonavi.com/showpic/e98cf7a29e5971e30f784549c73da79b", "图片标题2": NaN, "图片地址2": NaN, "图片标题3": NaN, "图片地址3": NaN}
{"名称": "覃家岗派出所", "地址": "天马路181号", "城市": "重庆市", "标签": "政府机构及社会团体;公检法机构;公安警察", "区域名称": "沙坪坝区", "经度": 106.455739, "纬度": 29.543554, "电话": "023-61708969;023-65313430", "图片标题1": NaN, "图片地址1": "http://store.is.autonavi.com/showpic/5072fd7eb6abb966a7d355382c7a3026", "图片标题2": NaN, "图片地址2": "http://store.is.autonavi.com/showpic/557a97a6a3109f1e8a19539f", "图片标题3": NaN, "图片地址3": NaN}
{"名称": "兴隆场车站派出所", "地址": "兴隆西路与兴隆三路交叉口南160米", "城市": "重庆市", "标签": "政府机构及社会团体;公检法机构;公安警察", "区域名称": "沙坪坝区", "经度": 106.387219, "纬度": 29.701401, "电话": NaN, "图片标题1": NaN, "图片地址1": "http://store.is.autonavi.com/showpic/b2bb9684980234a7ee5106de0df3eb45", "图片标题2": NaN, "图片地址2": NaN, "图片标题3": NaN, "图片地址3": NaN}
{"名称": "丰文派出所", "地址": "丰盛路99号", "城市": "重庆市", "标签": "政府机构及社会团体;公检法机构;公安警察", "区域名称": "沙坪坝区", "经度": 106.332592, "纬度": 29.627536, "电话": "023-65661683", "图片标题1": NaN, "图片地址1": NaN, "图片标题2": NaN, "图片地址2": NaN, "图片标题3": NaN, "图片地址3": NaN}
{"名称": "沙坪坝公安局指挥大楼", "地址": "都市花园7号(天星桥地铁站2号口步行490米)", "城市": "重庆市", "标签": "政府机构及社会团体;公检法机构;公安警察", "区域名称": "沙坪坝区", "经度": 106.456019, "纬度": 29.542092, "电话": NaN, "图片标题1": NaN, "图片地址1": NaN, "图片标题2": NaN, "图片地址2": NaN, "图片标题3": NaN, "图片地址3": NaN}
{"名称": "公安4(重庆西站)", "地址": "新桥街道凤中路168号重庆西站B1层", "城市": "重庆市", "标签": "政府机构及社会团体;公检法机构;公安警察", "区域名称": "沙坪坝区", "经度": 106.438616, "纬度": 29.500754, "电话": NaN, "图片标题1": NaN, "图片地址1": NaN, "图片标题2": NaN, "图片地址2": NaN, "图片标题3": NaN, "图片地址3": NaN}
{"名称": "公安6(重庆西站)", "地址": "新桥街道凤中路168号重庆西站B2层", "城市": "重庆市", "标签": "政府机构及社会团体;公检法机构;公安警察", "区域名称": "沙坪坝区", "经度": 106.438324, "纬度": 29.500773, "电话": NaN, "图片标题1": NaN, "图片地址1": NaN, "图片标题2": NaN, "图片地址2": NaN, "图片标题3": NaN, "图片地址3": NaN}
{"名称": "虎溪派出所", "地址": "学城大道196号", "城市": "重庆市", "标签": "政府机构及社会团体;公检法机构;公安警察", "区域名称": "沙坪坝区", "经度": 106.334775, "纬度": 29.599028, "电话": "023-65620384", "图片标题1": NaN, "图片地址1": "http://store.is.autonavi.com/showpic/ba91859b52e28e4606c0b699b08f09da", "图片标题2": NaN, "图片地址2": NaN, "图片标题3": NaN, "图片地址3": NaN}
{"名称": "香炉山派出所", "地址": "好德医院上面", "城市": "重庆市", "标签": "政府机构及社会团体;公检法机构;公安警察", "区域名称": "沙坪坝区", "经度": 106.311418, "纬度": 29.579204, "电话": NaN, "图片标题1": NaN, "图片地址1": "http://store.is.autonavi.com/showpic/c5306a675bc6d995d350eec18450bd12", "图片标题2": NaN, "图片地址2": NaN, "图片标题3": NaN, "图片地址3": NaN}
{"名称": "井口派出所", "地址": "井源路", "城市": "重庆市", "标签": "政府机构及社会团体;公检法机构;公安警察", "区域名称": "沙坪坝区", "经度": 106.445952, "纬度": 29.644207, "电话": "023-65183972", "图片标题1": NaN, "图片地址1": "http://store.is.autonavi.com/showpic/554d3ac8e3b35079f628d53d6cec548c", "图片标题2": NaN, "图片地址2": NaN, "图片标题3": NaN, "图片地址3": NaN}
{"名称": "公安值班室", "地址": "重庆西站B1层(重庆西站地铁站4号口步行260米)", "城市": "重庆市", "标签": "政府机构及社会团体;公检法机构;公安警察", "区域名称": "沙坪坝区", "经度": 106.438457, "纬度": 29.500955, "电话": NaN, "图片标题1": NaN, "图片地址1": NaN, "图片标题2": NaN, "图片地址2": NaN, "图片标题3": NaN, "图片地址3": NaN}
{"名称": "覃家岗派出所公路巡逻队", "地址": "覃家岗步行街与都市花园东路交叉口西100米", "城市": "重庆市", "标签": "政府机构及社会团体;公检法机构;公安警察", "区域名称": "沙坪坝区", "经度": 106.455749, "纬度": 29.543682, "电话": NaN, "图片标题1": NaN, "图片地址1": "http://store.is.autonavi.com/showpic/57173dd97ac63a0cf2ead42f", "图片标题2": NaN, "图片地址2": "http://store.is.autonavi.com/showpic/5680f910a3104d32a824a556", "图片标题3": NaN, "图片地址3": "http://store.is.autonavi.com/showpic/57173dd97ac63a0cf2ead42d"}
{"名称": "新桥派出所西南医院警务室", "地址": "高滩岩正街30号西南医院附近", "城市": "重庆市", "标签": "政府机构及社会团体;公检法机构;公安警察", "区域名称": "沙坪坝区", "经度": 106.452521, "纬度": 29.536469, "电话": "023-68766110", "图片标题1": NaN, "图片地址1": "http://store.is.autonavi.com/showpic/03a6d848af9df5831cd653a58267aff9", "图片标题2": NaN, "图片地址2": NaN, "图片标题3": NaN, "图片地址3": NaN}
{"名称": "公安3(重庆西站)", "地址": "新桥街道凤中路168号重庆西站B1层", "城市": "重庆市", "标签": "政府机构及社会团体;公检法机构;公安警察", "区域名称": "沙坪坝区", "经度": 106.438474, "纬度": 29.499717, "电话": NaN, "图片标题1": NaN, "图片地址1": NaN, "图片标题2": NaN, "图片地址2": NaN, "图片标题3": NaN, "图片地址3": NaN}
{"名称": "公安5(重庆西站)", "地址": "新桥街道凤中路168号重庆西站B2层", "城市": "重庆市", "标签": "政府机构及社会团体;公检法机构;公安警察", "区域名称": "沙坪坝区", "经度": 106.43819, "纬度": 29.499753, "电话": NaN, "图片标题1": NaN, "图片地址1": NaN, "图片标题2": NaN, "图片地址2": NaN, "图片标题3": NaN, "图片地址3": NaN}
{"名称": "公安值班室", "地址": "重庆西站-2F通道内(重庆西站地铁站2号口步行480米)", "城市": "重庆市", "标签": "政府机构及社会团体;公检法机构;公安警察|室内设施;室内设施;室内设施", "区域名称": "沙坪坝区", "经度": 106.434994, "纬度": 29.499768, "电话": NaN, "图片标题1": NaN, "图片地址1": NaN, "图片标题2": NaN, "图片地址2": NaN, "图片标题3": NaN, "图片地址3": NaN}
{"名称": "陈家桥派出所户口证件办理室", "地址": "陈青路163号", "城市": "重庆市", "标签": "政府机构及社会团体;公检法机构;公安警察", "区域名称": "沙坪坝区", "经度": 106.333142, "纬度": 29.619253, "电话": NaN, "图片标题1": NaN, "图片地址1": "http://store.is.autonavi.com/showpic/e8d8e01cc931ac8e2b2728d65354a133", "图片标题2": NaN, "图片地址2": "http://store.is.autonavi.com/showpic/adb74559dd21cbced0b0be1f16bfdc09", "图片标题3": NaN, "图片地址3": NaN}
{"名称": "重庆市沙坪坝区森林公安局", "地址": "杨梨路57号区农委8楼(杨公桥地铁站1B口步行470米)", "城市": "重庆市", "标签": "政府机构及社会团体;公检法机构;公安警察", "区域名称": "沙坪坝区", "经度": 106.447099, "纬度": 29.560539, "电话": NaN, "图片标题1": NaN, "图片地址1": NaN, "图片标题2": NaN, "图片地址2": NaN, "图片标题3": NaN, "图片地址3": NaN}
{"名称": "天星桥派出所办证厅", "地址": "天鑫花园西南门西南60米(高滩岩地铁站3A口步行210米)", "城市": "重庆市", "标签": "政府机构及社会团体;公检法机构;公安警察", "区域名称": "沙坪坝区", "经度": 106.451564, "纬度": 29.538078, "电话": NaN, "图片标题1": NaN, "图片地址1": "http://store.is.autonavi.com/showpic/42a611f8aa984e7c04ff555274d90aa4", "图片标题2": NaN, "图片地址2": NaN, "图片标题3": NaN, "图片地址3": NaN}
{"名称": "小龙坎派出所", "地址": "小龙坎正街102号(小龙坎地铁站4A口步行210米)", "城市": "重庆市", "标签": "政府机构及社会团体;公检法机构;公安警察", "区域名称": "沙坪坝区", "经度": 106.465719, "纬度": 29.55306, "电话": "023-65312234", "图片标题1": NaN, "图片地址1": NaN, "图片标题2": NaN, "图片地址2": NaN, "图片标题3": NaN, "图片地址3": NaN}
{"名称": "双碑派出所", "地址": "双碑街道大石村666号", "城市": "重庆市", "标签": "政府机构及社会团体;公检法机构;公安警察", "区域名称": "沙坪坝区", "经度": 106.45052, "纬度": 29.611269, "电话": "023-65199871", "图片标题1": NaN, "图片地址1": "http://store.is.autonavi.com/showpic/fac75cb369446db4695e51da40ce6b65", "图片标题2": NaN, "图片地址2": NaN, "图片标题3": NaN, "图片地址3": NaN}
{"名称": "土湾派出所接处警大厅", "地址": "胜利村西南侧60米", "城市": "重庆市", "标签": "政府机构及社会团体;公检法机构;公安警察", "区域名称": "沙坪坝区", "经度": 106.47736, "纬度": 29.553864, "电话": NaN, "图片标题1": NaN, "图片地址1": NaN, "图片标题2": NaN, "图片地址2": NaN, "图片标题3": NaN, "图片地址3": NaN}
{"名称": "丰文派出所筹备工作组", "地址": "陈家桥派出所东北门旁", "城市": "重庆市", "标签": "政府机构及社会团体;公检法机构;公安警察", "区域名称": "沙坪坝区", "经度": 106.333164, "纬度": 29.619295, "电话": NaN, "图片标题1": NaN, "图片地址1": "http://store.is.autonavi.com/showpic/f164ac8ee5ed6be2009a448e83383933", "图片标题2": NaN, "图片地址2": NaN, "图片标题3": NaN, "图片地址3": NaN}
{"名称": "万泽医院警务室", "地址": "经纬大道与显丰大道交叉口西60米", "城市": "重庆市", "标签": "政府机构及社会团体;公检法机构;公安警察", "区域名称": "沙坪坝区", "经度": 106.471947, "纬度": 29.541056, "电话": NaN, "图片标题1": NaN, "图片地址1": NaN, "图片标题2": NaN, "图片地址2": NaN, "图片标题3": NaN, "图片地址3": NaN}
{"名称": "公安值班室", "地址": "沙坪坝站东广场(沙坪坝地铁站8号口步行100米)", "城市": "重庆市", "标签": "政府机构及社会团体;公检法机构;公安警察", "区域名称": "沙坪坝区", "经度": 106.461184, "纬度": 29.554758, "电话": NaN, "图片标题1": NaN, "图片地址1": NaN, "图片标题2": NaN, "图片地址2": NaN, "图片标题3": NaN, "图片地址3": NaN}
{"名称": "沙坪坝车站派出所", "地址": "沙坪坝站B1层(沙坪坝地铁站7号口步行130米)", "城市": "重庆市", "标签": "政府机构及社会团体;公检法机构;公安警察", "区域名称": "沙坪坝区", "经度": 106.459376, "纬度": 29.55463, "电话": NaN, "图片标题1": NaN, "图片地址1": NaN, "图片标题2": NaN, "图片地址2": NaN, "图片标题3": NaN, "图片地址3": NaN}
{"名称": "井口派出所", "地址": "双碑西立交与双碑街交叉口东220米", "城市": "重庆市", "标签": "政府机构及社会团体;公检法机构;公安警察", "区域名称": "沙坪坝区", "经度": 106.445089, "纬度": 29.604751, "电话": NaN, "图片标题1": NaN, "图片地址1": NaN, "图片标题2": NaN, "图片地址2": NaN, "图片标题3": NaN, "图片地址3": NaN}
{"名称": "歌乐山派出所", "地址": "歌乐山正街与102乡道交叉口北80米", "城市": "重庆市", "标签": "政府机构及社会团体;公检法机构;公安警察", "区域名称": "沙坪坝区", "经度": 106.418383, "纬度": 29.568009, "电话": "023-65501868", "图片标题1": NaN, "图片地址1": "http://store.is.autonavi.com/showpic/4280e8c239297a15187005c0d4500764", "图片标题2": NaN, "图片地址2": NaN, "图片标题3": NaN, "图片地址3": NaN}
{"名称": "西永派出所办证大厅", "地址": "西园二路与永兴路交叉口东100米", "城市": "重庆市", "标签": "政府机构及社会团体;公检法机构;公安警察", "区域名称": "沙坪坝区", "经度": 106.377536, "纬度": 29.596003, "电话": NaN, "图片标题1": NaN, "图片地址1": "http://store.is.autonavi.com/showpic/765f5c58d3c5903bf8f8ed11391cc239", "图片标题2": NaN, "图片地址2": NaN, "图片标题3": NaN, "图片地址3": NaN}
{"名称": "红岩派出所", "地址": "凌云路7号", "城市": "重庆市", "标签": "政府机构及社会团体;公检法机构;公安警察", "区域名称": "沙坪坝区", "经度": 106.434487, "纬度": 29.58341, "电话": NaN, "图片标题1": NaN, "图片地址1": "http://store.is.autonavi.com/showpic/b522e8552ddfb744c0d86c0309793c80", "图片标题2": NaN, "图片地址2": NaN, "图片标题3": NaN, "图片地址3": NaN}
{"名称": "重庆市公安局沙坪坝区分局山洞派出所", "地址": "山峰路与山洞路交叉口东北120米", "城市": "重庆市", "标签": "政府机构及社会团体;公检法机构;公安警察", "区域名称": "沙坪坝区", "经度": 106.423355, "纬度": 29.513048, "电话": "023-65531839", "图片标题1": NaN, "图片地址1": "http://store.is.autonavi.com/showpic/b0bcb31ff0c7763b8a0ca17d01b071e6", "图片标题2": NaN, "图片地址2": NaN, "图片标题3": NaN, "图片地址3": NaN}
{"名称": "中梁派出所", "地址": "中新路168号", "城市": "重庆市", "标签": "政府机构及社会团体;公检法机构;公安警察", "区域名称": "沙坪坝区", "经度": 106.411605, "纬度": 29.638317, "电话": NaN, "图片标题1": NaN, "图片地址1": "http://store.is.autonavi.com/showpic/09b9a0ad3fe48a1767b4ac0d29765b21", "图片标题2": NaN, "图片地址2": NaN, "图片标题3": NaN, "图片地址3": NaN}
{"名称": "西永派出所接警室", "地址": "西园二路与永兴路交叉口东100米", "城市": "重庆市", "标签": "政府机构及社会团体;公检法机构;公安警察", "区域名称": "沙坪坝区", "经度": 106.377542, "纬度": 29.595893, "电话": NaN, "图片标题1": NaN, "图片地址1": "http://store.is.autonavi.com/showpic/7c00c0c96ae1b9f5ecdecf9f1b115220", "图片标题2": NaN, "图片地址2": NaN, "图片标题3": NaN, "图片地址3": NaN}
{"名称": "土主派出所", "地址": "民心路66号", "城市": "重庆市", "标签": "政府机构及社会团体;公检法机构;公安警察", "区域名称": "沙坪坝区", "经度": 106.373532, "纬度": 29.630761, "电话": NaN, "图片标题1": NaN, "图片地址1": "http://store.is.autonavi.com/showpic/e8c95c40020072f5eea2cf6d40665b53", "图片标题2": NaN, "图片地址2": "http://store.is.autonavi.com/showpic/dc8bf480a1b7028f271e5be08ca4af19", "图片标题3": NaN, "图片地址3": NaN}
{"名称": "沙坪坝派出所欣阳社区警务室", "地址": "沙坪坝正街8号欣阳广场F1层", "城市": "重庆市", "标签": "政府机构及社会团体;公检法机构;公安警察", "区域名称": "沙坪坝区", "经度": 106.463353, "纬度": 29.563948, "电话": NaN, "图片标题1": NaN, "图片地址1": "http://store.is.autonavi.com/showpic/0365ff565dd73bd8820be88a971333e6", "图片标题2": NaN, "图片地址2": NaN, "图片标题3": NaN, "图片地址3": NaN}
{"名称": "陈家桥派出所接警大厅", "地址": "陈青路165-11号附近", "城市": "重庆市", "标签": "政府机构及社会团体;公检法机构;公安警察", "区域名称": "沙坪坝区", "经度": 106.33298, "纬度": 29.619514, "电话": NaN, "图片标题1": NaN, "图片地址1": "http://store.is.autonavi.com/showpic/4b92f10a3187f2afc9f8caab67dcd199", "图片标题2": NaN, "图片地址2": NaN, "图片标题3": NaN, "图片地址3": NaN}
{"名称": "石翁派出所", "地址": "青北路与凤兴路交叉口北80米", "城市": "重庆市", "标签": "政府机构及社会团体;公检法机构;公安警察", "区域名称": "沙坪坝区", "经度": 106.315028, "纬度": 29.686177, "电话": NaN, "图片标题1": NaN, "图片地址1": NaN, "图片标题2": NaN, "图片地址2": NaN, "图片标题3": NaN, "图片地址3": NaN}
{"名称": "曾家派出所", "地址": "兴旺路77号", "城市": "重庆市", "标签": "政府机构及社会团体;公检法机构;公安警察", "区域名称": "沙坪坝区", "经度": 106.302217, "纬度": 29.563829, "电话": "023-65750110", "图片标题1": NaN, "图片地址1": NaN, "图片标题2": NaN, "图片地址2": NaN, "图片标题3": NaN, "图片地址3": NaN}
{"名称": "青木关派出所", "地址": "青凤路1号西北方向180米", "城市": "重庆市", "标签": "政府机构及社会团体;公检法机构;公安警察", "区域名称": "沙坪坝区", "经度": 106.312403, "纬度": 29.66785, "电话": "023-65600153", "图片标题1": NaN, "图片地址1": NaN, "图片标题2": NaN, "图片地址2": NaN, "图片标题3": NaN, "图片地址3": NaN}
{"名称": "重庆市公安局水上分局磁器口派出所", "地址": "磁器口幸福村7号", "城市": "重庆市", "标签": "政府机构及社会团体;公检法机构;公安警察", "区域名称": "沙坪坝区", "经度": 106.453349, "纬度": 29.581717, "电话": "023-65476418", "图片标题1": NaN, "图片地址1": "http://store.is.autonavi.com/showpic/55812eaea3109f1e8a1ce132", "图片标题2": NaN, "图片地址2": NaN, "图片标题3": NaN, "图片地址3": NaN}
{"名称": "微电子园治安派出所", "地址": "富康新城a03栋", "城市": "重庆市", "标签": "政府机构及社会团体;公检法机构;公安警察", "区域名称": "沙坪坝区", "经度": 106.38355, "纬度": 29.586866, "电话": "023-65659110", "图片标题1": NaN, "图片地址1": NaN, "图片标题2": NaN, "图片地址2": NaN, "图片标题3": NaN, "图片地址3": NaN}
{"名称": "渝碚路派出所沙杨路社区警务室", "地址": "渝碚路222宏洲大厦F1层", "城市": "重庆市", "标签": "政府机构及社会团体;公检法机构;公安警察", "区域名称": "沙坪坝区", "经度": 106.454895, "纬度": 29.563218, "电话": NaN, "图片标题1": NaN, "图片地址1": "http://store.is.autonavi.com/showpic/4c5299e283b2fa0f784f246a574397f9", "图片标题2": NaN, "图片地址2": NaN, "图片标题3": NaN, "图片地址3": NaN}
{"名称": "石井坡派出所", "地址": "建设坡66号", "城市": "重庆市", "标签": "政府机构及社会团体;公检法机构;公安警察", "区域名称": "沙坪坝区", "经度": 106.442355, "纬度": 29.59135, "电话": "023-65150866", "图片标题1": NaN, "图片地址1": "http://store.is.autonavi.com/showpic/f43bb1b718a439eb5af09793abe5a836", "图片标题2": NaN, "图片地址2": NaN, "图片标题3": NaN, "图片地址3": NaN}
{"名称": "虎溪派出所康居西城社区消防室", "地址": "康居西城北区西1门旁", "城市": "重庆市", "标签": "政府机构及社会团体;公检法机构;公安警察", "区域名称": "沙坪坝区", "经度": 106.309089, "纬度": 29.576153, "电话": NaN, "图片标题1": NaN, "图片地址1": "http://store.is.autonavi.com/showpic/d7330a51b1cd3443a5361cbd57d83393", "图片标题2": NaN, "图片地址2": "http://store.is.autonavi.com/showpic/64be24b8701b8c6a8d01dd7de4e64066", "图片标题3": NaN, "图片地址3": NaN}
{"名称": "重庆市公安局沙坝区分局犯罪举报中心", "地址": "高滩岩地铁站3A口步行290米", "城市": "重庆市", "标签": "政府机构及社会团体;公检法机构;公安警察", "区域名称": "沙坪坝区", "经度": 106.452308, "纬度": 29.538016, "电话": "023-65311825", "图片标题1": NaN, "图片地址1": "http://store.is.autonavi.com/showpic/f522011c1f53d762f9c69d621198d86b", "图片标题2": NaN, "图片地址2": NaN, "图片标题3": NaN, "图片地址3": NaN}
{"名称": "回龙坝派出所公路巡逻队", "地址": "回龙坝镇人民政府东南门东北60米", "城市": "重庆市", "标签": "政府机构及社会团体;公检法机构;公安警察", "区域名称": "沙坪坝区", "经度": 106.383343, "纬度": 29.705008, "电话": NaN, "图片标题1": NaN, "图片地址1": "http://store.is.autonavi.com/showpic/8d6a794436bf0a583fa1fdcc836abdf3", "图片标题2": NaN, "图片地址2": NaN, "图片标题3": NaN, "图片地址3": NaN}
{"名称": "新桥派出所新桥社区警务室", "地址": "新怡家园北2门西北50米", "城市": "重庆市", "标签": "政府机构及社会团体;公检法机构;公安警察", "区域名称": "沙坪坝区", "经度": 106.443309, "纬度": 29.52783, "电话": NaN, "图片标题1": NaN, "图片地址1": "http://store.is.autonavi.com/showpic/eaa2307aa7c02b8f120781915755758b", "图片标题2": NaN, "图片地址2": NaN, "图片标题3": NaN, "图片地址3": NaN}
{"名称": "重庆市公安局特警总队", "地址": "联芳桥14号", "城市": "重庆市", "标签": "政府机构及社会团体;公检法机构;公安警察", "区域名称": "沙坪坝区", "经度": 106.478531, "纬度": 29.537943, "电话": NaN, "图片标题1": NaN, "图片地址1": "http://store.is.autonavi.com/showpic/c06cbea6d8096c1255d927df0a63089f", "图片标题2": NaN, "图片地址2": NaN, "图片标题3": NaN, "图片地址3": NaN}
{"名称": "丰文派出所人和门村警务室", "地址": "桃家院子立交与鼎新大道交叉口西80米", "城市": "重庆市", "标签": "政府机构及社会团体;公检法机构;公安警察", "区域名称": "沙坪坝区", "经度": 106.334609, "纬度": 29.641649, "电话": NaN, "图片标题1": NaN, "图片地址1": NaN, "图片标题2": NaN, "图片地址2": NaN, "图片标题3": NaN, "图片地址3": NaN}
{"名称": "丰文派出所清悦社区警务室", "地址": "学府悦园B组团1号门旁", "城市": "重庆市", "标签": "政府机构及社会团体;公检法机构;公安警察", "区域名称": "沙坪坝区", "经度": 106.337862, "纬度": 29.629275, "电话": NaN, "图片标题1": NaN, "图片地址1": NaN, "图片标题2": NaN, "图片地址2": NaN, "图片标题3": NaN, "图片地址3": NaN}
{"名称": "陈家桥派出所综合服务窗口", "地址": "陈南路与陈东路交叉口东南40米", "城市": "重庆市", "标签": "政府机构及社会团体;公检法机构;公安警察", "区域名称": "沙坪坝区", "经度": 106.333329, "纬度": 29.619292, "电话": NaN, "图片标题1": NaN, "图片地址1": NaN, "图片标题2": NaN, "图片地址2": NaN, "图片标题3": NaN, "图片地址3": NaN}
{"名称": "虎溪派出所康居西城第三社区警务室", "地址": "曾家镇康城南路4-附2号15一10虎溪派出所", "城市": "重庆市", "标签": "政府机构及社会团体;公检法机构;公安警察", "区域名称": "沙坪坝区", "经度": 106.30897, "纬度": 29.576114, "电话": NaN, "图片标题1": NaN, "图片地址1": "http://store.is.autonavi.com/showpic/64be24b8701b8c6a8d01dd7de4e64066", "图片标题2": NaN, "图片地址2": NaN, "图片标题3": NaN, "图片地址3": NaN}
{"名称": "石井坡派出所和平社区警务室", "地址": "大河沟288号附近", "城市": "重庆市", "标签": "政府机构及社会团体;公检法机构;公安警察", "区域名称": "沙坪坝区", "经度": 106.438253, "纬度": 29.587569, "电话": NaN, "图片标题1": NaN, "图片地址1": NaN, "图片标题2": NaN, "图片地址2": NaN, "图片标题3": NaN, "图片地址3": NaN}
{"名称": "覃家岗派出所金桥社区警务室", "地址": "凤中路", "城市": "重庆市", "标签": "政府机构及社会团体;公检法机构;公安警察", "区域名称": "沙坪坝区", "经度": 106.440771, "纬度": 29.512029, "电话": NaN, "图片标题1": NaN, "图片地址1": "http://store.is.autonavi.com/showpic/2d7779478d1a653f0a2fa2dc03cba007", "图片标题2": NaN, "图片地址2": NaN, "图片标题3": NaN, "图片地址3": NaN}
{"名称": "渝碚路派出所驻沙坪坝区人民医院警务室", "地址": "小龙坎新街42-11号附近", "城市": "重庆市", "标签": "政府机构及社会团体;公检法机构;公安警察", "区域名称": "沙坪坝区", "经度": 106.465727, "纬度": 29.556182, "电话": NaN, "图片标题1": NaN, "图片地址1": "http://store.is.autonavi.com/showpic/d655316b3a91755040011262f27e1f2b", "图片标题2": NaN, "图片地址2": NaN, "图片标题3": NaN, "图片地址3": NaN}
{"名称": "渝碚路派出所杨公桥社区警务室", "地址": "渝碚路街道站西路88号附123号西城丽景小区附近", "城市": "重庆市", "标签": "政府机构及社会团体;公检法机构;公安警察", "区域名称": "沙坪坝区", "经度": 106.449753, "纬度": 29.559678, "电话": NaN, "图片标题1": NaN, "图片地址1": NaN, "图片标题2": NaN, "图片地址2": NaN, "图片标题3": NaN, "图片地址3": NaN}
{"名称": "重庆市公安局沙坪坝区分局警务直属支队", "地址": "西永微电子产业工业园区", "城市": "重庆市", "标签": "政府机构及社会团体;公检法机构;公安警察", "区域名称": "沙坪坝区", "经度": 106.37276, "纬度": 29.602027, "电话": NaN, "图片标题1": NaN, "图片地址1": NaN, "图片标题2": NaN, "图片地址2": NaN, "图片标题3": NaN, "图片地址3": NaN}
{"名称": "重庆新东方烹饪学院校园警务室", "地址": "中心路与詹5纵一路交叉路口往西北约90米", "城市": "重庆市", "标签": "政府机构及社会团体;公检法机构;公安警察", "区域名称": "沙坪坝区", "经度": 106.441782, "纬度": 29.596285, "电话": NaN, "图片标题1": NaN, "图片地址1": NaN, "图片标题2": NaN, "图片地址2": NaN, "图片标题3": NaN, "图片地址3": NaN}
{"名称": "沙坪坝分局歌乐山派出所矿山坡社区警务室", "地址": "金刚坡街附近", "城市": "重庆市", "标签": "政府机构及社会团体;公检法机构;公安警察", "区域名称": "沙坪坝区", "经度": 106.410739, "纬度": 29.594188, "电话": NaN, "图片标题1": NaN, "图片地址1": NaN, "图片标题2": NaN, "图片地址2": NaN, "图片标题3": NaN, "图片地址3": NaN}
{"名称": "重庆市公安局沙坪坝区分局出入境治安办证厅", "地址": "都市花园东路与都市花园北路交叉口东北80米", "城市": "重庆市", "标签": "政府机构及社会团体;公检法机构;公安警察", "区域名称": "沙坪坝区", "经度": 106.455754, "纬度": 29.541218, "电话": NaN, "图片标题1": NaN, "图片地址1": "http://store.is.autonavi.com/showpic/b3fb1d6612721916f0b2fede1cf94939", "图片标题2": NaN, "图片地址2": "http://store.is.autonavi.com/showpic/4edcf39fc9338ea7bb1f22d0eb4e29c6", "图片标题3": NaN, "图片地址3": NaN}
{"名称": "三峡广场治安派出所第二警务室(重百沙坪商场)", "地址": "小龙坎新街77号重百沙坪商场F1", "城市": "重庆市", "标签": "政府机构及社会团体;公检法机构;公安警察", "区域名称": "沙坪坝区", "经度": 106.46326, "纬度": 29.55804, "电话": NaN, "图片标题1": NaN, "图片地址1": NaN, "图片标题2": NaN, "图片地址2": NaN, "图片标题3": NaN, "图片地址3": NaN}
{"名称": "沙坪坝派出所户籍办证厅", "地址": "沙坪坝正街77号附4号(重庆大学地铁站3号口步行300米)", "城市": "重庆市", "标签": "政府机构及社会团体;公检法机构;公安警察", "区域名称": "沙坪坝区", "经度": 106.462992, "纬度": 29.565358, "电话": NaN, "图片标题1": NaN, "图片地址1": "http://store.is.autonavi.com/showpic/56568a29a3104425a5b6b672", "图片标题2": NaN, "图片地址2": NaN, "图片标题3": NaN, "图片地址3": NaN}
{"名称": "四川外国语大学-保卫处及派出所", "地址": "壮志路33号", "城市": "重庆市", "标签": "政府机构及社会团体;公检法机构;公安警察", "区域名称": "沙坪坝区", "经度": 106.439567, "纬度": 29.570948, "电话": NaN, "图片标题1": NaN, "图片地址1": NaN, "图片标题2": NaN, "图片地址2": NaN, "图片标题3": NaN, "图片地址3": NaN}
{"名称": "童家桥派出所沙坪坝区中医院警务室", "地址": "华宇林泉雅舍东北1门旁(烈士墓地铁站1B口步行250米)", "城市": "重庆市", "标签": "政府机构及社会团体;公检法机构;公安警察", "区域名称": "沙坪坝区", "经度": 106.44601, "纬度": 29.564798, "电话": NaN, "图片标题1": NaN, "图片地址1": "http://store.is.autonavi.com/showpic/273c1359b3bd6151499f26706580132e", "图片标题2": NaN, "图片地址2": NaN, "图片标题3": NaN, "图片地址3": NaN}
{"名称": "重庆市公安局沙坪坝区分局西部办证大厅", "地址": "西永大道北50米虎溪街道综合大楼", "城市": "重庆市", "标签": "政府机构及社会团体;公检法机构;公安警察", "区域名称": "沙坪坝区", "经度": 106.334711, "纬度": 29.599072, "电话": NaN, "图片标题1": NaN, "图片地址1": "http://store.is.autonavi.com/showpic/9f492363e3dacc3c388e06016caa2ae6", "图片标题2": NaN, "图片地址2": NaN, "图片标题3": NaN, "图片地址3": NaN}
{"名称": "童家桥派出所", "地址": "烈士墓五灵观99号", "城市": "重庆市", "标签": "政府机构及社会团体;公检法机构;公安警察", "区域名称": "沙坪坝区", "经度": 106.439128, "纬度": 29.574484, "电话": "023-65311758", "图片标题1": NaN, "图片地址1": "http://store.is.autonavi.com/showpic/dcacaad46cd1b0db963048b1f9283c9a", "图片标题2": NaN, "图片地址2": "http://store.is.autonavi.com/showpic/27fdb4ed54da032812256fb62bc5332f", "图片标题3": NaN, "图片地址3": NaN}
{"名称": "虎溪派出所富力城社区警务室", "地址": "富力城A区东北1门旁", "城市": "重庆市", "标签": "政府机构及社会团体;公检法机构;公安警察", "区域名称": "沙坪坝区", "经度": 106.312262, "纬度": 29.610018, "电话": NaN, "图片标题1": NaN, "图片地址1": "http://store.is.autonavi.com/showpic/d5d5ec31b2f73b7ca5ecf9c4973422c1", "图片标题2": NaN, "图片地址2": NaN, "图片标题3": NaN, "图片地址3": NaN}
{"名称": "重庆市公安局沙坪坝分局渝碚路派出所", "地址": "陈家湾182号(沙坪坝地铁站1号口步行220米)", "城市": "重庆市", "标签": "政府机构及社会团体;公检法机构;公安警察", "区域名称": "沙坪坝区", "经度": 106.458083, "纬度": 29.55788, "电话": "023-65311179", "图片标题1": NaN, "图片地址1": "http://store.is.autonavi.com/showpic/557a7dfaa3109f1e8a18c3c3", "图片标题2": NaN, "图片地址2": "http://store.is.autonavi.com/showpic/5642e181a3109280d0072393", "图片标题3": NaN, "图片地址3": "http://store.is.autonavi.com/showpic/570f0f547ac63a0efb09a686"}
{"名称": "重庆市沙坪坝区分局土主派出所公路巡逻队", "地址": "民心路与和谐街交叉口东140米", "城市": "重庆市", "标签": "政府机构及社会团体;公检法机构;公安警察", "区域名称": "沙坪坝区", "经度": 106.373565, "纬度": 29.630776, "电话": "023-65686156", "图片标题1": NaN, "图片地址1": NaN, "图片标题2": NaN, "图片地址2": NaN, "图片标题3": NaN, "图片地址3": NaN}
{"名称": "重庆市公安局沙坪坝区分局(西客站治安派出所)", "地址": "上桥东风新2村上佳双子鑫座清水溪支路", "城市": "重庆市", "标签": "政府机构及社会团体;公检法机构;公安警察", "区域名称": "沙坪坝区", "经度": 106.437534, "纬度": 29.512442, "电话": NaN, "图片标题1": NaN, "图片地址1": NaN, "图片标题2": NaN, "图片地址2": NaN, "图片标题3": NaN, "图片地址3": NaN}
{"名称": "重庆西站公安制证窗口", "地址": "新桥街道凤中路168号重庆西站1F层", "城市": "重庆市", "标签": "交通设施服务;火车站;公安制证", "区域名称": "沙坪坝区", "经度": 106.437887, "纬度": 29.499311, "电话": NaN, "图片标题1": NaN, "图片地址1": NaN, "图片标题2": NaN, "图片地址2": NaN, "图片标题3": NaN, "图片地址3": NaN}
{"名称": "沙坪坝区公安分局渝碚路派出所驻肿瘤医院警务室", "地址": "沙滨路与汉渝路交叉口西240米", "城市": "重庆市", "标签": "政府机构及社会团体;公检法机构;公安警察", "区域名称": "沙坪坝区", "经度": 106.47637, "纬度": 29.560389, "电话": NaN, "图片标题1": NaN, "图片地址1": NaN, "图片标题2": NaN, "图片地址2": NaN, "图片标题3": NaN, "图片地址3": NaN}
{"名称": "沙坪坝区公安分局渝碚路派出所驻沙区人民医院警务室", "地址": "人民医院西南门旁(小龙坎地铁站1号口步行300米)", "城市": "重庆市", "标签": "政府机构及社会团体;公检法机构;公安警察", "区域名称": "沙坪坝区", "经度": 106.46561, "纬度": 29.556271, "电话": NaN, "图片标题1": NaN, "图片地址1": NaN, "图片标题2": NaN, "图片地址2": NaN, "图片标题3": NaN, "图片地址3": NaN}
{"名称": "重庆市公安局沙坪坝区分局出入境管理支队西永办证点", "地址": "西园北街8号", "城市": "重庆市", "标签": "政府机构及社会团体;公检法机构;公安警察", "区域名称": "沙坪坝区", "经度": 106.370082, "纬度": 29.602636, "电话": NaN, "图片标题1": NaN, "图片地址1": NaN, "图片标题2": NaN, "图片地址2": NaN, "图片标题3": NaN, "图片地址3": NaN}
{"名称": "虎溪派出所办证大厅", "地址": "西永大道北50米虎溪街道综合大楼", "城市": "重庆市", "标签": "政府机构及社会团体;公检法机构;公安警察", "区域名称": "沙坪坝区", "经度": 106.334793, "纬度": 29.599106, "电话": NaN, "图片标题1": NaN, "图片地址1": "http://store.is.autonavi.com/showpic/b29de51418273bc953203f2c64bcfe51", "图片标题2": NaN, "图片地址2": NaN, "图片标题3": NaN, "图片地址3": NaN}
{"名称": "沙坪坝派出所治安岗亭", "地址": "沙坪坝北街重庆市第七中学校", "城市": "重庆市", "标签": "政府机构及社会团体;公检法机构;公安警察", "区域名称": "沙坪坝区", "经度": 106.4623, "纬度": 29.570101, "电话": NaN, "图片标题1": NaN, "图片地址1": "http://store.is.autonavi.com/showpic/cf1a4a7b6b9db159ed079719287142ac", "图片标题2": NaN, "图片地址2": NaN, "图片标题3": NaN, "图片地址3": NaN}
{"名称": "天星桥派出所", "地址": "都市花园中路108、110号", "城市": "重庆市", "标签": "政府机构及社会团体;公检法机构;公安警察", "区域名称": "沙坪坝区", "经度": 106.452105, "纬度": 29.537997, "电话": NaN, "图片标题1": NaN, "图片地址1": "http://store.is.autonavi.com/showpic/5c576b003a8a8e812f333f1bdf7e8099", "图片标题2": NaN, "图片地址2": NaN, "图片标题3": NaN, "图片地址3": NaN}
{"名称": "公安警务区", "地址": "景阳路与景铮路交叉口西北100米", "城市": "重庆市", "标签": "政府机构及社会团体;公检法机构;公安警察", "区域名称": "沙坪坝区", "经度": 106.312225, "纬度": 29.610088, "电话": NaN, "图片标题1": NaN, "图片地址1": "http://store.is.autonavi.com/showpic/1752b55dd4b6dd445e8fe03e87a0c217", "图片标题2": NaN, "图片地址2": NaN, "图片标题3": NaN, "图片地址3": NaN}
{"名称": "联芳派出所", "地址": "显丰大道56号", "城市": "重庆市", "标签": "政府机构及社会团体;公检法机构;公安警察", "区域名称": "沙坪坝区", "经度": 106.471276, "纬度": 29.541731, "电话": "023-68608941", "图片标题1": NaN, "图片地址1": NaN, "图片标题2": NaN, "图片地址2": NaN, "图片标题3": NaN, "图片地址3": NaN}
{"名称": "重庆西车站派出所", "地址": "凤中路168号清水溪支路", "城市": "重庆市", "标签": "政府机构及社会团体;公检法机构;公安警察", "区域名称": "沙坪坝区", "经度": 106.437531, "纬度": 29.507625, "电话": NaN, "图片标题1": NaN, "图片地址1": "http://store.is.autonavi.com/showpic/6bd53beb4bd378beefe32b5ed207a549", "图片标题2": NaN, "图片地址2": NaN, "图片标题3": NaN, "图片地址3": NaN}
{"名称": "沙坪坝区公安分局松山治安派出所", "地址": "歌乐山凌云路白公馆", "城市": "重庆市", "标签": "政府机构及社会团体;公检法机构;公安警察", "区域名称": "沙坪坝区", "经度": 106.433701, "纬度": 29.576479, "电话": NaN, "图片标题1": NaN, "图片地址1": NaN, "图片标题2": NaN, "图片地址2": NaN, "图片标题3": NaN, "图片地址3": NaN}
{"名称": "丰文派出所公路巡逻队", "地址": "丰盛路与怡悦路交叉口东100米", "城市": "重庆市", "标签": "政府机构及社会团体;公检法机构;公安警察", "区域名称": "沙坪坝区", "经度": 106.332585, "纬度": 29.627491, "电话": NaN, "图片标题1": NaN, "图片地址1": "http://store.is.autonavi.com/showpic/a27364d17804a052d8340aad5433ca94", "图片标题2": NaN, "图片地址2": NaN, "图片标题3": NaN, "图片地址3": NaN}
{"名称": "磁器口派出所", "地址": "磁器口南街27号(磁器口地铁站1号口步行300米)", "城市": "重庆市", "标签": "政府机构及社会团体;公检法机构;公安警察", "区域名称": "沙坪坝区", "经度": 106.449128, "纬度": 29.577211, "电话": NaN, "图片标题1": NaN, "图片地址1": NaN, "图片标题2": NaN, "图片地址2": NaN, "图片标题3": NaN, "图片地址3": NaN}
{"名称": "重庆西站公安制证窗口", "地址": "新桥街道凤中路168号重庆西站2F层", "城市": "重庆市", "标签": "交通设施服务;火车站;公安制证", "区域名称": "沙坪坝区", "经度": 106.436431, "纬度": 29.499688, "电话": NaN, "图片标题1": NaN, "图片地址1": NaN, "图片标题2": NaN, "图片地址2": NaN, "图片标题3": NaN, "图片地址3": NaN}
{"名称": "回龙坝派出所值勤点", "地址": "回龙坝镇团歇路沙坪坝三桥小学南", "城市": "重庆市", "标签": "政府机构及社会团体;公检法机构;公安警察", "区域名称": "沙坪坝区", "经度": 106.385868, "纬度": 29.721358, "电话": NaN, "图片标题1": NaN, "图片地址1": NaN, "图片标题2": NaN, "图片地址2": NaN, "图片标题3": NaN, "图片地址3": NaN}
{"名称": "重庆市公安局沙坪坝区分局森林警察支队", "地址": "常家井42号", "城市": "重庆市", "标签": "政府机构及社会团体;公检法机构;公安警察", "区域名称": "沙坪坝区", "经度": 106.41843, "纬度": 29.575955, "电话": NaN, "图片标题1": NaN, "图片地址1": NaN, "图片标题2": NaN, "图片地址2": NaN, "图片标题3": NaN, "图片地址3": NaN}
