{"名称": "沙坪坝消防支队", "地址": "西永大道", "城市": "重庆市", "标签": "政府机构及社会团体;公检法机构;消防机关", "区域名称": "沙坪坝区", "经度": 106.331483, "纬度": 29.599305, "电话": NaN, "图片标题1": NaN, "图片地址1": "http://store.is.autonavi.com/showpic/29afa5b3a0d5753e6bdafbe3949b5fdd", "图片标题2": NaN, "图片地址2": NaN, "图片标题3": NaN, "图片地址3": NaN}
{"名称": "熙街消防救援站", "地址": "大学城北路与景苑路交叉口东北40米", "城市": "重庆市", "标签": "政府机构及社会团体;公检法机构;消防机关", "区域名称": "沙坪坝区", "经度": 106.301253, "纬度": 29.607659, "电话": NaN, "图片标题1": NaN, "图片地址1": NaN, "图片标题2": NaN, "图片地址2": NaN, "图片标题3": NaN, "图片地址3": NaN}
{"名称": "沙坪坝区消防救援支队", "地址": "西永大道与大学城东一路交叉口东北60米", "城市": "重庆市", "标签": "政府机构及社会团体;公检法机构;消防机关", "区域名称": "沙坪坝区", "经度": 106.331667, "纬度": 29.598952, "电话": NaN, "图片标题1": NaN, "图片地址1": "http://store.is.autonavi.com/showpic/6710dfd2a3600522b9caa9a6523068a9", "图片标题2": NaN, "图片地址2": NaN, "图片标题3": NaN, "图片地址3": NaN}
{"名称": "沙坪坝区消防支队大学城中队", "地址": "大学城北路与景苑路交叉口西北40米", "城市": "重庆市", "标签": "政府机构及社会团体;公检法机构;消防机关|政府机构及社会团体;政府机关;政府机关相关", "区域名称": "沙坪坝区", "经度": 106.300857, "纬度": 29.607753, "电话": NaN, "图片标题1": NaN, "图片地址1": "http://store.is.autonavi.com/showpic/17502cedbce13745325be086bd274b8f", "图片标题2": NaN, "图片地址2": NaN, "图片标题3": NaN, "图片地址3": NaN}
{"名称": "土主派出所双龙社区消防室", "地址": "文兴大道与开中路交叉口西南380米", "城市": "重庆市", "标签": "政府机构及社会团体;公检法机构;消防机关", "区域名称": "沙坪坝区", "经度": 106.351966, "纬度": 29.636895, "电话": NaN, "图片标题1": NaN, "图片地址1": NaN, "图片标题2": NaN, "图片地址2": NaN, "图片标题3": NaN, "图片地址3": NaN}
{"名称": "沙坪坝区羊角堡社区消防室", "地址": "羊角堡小区西南侧60米(土湾地铁站1C口步行310米)", "城市": "重庆市", "标签": "政府机构及社会团体;公检法机构;消防机关", "区域名称": "沙坪坝区", "经度": 106.483306, "纬度": 29.552774, "电话": NaN, "图片标题1": NaN, "图片地址1": NaN, "图片标题2": NaN, "图片地址2": NaN, "图片标题3": NaN, "图片地址3": NaN}
{"名称": "井口派出所松堡社区消防室", "地址": "半边街与井华路交叉口东260米", "城市": "重庆市", "标签": "政府机构及社会团体;公检法机构;消防机关", "区域名称": "沙坪坝区", "经度": 106.457527, "纬度": 29.650225, "电话": NaN, "图片标题1": NaN, "图片地址1": "http://store.is.autonavi.com/showpic/5322e3084ad3be484a7d95bdcd7e8e74", "图片标题2": NaN, "图片地址2": NaN, "图片标题3": NaN, "图片地址3": NaN}
{"名称": "重庆科技学院消防志愿者大队", "地址": "大学城东路20号重庆科技学院虎溪校区", "城市": "重庆市", "标签": "政府机构及社会团体;公检法机构;消防机关", "区域名称": "沙坪坝区", "经度": 106.323857, "纬度": 29.593409, "电话": NaN, "图片标题1": NaN, "图片地址1": NaN, "图片标题2": NaN, "图片地址2": NaN, "图片标题3": NaN, "图片地址3": NaN}
{"名称": "重庆沙坪坝消防支队特勤中队", "地址": "沙坪坝消防支队东门", "城市": "重庆市", "标签": "政府机构及社会团体;公检法机构;消防机关", "区域名称": "沙坪坝区", "经度": 106.331625, "纬度": 29.598978, "电话": NaN, "图片标题1": NaN, "图片地址1": NaN, "图片标题2": NaN, "图片地址2": NaN, "图片标题3": NaN, "图片地址3": NaN}
{"名称": "重庆市沙坪坝区消防支队西永中队", "地址": "西永大道与西科大道交叉口西北60米", "城市": "重庆市", "标签": "政府机构及社会团体;公检法机构;消防机关", "区域名称": "沙坪坝区", "经度": 106.384758, "纬度": 29.595999, "电话": NaN, "图片标题1": NaN, "图片地址1": "http://store.is.autonavi.com/showpic/99c720b88055ad048cae1bf5336f49c5", "图片标题2": NaN, "图片地址2": NaN, "图片标题3": NaN, "图片地址3": NaN}
{"名称": "轨道消防支队", "地址": "西永街道西永镇赖家桥", "城市": "重庆市", "标签": "政府机构及社会团体;公检法机构;消防机关", "区域名称": "沙坪坝区", "经度": 106.388, "纬度": 29.611188, "电话": NaN, "图片标题1": NaN, "图片地址1": NaN, "图片标题2": NaN, "图片地址2": NaN, "图片标题3": NaN, "图片地址3": NaN}
{"名称": "重庆市消防救援总队特勤支队晒光坪站", "地址": "晒光路67号(天梨路地铁站3号口旁)", "城市": "重庆市", "标签": "政府机构及社会团体;公检法机构;消防机关", "区域名称": "沙坪坝区", "经度": 106.452016, "纬度": 29.548824, "电话": NaN, "图片标题1": NaN, "图片地址1": "http://store.is.autonavi.com/showpic/349e2bbe70c446d6addba3d365cbd925", "图片标题2": NaN, "图片地址2": "http://store.is.autonavi.com/showpic/c3fdb1296eac40d78ae2ae71dc5a6429", "图片标题3": NaN, "图片地址3": "http://store.is.autonavi.com/showpic/5bce773b129840bf1a2eb483d6dd8748"}
{"名称": "沙坪坝区土主消防救援站", "地址": "土主镇龚安大道101号附近", "城市": "重庆市", "标签": "政府机构及社会团体;公检法机构;消防机关", "区域名称": "沙坪坝区", "经度": 106.375834, "纬度": 29.629478, "电话": NaN, "图片标题1": NaN, "图片地址1": "http://store.is.autonavi.com/showpic/dc6c282c4b6aa19ef43293983af77483", "图片标题2": NaN, "图片地址2": NaN, "图片标题3": NaN, "图片地址3": NaN}
{"名称": "沙坪坝区虎溪消防救援站", "地址": "虎溪街道思贤路17号附47号", "城市": "重庆市", "标签": "政府机构及社会团体;公检法机构;消防机关", "区域名称": "沙坪坝区", "经度": 106.320842, "纬度": 29.586988, "电话": NaN, "图片标题1": NaN, "图片地址1": "http://store.is.autonavi.com/showpic/624333b30288d7bb202e32198b5fe22c", "图片标题2": NaN, "图片地址2": NaN, "图片标题3": NaN, "图片地址3": NaN}
{"名称": "沙坪坝区和睦村社区消防室", "地址": "杨梨路与杨公桥交叉口西80米", "城市": "重庆市", "标签": "政府机构及社会团体;公检法机构;消防机关", "区域名称": "沙坪坝区", "经度": 106.447288, "纬度": 29.562497, "电话": NaN, "图片标题1": NaN, "图片地址1": NaN, "图片标题2": NaN, "图片地址2": NaN, "图片标题3": NaN, "图片地址3": NaN}
{"名称": "大学城龙湖U城天街微型消防站", "地址": "大学城北路龙湖U城(尖顶坡地铁站1号口步行150米)", "城市": "重庆市", "标签": "政府机构及社会团体;公检法机构;消防机关", "区域名称": "沙坪坝区", "经度": 106.292483, "纬度": 29.608614, "电话": NaN, "图片标题1": NaN, "图片地址1": "http://store.is.autonavi.com/showpic/99b2ac0daff0e0603e63d5cac4d91e81", "图片标题2": NaN, "图片地址2": NaN, "图片标题3": NaN, "图片地址3": NaN}
{"名称": "沙坪坝区回龙坝镇专职消防队", "地址": "回龙坝镇人民政府东南门东北60米", "城市": "重庆市", "标签": "政府机构及社会团体;公检法机构;消防机关", "区域名称": "沙坪坝区", "经度": 106.383243, "纬度": 29.704992, "电话": NaN, "图片标题1": NaN, "图片地址1": "http://store.is.autonavi.com/showpic/db72ac85b1fd1369b8fc33cee6612408", "图片标题2": NaN, "图片地址2": NaN, "图片标题3": NaN, "图片地址3": NaN}
{"名称": "上桥村都市工业园义务消防大队", "地址": "金桥路", "城市": "重庆市", "标签": "政府机构及社会团体;公检法机构;消防机关", "区域名称": "沙坪坝区", "经度": 106.448069, "纬度": 29.507361, "电话": NaN, "图片标题1": NaN, "图片地址1": NaN, "图片标题2": NaN, "图片地址2": NaN, "图片标题3": NaN, "图片地址3": NaN}
{"名称": "虎溪派出所建筑科技职业学院消防室", "地址": "建筑科技职业学院综合楼C2-03", "城市": "重庆市", "标签": "政府机构及社会团体;公检法机构;消防机关", "区域名称": "沙坪坝区", "经度": 106.327508, "纬度": 29.620811, "电话": NaN, "图片标题1": NaN, "图片地址1": "http://store.is.autonavi.com/showpic/a7745cc16724ca5f4042bde577f48b0d", "图片标题2": NaN, "图片地址2": NaN, "图片标题3": NaN, "图片地址3": NaN}
