{"名称": "富士康科技集团", "地址": "西永镇", "城市": "重庆市", "标签": "公司企业;工厂;工厂", "区域名称": "沙坪坝区", "经度": 106.386238, "纬度": 29.584066, "电话": NaN, "图片标题1": NaN, "图片地址1": "http://store.is.autonavi.com/showpic/5e72842ad65cdc7066bfd1be78614647", "图片标题2": NaN, "图片地址2": "http://store.is.autonavi.com/showpic/1b0a3bb89320e6a43fb67cda9313e787", "图片标题3": NaN, "图片地址3": NaN}
{"名称": "华孚工业", "地址": "凤天大道18号(天星桥地铁站2号口步行330米)", "城市": "重庆市", "标签": "公司企业;公司;公司|公司企业;工厂;工厂", "区域名称": "沙坪坝区", "经度": 106.457041, "纬度": 29.53887, "电话": "023-65220533", "图片标题1": NaN, "图片地址1": "http://store.is.autonavi.com/showpic/9503a49182aecbb721afd4bff28fe30c", "图片标题2": NaN, "图片地址2": NaN, "图片标题3": NaN, "图片地址3": NaN}
{"名称": "重庆国华电器厂", "地址": "凤凰镇", "城市": "重庆市", "标签": "公司企业;工厂;工厂", "区域名称": "沙坪坝区", "经度": 106.323958, "纬度": 29.710739, "电话": "023-65681630", "图片标题1": NaN, "图片地址1": "http://store.is.autonavi.com/showpic/8ce652f2859005d2daad6b91c90ad656", "图片标题2": NaN, "图片地址2": NaN, "图片标题3": NaN, "图片地址3": NaN}
{"名称": "重庆东方液压设备厂", "地址": "歌乐山街道刘家村附近", "城市": "重庆市", "标签": "公司企业;工厂;工厂", "区域名称": "沙坪坝区", "经度": 106.418702, "纬度": 29.542317, "电话": NaN, "图片标题1": NaN, "图片地址1": NaN, "图片标题2": NaN, "图片地址2": NaN, "图片标题3": NaN, "图片地址3": NaN}
{"名称": "重庆沙坪坝凉亭拉丝厂", "地址": "石井坡街道和平山500号", "城市": "重庆市", "标签": "公司企业;工厂;工厂", "区域名称": "沙坪坝区", "经度": 106.433601, "纬度": 29.590072, "电话": NaN, "图片标题1": NaN, "图片地址1": NaN, "图片标题2": NaN, "图片地址2": NaN, "图片标题3": NaN, "图片地址3": NaN}
{"名称": "重庆铝制品加工厂", "地址": "新桥工业园区石梯沟20号", "城市": "重庆市", "标签": "公司企业;工厂;工厂", "区域名称": "沙坪坝区", "经度": 106.430948, "纬度": 29.524158, "电话": NaN, "图片标题1": NaN, "图片地址1": NaN, "图片标题2": NaN, "图片地址2": NaN, "图片标题3": NaN, "图片地址3": NaN}
{"名称": "重庆办公家具厂", "地址": "山洞路62附近", "城市": "重庆市", "标签": "公司企业;工厂;工厂|购物服务;购物相关场所;购物相关场所", "区域名称": "沙坪坝区", "经度": 106.420559, "纬度": 29.515906, "电话": "15111973911", "图片标题1": NaN, "图片地址1": "http://store.is.autonavi.com/showpic/9d487817dcca44ee31d7c1f90fb28f89", "图片标题2": NaN, "图片地址2": "http://store.is.autonavi.com/showpic/8f2010afee9111172e66e3b4a144499e", "图片标题3": NaN, "图片地址3": "http://store.is.autonavi.com/showpic/4af17486a06533c1b6611ba5e0080e87"}
{"名称": "劲松彩印厂", "地址": "陈家桥镇陈青路17号", "城市": "重庆市", "标签": "公司企业;工厂;工厂", "区域名称": "沙坪坝区", "经度": 106.344624, "纬度": 29.611723, "电话": "023-65633352", "图片标题1": NaN, "图片地址1": "http://store.is.autonavi.com/showpic/33e4b1c412946ec1c122401a7b7c55e8", "图片标题2": NaN, "图片地址2": NaN, "图片标题3": NaN, "图片地址3": NaN}
{"名称": "重庆煤田地质机械厂", "地址": "上桥三村56号", "城市": "重庆市", "标签": "公司企业;工厂;工厂", "区域名称": "沙坪坝区", "经度": 106.446074, "纬度": 29.514142, "电话": NaN, "图片标题1": NaN, "图片地址1": "http://store.is.autonavi.com/showpic/bad150435387214de604a8cd2ca03c87", "图片标题2": NaN, "图片地址2": NaN, "图片标题3": NaN, "图片地址3": NaN}
{"名称": "渝鑫机械厂", "地址": "新桥皮匠沟46号", "城市": "重庆市", "标签": "公司企业;公司;机械电子|公司企业;工厂;工厂", "区域名称": "沙坪坝区", "经度": 106.438218, "纬度": 29.526839, "电话": NaN, "图片标题1": NaN, "图片地址1": "http://store.is.autonavi.com/showpic/78d7508ddaa5d6b8158ad608790d683f", "图片标题2": NaN, "图片地址2": NaN, "图片标题3": NaN, "图片地址3": NaN}
{"名称": "重庆刹车管厂", "地址": "歌乐山天池村水井坎90号", "城市": "重庆市", "标签": "公司企业;工厂;工厂", "区域名称": "沙坪坝区", "经度": 106.412992, "纬度": 29.565952, "电话": "023-65314558", "图片标题1": NaN, "图片地址1": "http://store.is.autonavi.com/showpic/9a73b3c1852cd30cb959c5c2a0d00121", "图片标题2": NaN, "图片地址2": NaN, "图片标题3": NaN, "图片地址3": NaN}
{"名称": "重庆永安橡塑密封件厂", "地址": "上桥三村56号", "城市": "重庆市", "标签": "公司企业;工厂;工厂", "区域名称": "沙坪坝区", "经度": 106.446215, "纬度": 29.51412, "电话": "023-65202720", "图片标题1": NaN, "图片地址1": NaN, "图片标题2": NaN, "图片地址2": NaN, "图片标题3": NaN, "图片地址3": NaN}
{"名称": "青龙庙村时新织布厂", "地址": "回龙坝镇青龙庙村", "城市": "重庆市", "标签": "公司企业;工厂;工厂", "区域名称": "沙坪坝区", "经度": 106.387026, "纬度": 29.730899, "电话": NaN, "图片标题1": NaN, "图片地址1": "http://store.is.autonavi.com/showpic/aa7b0aaf12ce7795aa5207aa96220fc3", "图片标题2": NaN, "图片地址2": NaN, "图片标题3": NaN, "图片地址3": NaN}
{"名称": "沙坪坝区鼎点制衣厂", "地址": "歌乐山镇山洞村草房湾社138号", "城市": "重庆市", "标签": "公司企业;工厂;工厂", "区域名称": "沙坪坝区", "经度": 106.4173, "纬度": 29.503222, "电话": NaN, "图片标题1": NaN, "图片地址1": NaN, "图片标题2": NaN, "图片地址2": NaN, "图片标题3": NaN, "图片地址3": NaN}
{"名称": "志鹏机械厂", "地址": "歌乐山镇歌乐山村杉堂树社", "城市": "重庆市", "标签": "公司企业;工厂;工厂", "区域名称": "沙坪坝区", "经度": 106.418707, "纬度": 29.591913, "电话": NaN, "图片标题1": NaN, "图片地址1": "http://store.is.autonavi.com/showpic/e0c5d379a47ff422aec4961690c27408", "图片标题2": NaN, "图片地址2": NaN, "图片标题3": NaN, "图片地址3": NaN}
{"名称": "四海不锈钢制品厂", "地址": "歌乐山街道山洞村柏果树社6号", "城市": "重庆市", "标签": "公司企业;工厂;工厂", "区域名称": "沙坪坝区", "经度": 106.417063, "纬度": 29.521022, "电话": NaN, "图片标题1": NaN, "图片地址1": NaN, "图片标题2": NaN, "图片地址2": NaN, "图片标题3": NaN, "图片地址3": NaN}
{"名称": "重庆万旦良制面厂", "地址": "井口街道陈堡幼儿园附近", "城市": "重庆市", "标签": "公司企业;工厂;工厂", "区域名称": "沙坪坝区", "经度": 106.438151, "纬度": 29.631273, "电话": NaN, "图片标题1": NaN, "图片地址1": NaN, "图片标题2": NaN, "图片地址2": NaN, "图片标题3": NaN, "图片地址3": NaN}
{"名称": "重庆广利金属制品厂", "地址": "含谷镇崇兴村7社", "城市": "重庆市", "标签": "公司企业;工厂;工厂", "区域名称": "沙坪坝区", "经度": 106.40527, "纬度": 29.540818, "电话": NaN, "图片标题1": NaN, "图片地址1": "http://store.is.autonavi.com/showpic/c5c13e794a37610e485d1ec18b2cfbe6", "图片标题2": NaN, "图片地址2": NaN, "图片标题3": NaN, "图片地址3": NaN}
{"名称": "巴县凤凰蓄电瓶厂", "地址": "319国道与碚青路交叉口西南80米", "城市": "重庆市", "标签": "公司企业;工厂;工厂|生活服务;生活服务场所;生活服务场所", "区域名称": "沙坪坝区", "经度": 106.336379, "纬度": 29.732797, "电话": NaN, "图片标题1": NaN, "图片地址1": "http://store.is.autonavi.com/showpic/e36648c31e6344765efb3bf4765c6aa3", "图片标题2": NaN, "图片地址2": NaN, "图片标题3": NaN, "图片地址3": NaN}
{"名称": "重庆利华机械厂", "地址": "青木关镇关口村", "城市": "重庆市", "标签": "公司企业;工厂;工厂", "区域名称": "沙坪坝区", "经度": 106.296381, "纬度": 29.675103, "电话": NaN, "图片标题1": NaN, "图片地址1": NaN, "图片标题2": NaN, "图片地址2": NaN, "图片标题3": NaN, "图片地址3": NaN}
{"名称": "重庆宏远弹簧厂", "地址": "山洞村坪上组83号附近", "城市": "重庆市", "标签": "公司企业;工厂;工厂", "区域名称": "沙坪坝区", "经度": 106.419788, "纬度": 29.502046, "电话": "023-65533782", "图片标题1": NaN, "图片地址1": "http://store.is.autonavi.com/showpic/d5cef9f28cb0b67a6ea64a8adb5376c3", "图片标题2": NaN, "图片地址2": NaN, "图片标题3": NaN, "图片地址3": NaN}
{"名称": "谭奕乐废品回收", "地址": "桥东路15号附8号", "城市": "重庆市", "标签": "公司企业;工厂;工厂", "区域名称": "沙坪坝区", "经度": 106.343355, "纬度": 29.62108, "电话": "15923362077", "图片标题1": NaN, "图片地址1": "http://store.is.autonavi.com/showpic/5525891a2e6e05cd5051bf97e4af26c1", "图片标题2": NaN, "图片地址2": NaN, "图片标题3": NaN, "图片地址3": NaN}
{"名称": "重庆市沙坪坝区勤业纸箱厂", "地址": "歌乐山镇新开寺工业园b区", "城市": "重庆市", "标签": "公司企业;工厂;工厂", "区域名称": "沙坪坝区", "经度": 106.403968, "纬度": 29.545699, "电话": NaN, "图片标题1": NaN, "图片地址1": NaN, "图片标题2": NaN, "图片地址2": NaN, "图片标题3": NaN, "图片地址3": NaN}
{"名称": "鸿泽钢筋制作模板", "地址": "新山路244号", "城市": "重庆市", "标签": "公司企业;工厂;工厂", "区域名称": "沙坪坝区", "经度": 106.435342, "纬度": 29.521443, "电话": "13452156612;18223402862", "图片标题1": NaN, "图片地址1": "http://store.is.autonavi.com/showpic/beabb803861a5d67b6f7ad10472a002a", "图片标题2": NaN, "图片地址2": NaN, "图片标题3": NaN, "图片地址3": NaN}
{"名称": "重庆思民制冷设备有限公司", "地址": "歌乐山镇金刚村新庙合作社", "城市": "重庆市", "标签": "公司企业;工厂;工厂", "区域名称": "沙坪坝区", "经度": 106.41902, "纬度": 29.609816, "电话": "17783903580;19923105581", "图片标题1": NaN, "图片地址1": "http://store.is.autonavi.com/showpic/8ce94e75271c2f4c16bd67bdd8941821", "图片标题2": NaN, "图片地址2": "http://store.is.autonavi.com/showpic/f2f12bb6f47566f4b1db7b5525b2d738", "图片标题3": NaN, "图片地址3": "http://store.is.autonavi.com/showpic/de3dbac04f6a63608deedbbb98455219"}
{"名称": "富士康科技集团", "地址": "西永镇", "城市": "重庆市", "标签": "公司企业;工厂;工厂", "区域名称": "沙坪坝区", "经度": 106.386238, "纬度": 29.584066, "电话": NaN, "图片标题1": NaN, "图片地址1": "http://store.is.autonavi.com/showpic/5e72842ad65cdc7066bfd1be78614647", "图片标题2": NaN, "图片地址2": "http://store.is.autonavi.com/showpic/1b0a3bb89320e6a43fb67cda9313e787", "图片标题3": NaN, "图片地址3": NaN}
{"名称": "华孚工业", "地址": "凤天大道18号(天星桥地铁站2号口步行330米)", "城市": "重庆市", "标签": "公司企业;公司;公司|公司企业;工厂;工厂", "区域名称": "沙坪坝区", "经度": 106.457041, "纬度": 29.53887, "电话": "023-65220533", "图片标题1": NaN, "图片地址1": "http://store.is.autonavi.com/showpic/9503a49182aecbb721afd4bff28fe30c", "图片标题2": NaN, "图片地址2": NaN, "图片标题3": NaN, "图片地址3": NaN}
{"名称": "重庆国华电器厂", "地址": "凤凰镇", "城市": "重庆市", "标签": "公司企业;工厂;工厂", "区域名称": "沙坪坝区", "经度": 106.323958, "纬度": 29.710739, "电话": "023-65681630", "图片标题1": NaN, "图片地址1": "http://store.is.autonavi.com/showpic/8ce652f2859005d2daad6b91c90ad656", "图片标题2": NaN, "图片地址2": NaN, "图片标题3": NaN, "图片地址3": NaN}
{"名称": "重庆东方液压设备厂", "地址": "歌乐山街道刘家村附近", "城市": "重庆市", "标签": "公司企业;工厂;工厂", "区域名称": "沙坪坝区", "经度": 106.418702, "纬度": 29.542317, "电话": NaN, "图片标题1": NaN, "图片地址1": NaN, "图片标题2": NaN, "图片地址2": NaN, "图片标题3": NaN, "图片地址3": NaN}
{"名称": "重庆沙坪坝凉亭拉丝厂", "地址": "石井坡街道和平山500号", "城市": "重庆市", "标签": "公司企业;工厂;工厂", "区域名称": "沙坪坝区", "经度": 106.433601, "纬度": 29.590072, "电话": NaN, "图片标题1": NaN, "图片地址1": NaN, "图片标题2": NaN, "图片地址2": NaN, "图片标题3": NaN, "图片地址3": NaN}
{"名称": "重庆铝制品加工厂", "地址": "新桥工业园区石梯沟20号", "城市": "重庆市", "标签": "公司企业;工厂;工厂", "区域名称": "沙坪坝区", "经度": 106.430948, "纬度": 29.524158, "电话": NaN, "图片标题1": NaN, "图片地址1": NaN, "图片标题2": NaN, "图片地址2": NaN, "图片标题3": NaN, "图片地址3": NaN}
{"名称": "重庆办公家具厂", "地址": "山洞路62附近", "城市": "重庆市", "标签": "公司企业;工厂;工厂|购物服务;购物相关场所;购物相关场所", "区域名称": "沙坪坝区", "经度": 106.420559, "纬度": 29.515906, "电话": "15111973911", "图片标题1": NaN, "图片地址1": "http://store.is.autonavi.com/showpic/9d487817dcca44ee31d7c1f90fb28f89", "图片标题2": NaN, "图片地址2": "http://store.is.autonavi.com/showpic/8f2010afee9111172e66e3b4a144499e", "图片标题3": NaN, "图片地址3": "http://store.is.autonavi.com/showpic/4af17486a06533c1b6611ba5e0080e87"}
{"名称": "劲松彩印厂", "地址": "陈家桥镇陈青路17号", "城市": "重庆市", "标签": "公司企业;工厂;工厂", "区域名称": "沙坪坝区", "经度": 106.344624, "纬度": 29.611723, "电话": "023-65633352", "图片标题1": NaN, "图片地址1": "http://store.is.autonavi.com/showpic/33e4b1c412946ec1c122401a7b7c55e8", "图片标题2": NaN, "图片地址2": NaN, "图片标题3": NaN, "图片地址3": NaN}
{"名称": "重庆煤田地质机械厂", "地址": "上桥三村56号", "城市": "重庆市", "标签": "公司企业;工厂;工厂", "区域名称": "沙坪坝区", "经度": 106.446074, "纬度": 29.514142, "电话": NaN, "图片标题1": NaN, "图片地址1": "http://store.is.autonavi.com/showpic/bad150435387214de604a8cd2ca03c87", "图片标题2": NaN, "图片地址2": NaN, "图片标题3": NaN, "图片地址3": NaN}
{"名称": "渝鑫机械厂", "地址": "新桥皮匠沟46号", "城市": "重庆市", "标签": "公司企业;公司;机械电子|公司企业;工厂;工厂", "区域名称": "沙坪坝区", "经度": 106.438218, "纬度": 29.526839, "电话": NaN, "图片标题1": NaN, "图片地址1": "http://store.is.autonavi.com/showpic/78d7508ddaa5d6b8158ad608790d683f", "图片标题2": NaN, "图片地址2": NaN, "图片标题3": NaN, "图片地址3": NaN}
{"名称": "重庆刹车管厂", "地址": "歌乐山天池村水井坎90号", "城市": "重庆市", "标签": "公司企业;工厂;工厂", "区域名称": "沙坪坝区", "经度": 106.412992, "纬度": 29.565952, "电话": "023-65314558", "图片标题1": NaN, "图片地址1": "http://store.is.autonavi.com/showpic/9a73b3c1852cd30cb959c5c2a0d00121", "图片标题2": NaN, "图片地址2": NaN, "图片标题3": NaN, "图片地址3": NaN}
{"名称": "重庆永安橡塑密封件厂", "地址": "上桥三村56号", "城市": "重庆市", "标签": "公司企业;工厂;工厂", "区域名称": "沙坪坝区", "经度": 106.446215, "纬度": 29.51412, "电话": "023-65202720", "图片标题1": NaN, "图片地址1": NaN, "图片标题2": NaN, "图片地址2": NaN, "图片标题3": NaN, "图片地址3": NaN}
{"名称": "青龙庙村时新织布厂", "地址": "回龙坝镇青龙庙村", "城市": "重庆市", "标签": "公司企业;工厂;工厂", "区域名称": "沙坪坝区", "经度": 106.387026, "纬度": 29.730899, "电话": NaN, "图片标题1": NaN, "图片地址1": "http://store.is.autonavi.com/showpic/aa7b0aaf12ce7795aa5207aa96220fc3", "图片标题2": NaN, "图片地址2": NaN, "图片标题3": NaN, "图片地址3": NaN}
{"名称": "沙坪坝区鼎点制衣厂", "地址": "歌乐山镇山洞村草房湾社138号", "城市": "重庆市", "标签": "公司企业;工厂;工厂", "区域名称": "沙坪坝区", "经度": 106.4173, "纬度": 29.503222, "电话": NaN, "图片标题1": NaN, "图片地址1": NaN, "图片标题2": NaN, "图片地址2": NaN, "图片标题3": NaN, "图片地址3": NaN}
{"名称": "志鹏机械厂", "地址": "歌乐山镇歌乐山村杉堂树社", "城市": "重庆市", "标签": "公司企业;工厂;工厂", "区域名称": "沙坪坝区", "经度": 106.418707, "纬度": 29.591913, "电话": NaN, "图片标题1": NaN, "图片地址1": "http://store.is.autonavi.com/showpic/e0c5d379a47ff422aec4961690c27408", "图片标题2": NaN, "图片地址2": NaN, "图片标题3": NaN, "图片地址3": NaN}
{"名称": "四海不锈钢制品厂", "地址": "歌乐山街道山洞村柏果树社6号", "城市": "重庆市", "标签": "公司企业;工厂;工厂", "区域名称": "沙坪坝区", "经度": 106.417063, "纬度": 29.521022, "电话": NaN, "图片标题1": NaN, "图片地址1": NaN, "图片标题2": NaN, "图片地址2": NaN, "图片标题3": NaN, "图片地址3": NaN}
{"名称": "重庆万旦良制面厂", "地址": "井口街道陈堡幼儿园附近", "城市": "重庆市", "标签": "公司企业;工厂;工厂", "区域名称": "沙坪坝区", "经度": 106.438151, "纬度": 29.631273, "电话": NaN, "图片标题1": NaN, "图片地址1": NaN, "图片标题2": NaN, "图片地址2": NaN, "图片标题3": NaN, "图片地址3": NaN}
{"名称": "重庆广利金属制品厂", "地址": "含谷镇崇兴村7社", "城市": "重庆市", "标签": "公司企业;工厂;工厂", "区域名称": "沙坪坝区", "经度": 106.40527, "纬度": 29.540818, "电话": NaN, "图片标题1": NaN, "图片地址1": "http://store.is.autonavi.com/showpic/c5c13e794a37610e485d1ec18b2cfbe6", "图片标题2": NaN, "图片地址2": NaN, "图片标题3": NaN, "图片地址3": NaN}
{"名称": "巴县凤凰蓄电瓶厂", "地址": "319国道与碚青路交叉口西南80米", "城市": "重庆市", "标签": "公司企业;工厂;工厂|生活服务;生活服务场所;生活服务场所", "区域名称": "沙坪坝区", "经度": 106.336379, "纬度": 29.732797, "电话": NaN, "图片标题1": NaN, "图片地址1": "http://store.is.autonavi.com/showpic/e36648c31e6344765efb3bf4765c6aa3", "图片标题2": NaN, "图片地址2": NaN, "图片标题3": NaN, "图片地址3": NaN}
{"名称": "重庆利华机械厂", "地址": "青木关镇关口村", "城市": "重庆市", "标签": "公司企业;工厂;工厂", "区域名称": "沙坪坝区", "经度": 106.296381, "纬度": 29.675103, "电话": NaN, "图片标题1": NaN, "图片地址1": NaN, "图片标题2": NaN, "图片地址2": NaN, "图片标题3": NaN, "图片地址3": NaN}
{"名称": "重庆宏远弹簧厂", "地址": "山洞村坪上组83号附近", "城市": "重庆市", "标签": "公司企业;工厂;工厂", "区域名称": "沙坪坝区", "经度": 106.419788, "纬度": 29.502046, "电话": "023-65533782", "图片标题1": NaN, "图片地址1": "http://store.is.autonavi.com/showpic/d5cef9f28cb0b67a6ea64a8adb5376c3", "图片标题2": NaN, "图片地址2": NaN, "图片标题3": NaN, "图片地址3": NaN}
{"名称": "谭奕乐废品回收", "地址": "桥东路15号附8号", "城市": "重庆市", "标签": "公司企业;工厂;工厂", "区域名称": "沙坪坝区", "经度": 106.343355, "纬度": 29.62108, "电话": "15923362077", "图片标题1": NaN, "图片地址1": "http://store.is.autonavi.com/showpic/5525891a2e6e05cd5051bf97e4af26c1", "图片标题2": NaN, "图片地址2": NaN, "图片标题3": NaN, "图片地址3": NaN}
{"名称": "重庆市沙坪坝区勤业纸箱厂", "地址": "歌乐山镇新开寺工业园b区", "城市": "重庆市", "标签": "公司企业;工厂;工厂", "区域名称": "沙坪坝区", "经度": 106.403968, "纬度": 29.545699, "电话": NaN, "图片标题1": NaN, "图片地址1": NaN, "图片标题2": NaN, "图片地址2": NaN, "图片标题3": NaN, "图片地址3": NaN}
{"名称": "鸿泽钢筋制作模板", "地址": "新山路244号", "城市": "重庆市", "标签": "公司企业;工厂;工厂", "区域名称": "沙坪坝区", "经度": 106.435342, "纬度": 29.521443, "电话": "13452156612;18223402862", "图片标题1": NaN, "图片地址1": "http://store.is.autonavi.com/showpic/beabb803861a5d67b6f7ad10472a002a", "图片标题2": NaN, "图片地址2": NaN, "图片标题3": NaN, "图片地址3": NaN}
{"名称": "重庆思民制冷设备有限公司", "地址": "歌乐山镇金刚村新庙合作社", "城市": "重庆市", "标签": "公司企业;工厂;工厂", "区域名称": "沙坪坝区", "经度": 106.41902, "纬度": 29.609816, "电话": "17783903580;19923105581", "图片标题1": NaN, "图片地址1": "http://store.is.autonavi.com/showpic/8ce94e75271c2f4c16bd67bdd8941821", "图片标题2": NaN, "图片地址2": "http://store.is.autonavi.com/showpic/f2f12bb6f47566f4b1db7b5525b2d738", "图片标题3": NaN, "图片地址3": "http://store.is.autonavi.com/showpic/de3dbac04f6a63608deedbbb98455219"}
{"名称": "晋荣机械厂", "地址": "青凤路与G93成渝环线高速交叉口北150米", "城市": "重庆市", "标签": "公司企业;工厂;工厂", "区域名称": "沙坪坝区", "经度": 106.313318, "纬度": 29.678368, "电话": NaN, "图片标题1": NaN, "图片地址1": "http://store.is.autonavi.com/showpic/cdbb972cbfd3ac123f3e744e52c01cba", "图片标题2": NaN, "图片地址2": NaN, "图片标题3": NaN, "图片地址3": NaN}
{"名称": "皇师傅家具厂", "地址": "沙坪坝区别墅洋房整屋定制", "城市": "重庆市", "标签": "公司企业;工厂;工厂", "区域名称": "沙坪坝区", "经度": 106.434936, "纬度": 29.552714, "电话": "13983397250;18623397250", "图片标题1": NaN, "图片地址1": "http://store.is.autonavi.com/showpic/9eee5333699a4b07f22b2d4734479b56", "图片标题2": NaN, "图片地址2": "http://store.is.autonavi.com/showpic/07943867f0df517eb104692792f96b6d", "图片标题3": NaN, "图片地址3": NaN}
{"名称": "凯瑞嘉门窗厂", "地址": "山洞社186号", "城市": "重庆市", "标签": "公司企业;工厂;工厂", "区域名称": "沙坪坝区", "经度": 106.418798, "纬度": 29.513731, "电话": "13436174860", "图片标题1": NaN, "图片地址1": "http://store.is.autonavi.com/showpic/641be1e666e5177a07dc928d9371dfa8", "图片标题2": NaN, "图片地址2": "http://store.is.autonavi.com/showpic/bfbc28a03771e8f3ff45a0d0792cdb44", "图片标题3": NaN, "图片地址3": "http://store.is.autonavi.com/showpic/66266288108ba6df7e43c337fc924283"}
{"名称": "运翔机械厂", "地址": "歌乐山镇山洞村三重堂社(活立幼儿园旁)", "城市": "重庆市", "标签": "公司企业;工厂;工厂|生活服务;生活服务场所;生活服务场所", "区域名称": "沙坪坝区", "经度": 106.418407, "纬度": 29.508702, "电话": "13608387630;15608308763", "图片标题1": NaN, "图片地址1": "http://store.is.autonavi.com/showpic/7d9f9a9e6337f42c23b6cf3b2437d6cd", "图片标题2": NaN, "图片地址2": NaN, "图片标题3": NaN, "图片地址3": NaN}
{"名称": "重庆美斯宸门窗", "地址": "歌乐山镇金刚村新庙组5号", "城市": "重庆市", "标签": "公司企业;工厂;工厂|公司企业;公司;公司", "区域名称": "沙坪坝区", "经度": 106.420117, "纬度": 29.611293, "电话": "13657684459", "图片标题1": NaN, "图片地址1": "http://store.is.autonavi.com/showpic/c0681ef74e8de0a31802ffbf1f557d74", "图片标题2": NaN, "图片地址2": NaN, "图片标题3": NaN, "图片地址3": NaN}
{"名称": "重庆尚宝广告灯箱厂", "地址": "歌乐山新开寺工业园", "城市": "重庆市", "标签": "公司企业;公司;广告装饰|公司企业;工厂;工厂", "区域名称": "沙坪坝区", "经度": 106.420166, "纬度": 29.547153, "电话": "023-86261088;13512361788", "图片标题1": NaN, "图片地址1": "http://store.is.autonavi.com/showpic/02027f092749578aa510b71320c6220f", "图片标题2": NaN, "图片地址2": NaN, "图片标题3": NaN, "图片地址3": NaN}
{"名称": "重庆市沙坪坝区陵江塑料厂", "地址": "歌乐山镇欧家湾160号", "城市": "重庆市", "标签": "公司企业;工厂;工厂", "区域名称": "沙坪坝区", "经度": 106.422549, "纬度": 29.581849, "电话": "023-65509888", "图片标题1": NaN, "图片地址1": NaN, "图片标题2": NaN, "图片地址2": NaN, "图片标题3": NaN, "图片地址3": NaN}
{"名称": "金页印务有限公司", "地址": "欧家湾231号", "城市": "重庆市", "标签": "公司企业;工厂;工厂", "区域名称": "沙坪坝区", "经度": 106.422364, "纬度": 29.580492, "电话": "023-65501203", "图片标题1": NaN, "图片地址1": "http://store.is.autonavi.com/showpic/8fadcd5b705c703f09221b1c061db02b", "图片标题2": NaN, "图片地址2": "http://store.is.autonavi.com/showpic/2f4b9d0fd419b3eeb400a6f7180932cf", "图片标题3": NaN, "图片地址3": "http://store.is.autonavi.com/showpic/de28799879cfa92cb61169bd9a4cb781"}
{"名称": "金华铝材", "地址": "金竹沟113号", "城市": "重庆市", "标签": "购物服务;家居建材市场;建材五金市场|公司企业;工厂;工厂", "区域名称": "沙坪坝区", "经度": 106.432262, "纬度": 29.531328, "电话": "13637833215;13637833792", "图片标题1": NaN, "图片地址1": "http://store.is.autonavi.com/showpic/6b63f2b7e7956be4ab74da4fd3e5a46c", "图片标题2": NaN, "图片地址2": "http://store.is.autonavi.com/showpic/d9a730983923f8e82ee3d7e78744254e", "图片标题3": NaN, "图片地址3": NaN}
{"名称": "豪洁洗衣厂", "地址": "双碑街72-1号", "城市": "重庆市", "标签": "公司企业;工厂;工厂", "区域名称": "沙坪坝区", "经度": 106.438987, "纬度": 29.60785, "电话": "13220303515", "图片标题1": NaN, "图片地址1": "http://store.is.autonavi.com/showpic/7813350d76945751174338c0d2a82511", "图片标题2": NaN, "图片地址2": "http://store.is.autonavi.com/showpic/401deb9e4994dee38b56a39fb733cbd6", "图片标题3": NaN, "图片地址3": "http://store.is.autonavi.com/showpic/7d5d33f2472ce37ac748d2654a35ae09"}
{"名称": "庭堡家俬", "地址": "沙坪坝金刚坡街23号附近", "城市": "重庆市", "标签": "公司企业;工厂;工厂", "区域名称": "沙坪坝区", "经度": 106.415574, "纬度": 29.596077, "电话": NaN, "图片标题1": NaN, "图片地址1": "http://store.is.autonavi.com/showpic/7957da120d1e8003c160ebe8963289ea", "图片标题2": NaN, "图片地址2": NaN, "图片标题3": NaN, "图片地址3": NaN}
{"名称": "双天池铸造厂", "地址": "北金路与林海北路交叉口东北120米", "城市": "重庆市", "标签": "公司企业;工厂;工厂", "区域名称": "沙坪坝区", "经度": 106.417665, "纬度": 29.608174, "电话": NaN, "图片标题1": NaN, "图片地址1": NaN, "图片标题2": NaN, "图片地址2": NaN, "图片标题3": NaN, "图片地址3": NaN}
{"名称": "重庆维益摩擦制动材料厂", "地址": "梨树湾石堰2号", "城市": "重庆市", "标签": "公司企业;工厂;工厂", "区域名称": "沙坪坝区", "经度": 106.432099, "纬度": 29.539521, "电话": "023-65201661", "图片标题1": NaN, "图片地址1": "http://store.is.autonavi.com/showpic/6b132159bd48804244c806dea83603d8", "图片标题2": NaN, "图片地址2": NaN, "图片标题3": NaN, "图片地址3": NaN}
{"名称": "伟奇石材工厂", "地址": "大川国际建材城7-7号", "城市": "重庆市", "标签": "购物服务;家居建材市场;建材五金市场|公司企业;工厂;工厂", "区域名称": "沙坪坝区", "经度": 106.381599, "纬度": 29.656629, "电话": "023-88626776;023-88626886", "图片标题1": NaN, "图片地址1": "http://store.is.autonavi.com/showpic/74b044582a8078752fce0d1bba681608", "图片标题2": NaN, "图片地址2": NaN, "图片标题3": NaN, "图片地址3": NaN}
{"名称": "沙坪坝恒星门窗加工厂", "地址": "沙坪坝新桥金竹沟360号", "城市": "重庆市", "标签": "公司企业;工厂;工厂", "区域名称": "沙坪坝区", "经度": 106.430596, "纬度": 29.528252, "电话": NaN, "图片标题1": NaN, "图片地址1": "http://store.is.autonavi.com/showpic/8c34b62ef14cb9ad7987f0e8fca67264", "图片标题2": NaN, "图片地址2": NaN, "图片标题3": NaN, "图片地址3": NaN}
{"名称": "大众吊顶", "地址": "梨树湾玉龙仓库12-10", "城市": "重庆市", "标签": "公司企业;工厂;工厂", "区域名称": "沙坪坝区", "经度": 106.4363, "纬度": 29.550038, "电话": "023-65811741;13452908585", "图片标题1": NaN, "图片地址1": "http://store.is.autonavi.com/showpic/025334a01a3cd1adae2a228b7e7881ef", "图片标题2": NaN, "图片地址2": "http://store.is.autonavi.com/showpic/8fd9b6d24574fe99156d0ce912d13ce7", "图片标题3": NaN, "图片地址3": NaN}
{"名称": "翔越精密弹簧", "地址": "青凤路附近", "城市": "重庆市", "标签": "公司企业;工厂;工厂|公司企业;公司;公司", "区域名称": "沙坪坝区", "经度": 106.318161, "纬度": 29.690983, "电话": NaN, "图片标题1": NaN, "图片地址1": "http://store.is.autonavi.com/showpic/7afa338ded3f7d3a41200249d9c26d35", "图片标题2": NaN, "图片地址2": NaN, "图片标题3": NaN, "图片地址3": NaN}
{"名称": "渝英木材加工厂", "地址": "金刚村新庙组3号", "城市": "重庆市", "标签": "公司企业;工厂;工厂", "区域名称": "沙坪坝区", "经度": 106.420638, "纬度": 29.61099, "电话": "18102307888", "图片标题1": NaN, "图片地址1": "http://store.is.autonavi.com/showpic/43cb34d5de8a8f42b03e7f98512ec822", "图片标题2": NaN, "图片地址2": NaN, "图片标题3": NaN, "图片地址3": NaN}
{"名称": "添美门窗加工厂", "地址": "歌乐山南街与梨新路交叉口西220米", "城市": "重庆市", "标签": "公司企业;工厂;工厂", "区域名称": "沙坪坝区", "经度": 106.41832, "纬度": 29.556067, "电话": NaN, "图片标题1": NaN, "图片地址1": NaN, "图片标题2": NaN, "图片地址2": NaN, "图片标题3": NaN, "图片地址3": NaN}
{"名称": "重庆市沙坪坝区正嘉机械厂", "地址": "凤凰镇皂桷树村郑家河沟社附近", "城市": "重庆市", "标签": "公司企业;工厂;工厂", "区域名称": "沙坪坝区", "经度": 106.323676, "纬度": 29.685389, "电话": NaN, "图片标题1": NaN, "图片地址1": NaN, "图片标题2": NaN, "图片地址2": NaN, "图片标题3": NaN, "图片地址3": NaN}
{"名称": "重庆航亚工贸有限公司", "地址": "庆丰山村团家堡组40号", "城市": "重庆市", "标签": "公司企业;工厂;工厂|公司企业;公司;公司", "区域名称": "沙坪坝区", "经度": 106.418139, "纬度": 29.657524, "电话": "023-65548838", "图片标题1": NaN, "图片地址1": "http://store.is.autonavi.com/showpic/ddda33c24896a28105d712953690383a", "图片标题2": NaN, "图片地址2": "http://store.is.autonavi.com/showpic/754363909d6f9125a5cd02bcf5f54c2b", "图片标题3": NaN, "图片地址3": NaN}
{"名称": "重庆市歌乐山机械铸造厂", "地址": "歌乐山镇金刚村", "城市": "重庆市", "标签": "公司企业;工厂;工厂", "区域名称": "沙坪坝区", "经度": 106.419351, "纬度": 29.597229, "电话": NaN, "图片标题1": NaN, "图片地址1": "http://store.is.autonavi.com/showpic/27cac0f3c0922550bbaf597ee3d4eb19", "图片标题2": NaN, "图片地址2": NaN, "图片标题3": NaN, "图片地址3": NaN}
{"名称": "沙坪坝区鸿通建材厂", "地址": "中梁镇", "城市": "重庆市", "标签": "公司企业;工厂;工厂", "区域名称": "沙坪坝区", "经度": 106.409486, "纬度": 29.628453, "电话": NaN, "图片标题1": NaN, "图片地址1": NaN, "图片标题2": NaN, "图片地址2": NaN, "图片标题3": NaN, "图片地址3": NaN}
{"名称": "重庆市沙坪坝区桦银机械配件厂", "地址": "凤凰桥村12社", "城市": "重庆市", "标签": "公司企业;工厂;工厂", "区域名称": "沙坪坝区", "经度": 106.3283, "纬度": 29.714139, "电话": "023-65600800", "图片标题1": NaN, "图片地址1": "http://aos-cdn-image.amap.com/sns/ugccomment/a6e6f665-2746-4abd-aef5-3332edd0bec0.jpg", "图片标题2": NaN, "图片地址2": "http://aos-cdn-image.amap.com/sns/ugccomment/03da6a58-00ae-46e9-ac3e-984df6cc1771.jpg", "图片标题3": NaN, "图片地址3": NaN}
{"名称": "广东世纪达门窗加工厂", "地址": "歌乐山镇朱家湾村", "城市": "重庆市", "标签": "公司企业;工厂;工厂", "区域名称": "沙坪坝区", "经度": 106.421666, "纬度": 29.606859, "电话": NaN, "图片标题1": NaN, "图片地址1": "http://store.is.autonavi.com/showpic/5b9962b3adfd2bf13b6d05621f51982c", "图片标题2": NaN, "图片地址2": NaN, "图片标题3": NaN, "图片地址3": NaN}
{"名称": "重庆弘亚床上用品有限公司", "地址": "歇马镇西溪桥", "城市": "重庆市", "标签": "公司企业;工厂;工厂", "区域名称": "沙坪坝区", "经度": 106.371324, "纬度": 29.744013, "电话": "13372763825", "图片标题1": NaN, "图片地址1": "http://store.is.autonavi.com/showpic/02a556bf0ae2175c65487b0efcb0c32b", "图片标题2": NaN, "图片地址2": "http://store.is.autonavi.com/showpic/17f8d0cb98c21cd1f13bed427cd34c2d", "图片标题3": NaN, "图片地址3": NaN}
{"名称": "万鑫厨具", "地址": "童家桥街道大水井59号附16号", "城市": "重庆市", "标签": "公司企业;工厂;工厂", "区域名称": "沙坪坝区", "经度": 106.445985, "纬度": 29.570655, "电话": "19122197229;19122197230", "图片标题1": NaN, "图片地址1": "http://store.is.autonavi.com/showpic/f85cb06a28f457a4f709b7f8e80458aa", "图片标题2": NaN, "图片地址2": "https://aos-comment.amap.com/B0H0ONX0QO/headerImg/content_media_external_images_media_231742_1659504287434_cc9aa218.jpg", "图片标题3": NaN, "图片地址3": "https://aos-comment.amap.com/B0H0ONX0QO/headerImg/content_media_external_images_media_229392_1659504321083_cebf1705.jpg"}
{"名称": "重庆宁庆机械有限公司", "地址": "管家桥村歌唱嘴组", "城市": "重庆市", "标签": "公司企业;工厂;工厂", "区域名称": "沙坪坝区", "经度": 106.312792, "纬度": 29.671132, "电话": NaN, "图片标题1": NaN, "图片地址1": "http://store.is.autonavi.com/showpic/d227f76c5301080f3cf3a22e4f958904", "图片标题2": NaN, "图片地址2": "http://store.is.autonavi.com/showpic/c8fd2e7bb7bcc3f2369fd2d86ded13fd", "图片标题3": NaN, "图片地址3": "http://store.is.autonavi.com/showpic/3cd53aa56338f496430089d44c5668b9"}
{"名称": "渝顶汇吊顶厂", "地址": "千斤顶检测西侧240米", "城市": "重庆市", "标签": "公司企业;工厂;工厂", "区域名称": "沙坪坝区", "经度": 106.431763, "纬度": 29.547178, "电话": NaN, "图片标题1": NaN, "图片地址1": NaN, "图片标题2": NaN, "图片地址2": NaN, "图片标题3": NaN, "图片地址3": NaN}
{"名称": "重庆雀无声隔音门窗工厂", "地址": "山洞路143号", "城市": "重庆市", "标签": "公司企业;工厂;工厂", "区域名称": "沙坪坝区", "经度": 106.415913, "纬度": 29.516925, "电话": "13272928730;18580381415", "图片标题1": NaN, "图片地址1": "http://store.is.autonavi.com/showpic/e511816f171b7a7be1a573412c28db0c", "图片标题2": NaN, "图片地址2": "https://aos-comment.amap.com/B0IAR78QEX/headerImg/content_media_external_images_media_348007_1663927877147_7e77efc8.jpg", "图片标题3": NaN, "图片地址3": NaN}
{"名称": "华岗摩托车配件厂", "地址": "青北路与凤兴路交叉口西南500米", "城市": "重庆市", "标签": "公司企业;工厂;工厂", "区域名称": "沙坪坝区", "经度": 106.312122, "纬度": 29.68162, "电话": NaN, "图片标题1": NaN, "图片地址1": NaN, "图片标题2": NaN, "图片地址2": NaN, "图片标题3": NaN, "图片地址3": NaN}
{"名称": "华君轻钢龙骨厂", "地址": "梨树湾长运驾校前行300米", "城市": "重庆市", "标签": "公司企业;工厂;工厂", "区域名称": "沙坪坝区", "经度": 106.433026, "纬度": 29.541241, "电话": "13436088880", "图片标题1": NaN, "图片地址1": "http://store.is.autonavi.com/showpic/b0d0c282e1c468a567cf9513fffa1b7b", "图片标题2": NaN, "图片地址2": "http://store.is.autonavi.com/showpic/df5a9d888c2e12c37f2c486e8a4ab8be", "图片标题3": NaN, "图片地址3": NaN}
{"名称": "腾达软包厂", "地址": "石小路72号附6号(马家岩地铁站1B口步行250米)", "城市": "重庆市", "标签": "公司企业;工厂;工厂", "区域名称": "沙坪坝区", "经度": 106.468023, "纬度": 29.545353, "电话": "13618333926", "图片标题1": NaN, "图片地址1": "http://store.is.autonavi.com/showpic/d842ccdf71bdda4bc85792f5e2a14cc1", "图片标题2": NaN, "图片地址2": NaN, "图片标题3": NaN, "图片地址3": NaN}
{"名称": "重庆奕恩全铝家具厂", "地址": "梨树湾芭蕉沟223号", "城市": "重庆市", "标签": "公司企业;工厂;工厂", "区域名称": "沙坪坝区", "经度": 106.434515, "纬度": 29.557125, "电话": "13399855105", "图片标题1": NaN, "图片地址1": "http://store.is.autonavi.com/showpic/36a0c8a4684d689706073a3e50f7ac45", "图片标题2": NaN, "图片地址2": "http://store.is.autonavi.com/showpic/d6ef11b73cde8aea67a6bdffe6f199dc", "图片标题3": NaN, "图片地址3": NaN}
{"名称": "丰云预制厂", "地址": "麻柳榜社", "城市": "重庆市", "标签": "公司企业;工厂;工厂", "区域名称": "沙坪坝区", "经度": 106.418871, "纬度": 29.517409, "电话": "13647690156;13883028998", "图片标题1": NaN, "图片地址1": "http://store.is.autonavi.com/showpic/459727ed5c894f2553ddfaff7456dc2a", "图片标题2": NaN, "图片地址2": "http://store.is.autonavi.com/showpic/5a927fb7289473f3839f1b4aef584054", "图片标题3": NaN, "图片地址3": "http://store.is.autonavi.com/showpic/86a1a35ef5786ddf92961319b1742d1f"}
{"名称": "永盛酒厂", "地址": "曾家正街97号附1号", "城市": "重庆市", "标签": "公司企业;工厂;工厂", "区域名称": "沙坪坝区", "经度": 106.301261, "纬度": 29.556116, "电话": "18829900849", "图片标题1": NaN, "图片地址1": "http://store.is.autonavi.com/showpic/f12c8c3e1e66b28622168a8a9a8327f4", "图片标题2": NaN, "图片地址2": "http://store.is.autonavi.com/showpic/227e0ffeeb82cf76591bb4b45b24babf", "图片标题3": NaN, "图片地址3": NaN}
{"名称": "春红机械厂", "地址": "歌乐山镇山洞村坪上社", "城市": "重庆市", "标签": "公司企业;工厂;工厂", "区域名称": "沙坪坝区", "经度": 106.419991, "纬度": 29.502364, "电话": NaN, "图片标题1": NaN, "图片地址1": NaN, "图片标题2": NaN, "图片地址2": NaN, "图片标题3": NaN, "图片地址3": NaN}
{"名称": "正扬木制品厂", "地址": "含谷镇菜市路口往西永方向下行500米", "城市": "重庆市", "标签": "公司企业;工厂;工厂", "区域名称": "沙坪坝区", "经度": 106.401157, "纬度": 29.541171, "电话": NaN, "图片标题1": NaN, "图片地址1": NaN, "图片标题2": NaN, "图片地址2": NaN, "图片标题3": NaN, "图片地址3": NaN}
{"名称": "重庆地质配件厂", "地址": "石小路与202乡道交叉口西340米", "城市": "重庆市", "标签": "公司企业;工厂;工厂", "区域名称": "沙坪坝区", "经度": 106.466537, "纬度": 29.547578, "电话": NaN, "图片标题1": NaN, "图片地址1": "http://store.is.autonavi.com/showpic/0e6a042c8315ccb55aec699d051ce1e1", "图片标题2": NaN, "图片地址2": "http://store.is.autonavi.com/showpic/2dbbf5f30a76f092a90cb239274baf74", "图片标题3": NaN, "图片地址3": NaN}
{"名称": "重庆市歌乐山机械厂", "地址": "歌乐山镇向家湾", "城市": "重庆市", "标签": "公司企业;工厂;工厂", "区域名称": "沙坪坝区", "经度": 106.420672, "纬度": 29.560329, "电话": NaN, "图片标题1": NaN, "图片地址1": "http://store.is.autonavi.com/showpic/9b738c399e82da3a1a4f71d508159fbf", "图片标题2": NaN, "图片地址2": "http://store.is.autonavi.com/showpic/54b414b6045c72a2984b2c8464af5fce", "图片标题3": NaN, "图片地址3": NaN}
{"名称": "锐驰机械厂", "地址": "茅山峡公路", "城市": "重庆市", "标签": "公司企业;工厂;工厂", "区域名称": "沙坪坝区", "经度": 106.433281, "纬度": 29.625887, "电话": NaN, "图片标题1": NaN, "图片地址1": NaN, "图片标题2": NaN, "图片地址2": NaN, "图片标题3": NaN, "图片地址3": NaN}
{"名称": "常青兄弟实木家具厂", "地址": "山洞街道歌乐山镇山洞村", "城市": "重庆市", "标签": "公司企业;工厂;工厂", "区域名称": "沙坪坝区", "经度": 106.419484, "纬度": 29.503361, "电话": NaN, "图片标题1": NaN, "图片地址1": "http://store.is.autonavi.com/showpic/21de170e5b993c5be6d6caa73b2474fc", "图片标题2": NaN, "图片地址2": NaN, "图片标题3": NaN, "图片地址3": NaN}
{"名称": "重源风机生产基地", "地址": "歌乐山街道新开寺杨家沟7号", "城市": "重庆市", "标签": "公司企业;公司;公司|公司企业;工厂;工厂", "区域名称": "沙坪坝区", "经度": 106.422681, "纬度": 29.543907, "电话": "023-65505525", "图片标题1": NaN, "图片地址1": "http://store.is.autonavi.com/showpic/a5177a2e6bd8047f56aa0f7ef878c859", "图片标题2": NaN, "图片地址2": NaN, "图片标题3": NaN, "图片地址3": NaN}
{"名称": "沙坪坝区富特斯滤芯厂", "地址": "歌乐山镇玄龙寺31号", "城市": "重庆市", "标签": "公司企业;工厂;工厂", "区域名称": "沙坪坝区", "经度": 106.408059, "纬度": 29.575308, "电话": NaN, "图片标题1": NaN, "图片地址1": "http://store.is.autonavi.com/showpic/606fc58d171fc529816f2babbc0fb83a", "图片标题2": NaN, "图片地址2": "http://store.is.autonavi.com/showpic/22cad45ee7fc9f176f6eaeb1e641ac8e", "图片标题3": NaN, "图片地址3": NaN}
{"名称": "重庆市沙坪坝区何氏机械厂", "地址": "新桥正街三陵雅园A区西北344米", "城市": "重庆市", "标签": "公司企业;工厂;工厂", "区域名称": "沙坪坝区", "经度": 106.436894, "纬度": 29.52807, "电话": NaN, "图片标题1": NaN, "图片地址1": NaN, "图片标题2": NaN, "图片地址2": NaN, "图片标题3": NaN, "图片地址3": NaN}
{"名称": "敏言包装", "地址": "磁南街1号磁器口", "城市": "重庆市", "标签": "公司企业;工厂;工厂", "区域名称": "沙坪坝区", "经度": 106.44667, "纬度": 29.581313, "电话": NaN, "图片标题1": NaN, "图片地址1": "http://store.is.autonavi.com/showpic/55812e71a3109f1e8a1cd3cb", "图片标题2": NaN, "图片地址2": "http://store.is.autonavi.com/showpic/55812e71a3109f1e8a1cd3cd", "图片标题3": NaN, "图片地址3": NaN}
{"名称": "王木木木门厂", "地址": "中梁镇茅山峡村21号", "城市": "重庆市", "标签": "公司企业;工厂;工厂", "区域名称": "沙坪坝区", "经度": 106.423334, "纬度": 29.625083, "电话": NaN, "图片标题1": NaN, "图片地址1": NaN, "图片标题2": NaN, "图片地址2": NaN, "图片标题3": NaN, "图片地址3": NaN}
{"名称": "重庆市沙坪坝区扬航门窗厂", "地址": "井口街道南溪村", "城市": "重庆市", "标签": "公司企业;工厂;工厂", "区域名称": "沙坪坝区", "经度": 106.435013, "纬度": 29.622682, "电话": NaN, "图片标题1": NaN, "图片地址1": NaN, "图片标题2": NaN, "图片地址2": NaN, "图片标题3": NaN, "图片地址3": NaN}
{"名称": "重庆市光大钢筘厂", "地址": "回龙坝镇三开发路口", "城市": "重庆市", "标签": "公司企业;工厂;工厂", "区域名称": "沙坪坝区", "经度": 106.386662, "纬度": 29.704003, "电话": NaN, "图片标题1": NaN, "图片地址1": "http://store.is.autonavi.com/showpic/7bb891b2e1e76720f44bf4a25504bfc0", "图片标题2": NaN, "图片地址2": NaN, "图片标题3": NaN, "图片地址3": NaN}
{"名称": "双润家具厂", "地址": "高滩岩正街(凤鸣山中学对面)", "城市": "重庆市", "标签": "公司企业;工厂;工厂", "区域名称": "沙坪坝区", "经度": 106.447434, "纬度": 29.529882, "电话": "15823315314", "图片标题1": NaN, "图片地址1": NaN, "图片标题2": NaN, "图片地址2": NaN, "图片标题3": NaN, "图片地址3": NaN}
{"名称": "重归机械厂", "地址": "青木关镇青木关派出所旁边", "城市": "重庆市", "标签": "公司企业;工厂;工厂", "区域名称": "沙坪坝区", "经度": 106.314466, "纬度": 29.677589, "电话": NaN, "图片标题1": NaN, "图片地址1": "http://aos-cdn-image.amap.com/sns/ugccomment/40ca8ffb-aeb9-4d0c-9219-6e8680caa1b1.png", "图片标题2": NaN, "图片地址2": NaN, "图片标题3": NaN, "图片地址3": NaN}
{"名称": "宜家一米阳光沙发厂", "地址": "井口街道远祖桥青龙嘴社", "城市": "重庆市", "标签": "公司企业;工厂;工厂", "区域名称": "沙坪坝区", "经度": 106.439255, "纬度": 29.621346, "电话": NaN, "图片标题1": NaN, "图片地址1": NaN, "图片标题2": NaN, "图片地址2": NaN, "图片标题3": NaN, "图片地址3": NaN}
{"名称": "靓婷制衣厂", "地址": "渝碚路街道沙杨路大杨公桥1号", "城市": "重庆市", "标签": "公司企业;工厂;工厂", "区域名称": "沙坪坝区", "经度": 106.45476, "纬度": 29.564437, "电话": NaN, "图片标题1": NaN, "图片地址1": "http://store.is.autonavi.com/showpic/f61a8e711d6dd4b8736c7d88bee94cda", "图片标题2": NaN, "图片地址2": "http://store.is.autonavi.com/showpic/0daea12878dce8ef3b81c6cd79c2521b", "图片标题3": NaN, "图片地址3": NaN}
{"名称": "老唐踢角线厂", "地址": "满山红村", "城市": "重庆市", "标签": "公司企业;工厂;工厂", "区域名称": "沙坪坝区", "经度": 106.467372, "纬度": 29.541972, "电话": NaN, "图片标题1": NaN, "图片地址1": "http://store.is.autonavi.com/showpic/4a1070e220825e5bd291ca585065c3de", "图片标题2": NaN, "图片地址2": NaN, "图片标题3": NaN, "图片地址3": NaN}
{"名称": "重庆明发家具厂", "地址": "覃家岗镇梨树湾村2号附近", "城市": "重庆市", "标签": "公司企业;工厂;工厂", "区域名称": "沙坪坝区", "经度": 106.431897, "纬度": 29.539353, "电话": "023-61574953", "图片标题1": NaN, "图片地址1": NaN, "图片标题2": NaN, "图片地址2": NaN, "图片标题3": NaN, "图片地址3": NaN}
{"名称": "沙坪坝区诚远纸箱厂", "地址": "歌乐山镇新开寺村石桥院社", "城市": "重庆市", "标签": "公司企业;工厂;工厂", "区域名称": "沙坪坝区", "经度": 106.419991, "纬度": 29.549849, "电话": "13883305285;18996341675", "图片标题1": NaN, "图片地址1": "http://store.is.autonavi.com/showpic/94233478d2b6c4e567c313c0eb39641b", "图片标题2": NaN, "图片地址2": "http://store.is.autonavi.com/showpic/1b71fb3c88683bb62b99ff5e39e63298", "图片标题3": NaN, "图片地址3": "http://store.is.autonavi.com/showpic/fbd0b1e8c08e7e800eef1747c402ca9e"}
{"名称": "龙祥水泥制品厂", "地址": "新山路25号附近", "城市": "重庆市", "标签": "公司企业;工厂;工厂", "区域名称": "沙坪坝区", "经度": 106.431546, "纬度": 29.518115, "电话": NaN, "图片标题1": NaN, "图片地址1": NaN, "图片标题2": NaN, "图片地址2": NaN, "图片标题3": NaN, "图片地址3": NaN}
{"名称": "共创实木家具厂", "地址": "歌乐山街道林园后门", "城市": "重庆市", "标签": "公司企业;工厂;工厂", "区域名称": "沙坪坝区", "经度": 106.420076, "纬度": 29.539247, "电话": "15823868680;15998981252", "图片标题1": NaN, "图片地址1": NaN, "图片标题2": NaN, "图片地址2": NaN, "图片标题3": NaN, "图片地址3": NaN}
{"名称": "德豪润机械厂", "地址": "井口工业园区", "城市": "重庆市", "标签": "公司企业;工厂;工厂", "区域名称": "沙坪坝区", "经度": 106.448598, "纬度": 29.656771, "电话": NaN, "图片标题1": NaN, "图片地址1": NaN, "图片标题2": NaN, "图片地址2": NaN, "图片标题3": NaN, "图片地址3": NaN}
{"名称": "鑫宏木工刀具厂", "地址": "歌乐山镇山洞村柏果树82号", "城市": "重庆市", "标签": "公司企业;工厂;工厂", "区域名称": "沙坪坝区", "经度": 106.419422, "纬度": 29.523088, "电话": "023-88050304", "图片标题1": NaN, "图片地址1": NaN, "图片标题2": NaN, "图片地址2": NaN, "图片标题3": NaN, "图片地址3": NaN}
{"名称": "特兴热处理厂", "地址": "前进坡小区西侧140米", "城市": "重庆市", "标签": "公司企业;工厂;工厂", "区域名称": "沙坪坝区", "经度": 106.435699, "纬度": 29.599094, "电话": NaN, "图片标题1": NaN, "图片地址1": NaN, "图片标题2": NaN, "图片地址2": NaN, "图片标题3": NaN, "图片地址3": NaN}
{"名称": "芝麻开门家具厂", "地址": "科琪工贸有限公司东北侧160米", "城市": "重庆市", "标签": "公司企业;工厂;工厂", "区域名称": "沙坪坝区", "经度": 106.43399, "纬度": 29.528044, "电话": NaN, "图片标题1": NaN, "图片地址1": NaN, "图片标题2": NaN, "图片地址2": NaN, "图片标题3": NaN, "图片地址3": NaN}
{"名称": "重庆美康包装制品有限公司", "地址": "回龙坝镇团歇路回龙坝村八斗丘组38号", "城市": "重庆市", "标签": "公司企业;工厂;工厂", "区域名称": "沙坪坝区", "经度": 106.388456, "纬度": 29.715396, "电话": "023-65606818;15310969739", "图片标题1": NaN, "图片地址1": "http://store.is.autonavi.com/showpic/785a44a99ab34f25b99e50b6b3e0fa75", "图片标题2": NaN, "图片地址2": NaN, "图片标题3": NaN, "图片地址3": NaN}
{"名称": "世强浆纱厂", "地址": "回龙坝镇大桥村2社", "城市": "重庆市", "标签": "公司企业;工厂;工厂", "区域名称": "沙坪坝区", "经度": 106.386734, "纬度": 29.705288, "电话": NaN, "图片标题1": NaN, "图片地址1": "http://store.is.autonavi.com/showpic/8cf3334ce8dd56ca2804adbcaa58dfe1", "图片标题2": NaN, "图片地址2": NaN, "图片标题3": NaN, "图片地址3": NaN}
{"名称": "重庆天伦洗衣厂", "地址": "杨梨路160号", "城市": "重庆市", "标签": "公司企业;工厂;工厂", "区域名称": "沙坪坝区", "经度": 106.440475, "纬度": 29.560031, "电话": "13983642842", "图片标题1": NaN, "图片地址1": NaN, "图片标题2": NaN, "图片地址2": NaN, "图片标题3": NaN, "图片地址3": NaN}
{"名称": "重庆博力嘉智弹簧有限公司", "地址": "关口村163号", "城市": "重庆市", "标签": "公司企业;工厂;工厂", "区域名称": "沙坪坝区", "经度": 106.296212, "纬度": 29.675135, "电话": NaN, "图片标题1": NaN, "图片地址1": "http://store.is.autonavi.com/showpic/b28f30123a7b8f845e689d9a738db855", "图片标题2": NaN, "图片地址2": NaN, "图片标题3": NaN, "图片地址3": NaN}
{"名称": "竣敏模压套装门板厂", "地址": "山洞路297号", "城市": "重庆市", "标签": "公司企业;工厂;工厂", "区域名称": "沙坪坝区", "经度": 106.405526, "纬度": 29.545882, "电话": NaN, "图片标题1": NaN, "图片地址1": "http://store.is.autonavi.com/showpic/a58d9ac9cd36d467760e0ac3a55dbd02", "图片标题2": NaN, "图片地址2": NaN, "图片标题3": NaN, "图片地址3": NaN}
{"名称": "重庆汇能锅炉厂", "地址": "渝碚路39号庆泰大厦7-9号", "城市": "重庆市", "标签": "公司企业;工厂;工厂", "区域名称": "沙坪坝区", "经度": 106.460909, "纬度": 29.556771, "电话": "19122763559", "图片标题1": NaN, "图片地址1": "http://store.is.autonavi.com/showpic/d4899011b4454a2cd774c448281f8a23", "图片标题2": NaN, "图片地址2": "http://store.is.autonavi.com/showpic/b806347281c9778a6b5622472b2d346d", "图片标题3": NaN, "图片地址3": NaN}
{"名称": "汇利建材厂", "地址": "高庙村地铁站2号口步行140米", "城市": "重庆市", "标签": "公司企业;工厂;工厂", "区域名称": "沙坪坝区", "经度": 106.468587, "纬度": 29.53584, "电话": NaN, "图片标题1": NaN, "图片地址1": "http://store.is.autonavi.com/showpic/ee0869b650f91f9cc65e84b2d6560891", "图片标题2": NaN, "图片地址2": NaN, "图片标题3": NaN, "图片地址3": NaN}
{"名称": "广达重庆厂", "地址": "西永镇综保大道18号", "城市": "重庆市", "标签": "公司企业;工厂;工厂", "区域名称": "沙坪坝区", "经度": 106.315986, "纬度": 29.552446, "电话": NaN, "图片标题1": NaN, "图片地址1": NaN, "图片标题2": NaN, "图片地址2": NaN, "图片标题3": NaN, "图片地址3": NaN}
{"名称": "重庆宜思诺背景墙画厂", "地址": "渝碚路39号庆泰大厦6楼6-4", "城市": "重庆市", "标签": "公司企业;工厂;工厂", "区域名称": "沙坪坝区", "经度": 106.460287, "纬度": 29.556337, "电话": "19122763559", "图片标题1": NaN, "图片地址1": "http://store.is.autonavi.com/showpic/14e6526e531ffb94713477555cd66022", "图片标题2": NaN, "图片地址2": NaN, "图片标题3": NaN, "图片地址3": NaN}
{"名称": "重庆广钰礼盒包装厂", "地址": "天陈路1号新时代大厦7-9", "城市": "重庆市", "标签": "公司企业;工厂;工厂", "区域名称": "沙坪坝区", "经度": 106.460081, "纬度": 29.557267, "电话": "19122763559", "图片标题1": NaN, "图片地址1": "http://store.is.autonavi.com/showpic/6180afc5a6b3ef2d97d4d668d67929e8", "图片标题2": NaN, "图片地址2": NaN, "图片标题3": NaN, "图片地址3": NaN}
{"名称": "重庆莱吉配电箱柜厂", "地址": "渝碚路39号庆泰大厦363", "城市": "重庆市", "标签": "公司企业;工厂;工厂", "区域名称": "沙坪坝区", "经度": 106.46014, "纬度": 29.557075, "电话": "19122763559", "图片标题1": NaN, "图片地址1": "http://store.is.autonavi.com/showpic/8087d07ff1e94c4c3d554430c1e00cb3", "图片标题2": NaN, "图片地址2": NaN, "图片标题3": NaN, "图片地址3": NaN}
{"名称": "重庆作华卷帘门厂", "地址": "关井沟C区3号负3号", "城市": "重庆市", "标签": "公司企业;工厂;工厂", "区域名称": "沙坪坝区", "经度": 106.437069, "纬度": 29.51531, "电话": "023-68618009", "图片标题1": NaN, "图片地址1": "http://store.is.autonavi.com/showpic/7c7d2806c391b7fe1400c186f79bc969", "图片标题2": NaN, "图片地址2": "http://store.is.autonavi.com/showpic/ba3fec991a67d02329dde1070c1a8e5e", "图片标题3": NaN, "图片地址3": NaN}
{"名称": "沙坪坝区志航栏杆厂", "地址": "歌乐山镇山洞村", "城市": "重庆市", "标签": "公司企业;工厂;工厂", "区域名称": "沙坪坝区", "经度": 106.418429, "纬度": 29.508268, "电话": NaN, "图片标题1": NaN, "图片地址1": "http://store.is.autonavi.com/showpic/36b6fb35aab17e35c3e807afc606aed9", "图片标题2": NaN, "图片地址2": NaN, "图片标题3": NaN, "图片地址3": NaN}
{"名称": "青木联芳金属加工厂", "地址": "青木关镇青北路", "城市": "重庆市", "标签": "公司企业;工厂;工厂", "区域名称": "沙坪坝区", "经度": 106.307563, "纬度": 29.672984, "电话": NaN, "图片标题1": NaN, "图片地址1": "http://store.is.autonavi.com/showpic/6c721256fd94d3449c07842b1cce6923", "图片标题2": NaN, "图片地址2": NaN, "图片标题3": NaN, "图片地址3": NaN}
{"名称": "腾丰钢结构活动房", "地址": "上土湾路与龙泉路交叉口东140米", "城市": "重庆市", "标签": "公司企业;工厂;工厂", "区域名称": "沙坪坝区", "经度": 106.470687, "纬度": 29.552777, "电话": NaN, "图片标题1": NaN, "图片地址1": "http://store.is.autonavi.com/showpic/f7d70f20c7a1342061b81b79fb1099a5", "图片标题2": NaN, "图片地址2": NaN, "图片标题3": NaN, "图片地址3": NaN}
{"名称": "文成机械厂", "地址": "字洋商贸公司北侧120米", "城市": "重庆市", "标签": "公司企业;工厂;工厂", "区域名称": "沙坪坝区", "经度": 106.388267, "纬度": 29.711064, "电话": NaN, "图片标题1": NaN, "图片地址1": NaN, "图片标题2": NaN, "图片地址2": NaN, "图片标题3": NaN, "图片地址3": NaN}
{"名称": "更兴机械厂", "地址": "新青路", "城市": "重庆市", "标签": "公司企业;工厂;工厂", "区域名称": "沙坪坝区", "经度": 106.294054, "纬度": 29.675358, "电话": NaN, "图片标题1": NaN, "图片地址1": NaN, "图片标题2": NaN, "图片地址2": NaN, "图片标题3": NaN, "图片地址3": NaN}
{"名称": "重庆洋凡电气有限公司", "地址": "覃家岗镇新桥村石梯工业园小区", "城市": "重庆市", "标签": "公司企业;工厂;工厂", "区域名称": "沙坪坝区", "经度": 106.434229, "纬度": 29.516098, "电话": NaN, "图片标题1": NaN, "图片地址1": "http://store.is.autonavi.com/showpic/35170c141c379a650f1863e29f04daed", "图片标题2": NaN, "图片地址2": NaN, "图片标题3": NaN, "图片地址3": NaN}
{"名称": "洪辉家具厂", "地址": "茅山峡村七龙穴组199号", "城市": "重庆市", "标签": "公司企业;工厂;工厂", "区域名称": "沙坪坝区", "经度": 106.408963, "纬度": 29.628654, "电话": NaN, "图片标题1": NaN, "图片地址1": "https://aos-comment.amap.com/B0IKL5T89E/headerImg/7209781a8e874a7d4ffbb840979fe585_2048_2048_80.jpg", "图片标题2": NaN, "图片地址2": "https://aos-comment.amap.com/B0IKL5T89E/headerImg/ebe8e525f1a52350ca63dea094c9a212_2048_2048_80.jpg", "图片标题3": NaN, "图片地址3": "https://aos-comment.amap.com/B0IKL5T89E/headerImg/224dc6b6ccf0f4b8b9faa75cd1e69580_2048_2048_80.jpg"}
{"名称": "崔记食品加工厂", "地址": "曾家正街与曾凤路交叉口西北160米", "城市": "重庆市", "标签": "公司企业;工厂;工厂", "区域名称": "沙坪坝区", "经度": 106.299698, "纬度": 29.553973, "电话": NaN, "图片标题1": NaN, "图片地址1": NaN, "图片标题2": NaN, "图片地址2": NaN, "图片标题3": NaN, "图片地址3": NaN}
{"名称": "勇胜灯箱厂", "地址": "西永智慧光都物流A区10号", "城市": "重庆市", "标签": "公司企业;工厂;工厂", "区域名称": "沙坪坝区", "经度": 106.389203, "纬度": 29.600364, "电话": NaN, "图片标题1": NaN, "图片地址1": "http://store.is.autonavi.com/showpic/1c8f7e543d96de7b00a9c34928982a79", "图片标题2": NaN, "图片地址2": "http://store.is.autonavi.com/showpic/038b9ce9daa9615d4d2a60eeb5a56437", "图片标题3": NaN, "图片地址3": NaN}
{"名称": "鹏达灯箱厂", "地址": "荣生人造板有限公司北", "城市": "重庆市", "标签": "公司企业;工厂;工厂", "区域名称": "沙坪坝区", "经度": 106.411603, "纬度": 29.599751, "电话": "023-65251737", "图片标题1": NaN, "图片地址1": "http://store.is.autonavi.com/showpic/6e9887eab7f6374c7792561eb411fca9", "图片标题2": NaN, "图片地址2": NaN, "图片标题3": NaN, "图片地址3": NaN}
{"名称": "奥乐霞工厂", "地址": "青木关青木湖村板壁房子8号", "城市": "重庆市", "标签": "公司企业;工厂;工厂", "区域名称": "沙坪坝区", "经度": 106.315529, "纬度": 29.67831, "电话": "023-65514861", "图片标题1": NaN, "图片地址1": NaN, "图片标题2": NaN, "图片地址2": NaN, "图片标题3": NaN, "图片地址3": NaN}
{"名称": "广达F2厂", "地址": "曾凤路88号", "城市": "重庆市", "标签": "公司企业;工厂;工厂", "区域名称": "沙坪坝区", "经度": 106.315339, "纬度": 29.554674, "电话": NaN, "图片标题1": NaN, "图片地址1": NaN, "图片标题2": NaN, "图片地址2": NaN, "图片标题3": NaN, "图片地址3": NaN}
{"名称": "鑫源电热器厂", "地址": "新山路东50米", "城市": "重庆市", "标签": "公司企业;工厂;工厂", "区域名称": "沙坪坝区", "经度": 106.434006, "纬度": 29.517943, "电话": "023-65336308;13008325860", "图片标题1": NaN, "图片地址1": "http://store.is.autonavi.com/showpic/b5a886fc833482be4f1a1ecb9dc91ae9", "图片标题2": NaN, "图片地址2": "http://store.is.autonavi.com/showpic/b63fb34c0ee741a9abf13b74d148325a", "图片标题3": NaN, "图片地址3": "http://store.is.autonavi.com/showpic/22f1eeee1602888005e595412ac67376"}
{"名称": "重庆展途灯箱工厂", "地址": "梨树湾芭蕉沟188号", "城市": "重庆市", "标签": "公司企业;工厂;工厂", "区域名称": "沙坪坝区", "经度": 106.434507, "纬度": 29.55239, "电话": "17378336268;19122718522", "图片标题1": NaN, "图片地址1": "http://store.is.autonavi.com/showpic/6887fc009f1dca14402502bf89266f54", "图片标题2": NaN, "图片地址2": "http://store.is.autonavi.com/showpic/7ba963336db0b447b24c5c4883d7d7b1", "图片标题3": NaN, "图片地址3": NaN}
{"名称": "学腾酒厂", "地址": "永祥路与西丰路交叉口东北20米", "城市": "重庆市", "标签": "公司企业;工厂;工厂", "区域名称": "沙坪坝区", "经度": 106.365385, "纬度": 29.608683, "电话": NaN, "图片标题1": NaN, "图片地址1": NaN, "图片标题2": NaN, "图片地址2": NaN, "图片标题3": NaN, "图片地址3": NaN}
{"名称": "重庆森利低温设备有限公司", "地址": "井口工业园井华路8号", "城市": "重庆市", "标签": "公司企业;工厂;工厂", "区域名称": "沙坪坝区", "经度": 106.4546, "纬度": 29.653317, "电话": "023-65358870", "图片标题1": NaN, "图片地址1": "http://store.is.autonavi.com/showpic/ff4bc6d0580a9bd3aa10b034d3d62dfa", "图片标题2": NaN, "图片地址2": "http://store.is.autonavi.com/showpic/69808790b7f1819a038d9e13b4d29d31", "图片标题3": NaN, "图片地址3": NaN}
{"名称": "鼎丰家具厂", "地址": "华西耐火材料厂旁边", "城市": "重庆市", "标签": "公司企业;工厂;工厂", "区域名称": "沙坪坝区", "经度": 106.437338, "纬度": 29.530689, "电话": NaN, "图片标题1": NaN, "图片地址1": "http://store.is.autonavi.com/showpic/423b65df2c3bb29db97471bfd58d06f7", "图片标题2": NaN, "图片地址2": NaN, "图片标题3": NaN, "图片地址3": NaN}
{"名称": "淋浴房/隔断加工厂", "地址": "土主镇四塘村幸福组39号", "城市": "重庆市", "标签": "公司企业;工厂;工厂", "区域名称": "沙坪坝区", "经度": 106.368671, "纬度": 29.634702, "电话": "18883788195", "图片标题1": NaN, "图片地址1": "http://store.is.autonavi.com/showpic/da7e8c77467bcc4a9d8a93e425f37535", "图片标题2": NaN, "图片地址2": NaN, "图片标题3": NaN, "图片地址3": NaN}
{"名称": "土豆铝制品加工厂", "地址": "新桥金竹沟370号", "城市": "重庆市", "标签": "公司企业;工厂;工厂", "区域名称": "沙坪坝区", "经度": 106.430929, "纬度": 29.526893, "电话": "13668055378", "图片标题1": NaN, "图片地址1": NaN, "图片标题2": NaN, "图片地址2": NaN, "图片标题3": NaN, "图片地址3": NaN}
{"名称": "重庆长安标准件厂", "地址": "井口镇井盛路8号", "城市": "重庆市", "标签": "公司企业;工厂;工厂", "区域名称": "沙坪坝区", "经度": 106.454728, "纬度": 29.658448, "电话": NaN, "图片标题1": NaN, "图片地址1": "http://store.is.autonavi.com/showpic/bbd9c04e8c42fc4c859c7cf35ef3d013", "图片标题2": NaN, "图片地址2": NaN, "图片标题3": NaN, "图片地址3": NaN}
{"名称": "沙坪坝区冉氏路板厂", "地址": "新山路附近", "城市": "重庆市", "标签": "公司企业;工厂;工厂", "区域名称": "沙坪坝区", "经度": 106.425784, "纬度": 29.511922, "电话": "15123875377", "图片标题1": NaN, "图片地址1": "http://store.is.autonavi.com/showpic/cd516809dd35e203e19e3dd7f97256d8", "图片标题2": NaN, "图片地址2": NaN, "图片标题3": NaN, "图片地址3": NaN}
{"名称": "重庆德和实业", "地址": "杨家沟278号", "城市": "重庆市", "标签": "公司企业;工厂;工厂", "区域名称": "沙坪坝区", "经度": 106.433224, "纬度": 29.549094, "电话": "13399885421", "图片标题1": NaN, "图片地址1": "http://store.is.autonavi.com/showpic/65596ce25115a294b12de2b90d09b5a0", "图片标题2": NaN, "图片地址2": "http://store.is.autonavi.com/showpic/ad9c0398e088ce7e3b3293c7d018eed0", "图片标题3": NaN, "图片地址3": NaN}
{"名称": "麒兴金属声屏障厂", "地址": "新山路269号宏达建材院内", "城市": "重庆市", "标签": "公司企业;工厂;工厂", "区域名称": "沙坪坝区", "经度": 106.432827, "纬度": 29.522319, "电话": NaN, "图片标题1": NaN, "图片地址1": "http://store.is.autonavi.com/showpic/987f1f876f1b003e5f78839288b9399c", "图片标题2": NaN, "图片地址2": NaN, "图片标题3": NaN, "图片地址3": NaN}
{"名称": "沙坪坝区世发木器加工厂", "地址": "金刚村龙塘坎临5号", "城市": "重庆市", "标签": "公司企业;工厂;工厂", "区域名称": "沙坪坝区", "经度": 106.406518, "纬度": 29.610046, "电话": "13883614723", "图片标题1": NaN, "图片地址1": "http://store.is.autonavi.com/showpic/0436b33681db36a7533addd0624353d5", "图片标题2": NaN, "图片地址2": NaN, "图片标题3": NaN, "图片地址3": NaN}
{"名称": "沙坪坝区鑫顺模具厂", "地址": "青木关镇青凤路康宇汽修正对面工厂", "城市": "重庆市", "标签": "公司企业;工厂;工厂", "区域名称": "沙坪坝区", "经度": 106.313641, "纬度": 29.67839, "电话": NaN, "图片标题1": NaN, "图片地址1": NaN, "图片标题2": NaN, "图片地址2": NaN, "图片标题3": NaN, "图片地址3": NaN}
{"名称": "安拓极简玻璃门厂", "地址": "金竹沟工业园东南侧180米", "城市": "重庆市", "标签": "公司企业;工厂;工厂", "区域名称": "沙坪坝区", "经度": 106.433895, "纬度": 29.530145, "电话": NaN, "图片标题1": NaN, "图片地址1": NaN, "图片标题2": NaN, "图片地址2": NaN, "图片标题3": NaN, "图片地址3": NaN}
{"名称": "重庆新伟泡沫厂", "地址": "歌乐山韭菜弯118号", "城市": "重庆市", "标签": "公司企业;工厂;工厂", "区域名称": "沙坪坝区", "经度": 106.413791, "纬度": 29.561861, "电话": "023-65505516", "图片标题1": NaN, "图片地址1": "http://store.is.autonavi.com/showpic/15df22a80fea02570a72003ae71d5979", "图片标题2": NaN, "图片地址2": NaN, "图片标题3": NaN, "图片地址3": NaN}
{"名称": "君鑫陶瓷水刀加工厂", "地址": "重庆市重庆市沙坪坝区", "城市": "重庆市", "标签": "公司企业;工厂;工厂", "区域名称": "沙坪坝区", "经度": 106.378791, "纬度": 29.653702, "电话": "18908333046", "图片标题1": NaN, "图片地址1": "http://store.is.autonavi.com/showpic/e7a9626fc6fcbf9bfc841ddd75cd8dc1", "图片标题2": NaN, "图片地址2": "http://store.is.autonavi.com/showpic/5ccd5215d3953f943839ea533ed49679", "图片标题3": NaN, "图片地址3": NaN}
{"名称": "活动隔断折叠门厂", "地址": "重庆市重庆市沙坪坝区", "城市": "重庆市", "标签": "公司企业;工厂;工厂", "区域名称": "沙坪坝区", "经度": 106.422281, "纬度": 29.543269, "电话": NaN, "图片标题1": NaN, "图片地址1": "http://store.is.autonavi.com/showpic/ec53710c9d34b72b1a63e7c246913c58", "图片标题2": NaN, "图片地址2": NaN, "图片标题3": NaN, "图片地址3": NaN}
{"名称": "良心酒厂", "地址": "凤天大道120号附49号", "城市": "重庆市", "标签": "公司企业;工厂;工厂", "区域名称": "沙坪坝区", "经度": 106.453046, "纬度": 29.531046, "电话": "13527564052", "图片标题1": NaN, "图片地址1": "http://store.is.autonavi.com/showpic/a53f4e3c04c9d49310daddc3a3d61f41", "图片标题2": NaN, "图片地址2": NaN, "图片标题3": NaN, "图片地址3": NaN}
{"名称": "重庆办公玻璃隔断厂", "地址": "龙海路与龙腾路交叉口西北60米", "城市": "重庆市", "标签": "公司企业;工厂;工厂", "区域名称": "沙坪坝区", "经度": 106.383998, "纬度": 29.706202, "电话": NaN, "图片标题1": NaN, "图片地址1": NaN, "图片标题2": NaN, "图片地址2": NaN, "图片标题3": NaN, "图片地址3": NaN}
{"名称": "重庆标铸广告工厂", "地址": "井口镇南溪村力创公司前50米", "城市": "重庆市", "标签": "公司企业;工厂;工厂", "区域名称": "沙坪坝区", "经度": 106.432824, "纬度": 29.626426, "电话": "13272905193", "图片标题1": NaN, "图片地址1": NaN, "图片标题2": NaN, "图片地址2": NaN, "图片标题3": NaN, "图片地址3": NaN}
{"名称": "歆晨环保设备厂", "地址": "金刚坡街与102乡道交叉口东160米", "城市": "重庆市", "标签": "公司企业;工厂;工厂", "区域名称": "沙坪坝区", "经度": 106.416454, "纬度": 29.589308, "电话": NaN, "图片标题1": NaN, "图片地址1": "http://store.is.autonavi.com/showpic/2e979dedb0d6666beccbef73240d3c02", "图片标题2": NaN, "图片地址2": NaN, "图片标题3": NaN, "图片地址3": NaN}
{"名称": "旺成老厂", "地址": "井口工业园区井熙路4号", "城市": "重庆市", "标签": "公司企业;工厂;工厂", "区域名称": "沙坪坝区", "经度": 106.451561, "纬度": 29.649022, "电话": NaN, "图片标题1": NaN, "图片地址1": NaN, "图片标题2": NaN, "图片地址2": NaN, "图片标题3": NaN, "图片地址3": NaN}
{"名称": "重庆高新区好友来食品厂", "地址": "龙井湾路", "城市": "重庆市", "标签": "公司企业;工厂;工厂", "区域名称": "沙坪坝区", "经度": 106.406037, "纬度": 29.541837, "电话": NaN, "图片标题1": NaN, "图片地址1": NaN, "图片标题2": NaN, "图片地址2": NaN, "图片标题3": NaN, "图片地址3": NaN}
{"名称": "嘉利灯具厂", "地址": "井口镇瓦竹堡11号", "城市": "重庆市", "标签": "公司企业;工厂;工厂", "区域名称": "沙坪坝区", "经度": 106.440581, "纬度": 29.639398, "电话": NaN, "图片标题1": NaN, "图片地址1": NaN, "图片标题2": NaN, "图片地址2": NaN, "图片标题3": NaN, "图片地址3": NaN}
{"名称": "重庆市亿辉机械加工厂", "地址": "复兴社丁家山", "城市": "重庆市", "标签": "公司企业;工厂;工厂", "区域名称": "沙坪坝区", "经度": 106.438937, "纬度": 29.637218, "电话": NaN, "图片标题1": NaN, "图片地址1": NaN, "图片标题2": NaN, "图片地址2": NaN, "图片标题3": NaN, "图片地址3": NaN}
{"名称": "重庆铭泰环保设备厂", "地址": "西环立交北侧", "城市": "重庆市", "标签": "公司企业;工厂;工厂", "区域名称": "沙坪坝区", "经度": 106.420655, "纬度": 29.517458, "电话": NaN, "图片标题1": NaN, "图片地址1": NaN, "图片标题2": NaN, "图片地址2": NaN, "图片标题3": NaN, "图片地址3": NaN}
{"名称": "沙坪坝区眀正机械厂", "地址": "凤凰镇威灵寺村", "城市": "重庆市", "标签": "公司企业;工厂;工厂", "区域名称": "沙坪坝区", "经度": 106.330401, "纬度": 29.68559, "电话": NaN, "图片标题1": NaN, "图片地址1": "http://store.is.autonavi.com/showpic/854ec7edde0fd96fa042757032ee2304", "图片标题2": NaN, "图片地址2": "http://store.is.autonavi.com/showpic/d20fe3905ab8ffe1726e841724097d5b", "图片标题3": NaN, "图片地址3": "http://store.is.autonavi.com/showpic/913a6adc43df0710280314637b310859"}
{"名称": "重庆巩利搬运有限公司", "地址": "松林坡组20号", "城市": "重庆市", "标签": "公司企业;工厂;工厂", "区域名称": "沙坪坝区", "经度": 106.310572, "纬度": 29.658047, "电话": "15825959388", "图片标题1": NaN, "图片地址1": "http://store.is.autonavi.com/showpic/c4c9475db1cc246fd951ab6895033d79", "图片标题2": NaN, "图片地址2": "http://store.is.autonavi.com/showpic/c8161ffecaa9bbcc81b3a66b297cec43", "图片标题3": NaN, "图片地址3": "http://store.is.autonavi.com/showpic/ec78e55ede179bf5557bdccccab2f6f4"}
{"名称": "重庆新源织布厂", "地址": "凤回路与龙旺路交汇处", "城市": "重庆市", "标签": "公司企业;工厂;工厂", "区域名称": "沙坪坝区", "经度": 106.360759, "纬度": 29.698949, "电话": NaN, "图片标题1": NaN, "图片地址1": NaN, "图片标题2": NaN, "图片地址2": NaN, "图片标题3": NaN, "图片地址3": NaN}
{"名称": "中国建筑八局仓库", "地址": "青凤路66号", "城市": "重庆市", "标签": "公司企业;工厂;工厂", "区域名称": "沙坪坝区", "经度": 106.348345, "纬度": 29.71444, "电话": NaN, "图片标题1": NaN, "图片地址1": "http://store.is.autonavi.com/showpic/d2ab1f28ad794fe1672ed16418db05b1", "图片标题2": NaN, "图片地址2": "http://store.is.autonavi.com/showpic/10a0dc0953409cafb24c1d1e6185fd37", "图片标题3": NaN, "图片地址3": NaN}
{"名称": "重庆渝生装饰板厂", "地址": "金刚村廖家店社108号", "城市": "重庆市", "标签": "公司企业;工厂;工厂", "区域名称": "沙坪坝区", "经度": 106.412288, "纬度": 29.59929, "电话": NaN, "图片标题1": NaN, "图片地址1": "http://store.is.autonavi.com/showpic/611e6a5f0b7e31552b07d027caddfe82", "图片标题2": NaN, "图片地址2": "http://store.is.autonavi.com/showpic/25df9fa31804343a32781ab69a50394a", "图片标题3": NaN, "图片地址3": NaN}
{"名称": "重庆传动轴厂", "地址": "陈家桥镇陈电路97号", "城市": "重庆市", "标签": "公司企业;工厂;工厂", "区域名称": "沙坪坝区", "经度": 106.336422, "纬度": 29.612116, "电话": NaN, "图片标题1": NaN, "图片地址1": "http://store.is.autonavi.com/showpic/ab499f3e86a9290d7d8b6b0d643307bd", "图片标题2": NaN, "图片地址2": NaN, "图片标题3": NaN, "图片地址3": NaN}
{"名称": "重庆市红桥涂料厂", "地址": "杨家沟29号", "城市": "重庆市", "标签": "公司企业;工厂;工厂", "区域名称": "沙坪坝区", "经度": 106.430086, "纬度": 29.543098, "电话": "023-65200175", "图片标题1": NaN, "图片地址1": "http://store.is.autonavi.com/showpic/deebef6d626d066d4b17f27cb3e9a5e2", "图片标题2": NaN, "图片地址2": NaN, "图片标题3": NaN, "图片地址3": NaN}
{"名称": "重庆韬翰机械厂", "地址": "凤回路南侧", "城市": "重庆市", "标签": "公司企业;工厂;工厂", "区域名称": "沙坪坝区", "经度": 106.369179, "纬度": 29.699443, "电话": NaN, "图片标题1": NaN, "图片地址1": "http://store.is.autonavi.com/showpic/8d7302d2bc276e5691034d438ee05dde", "图片标题2": NaN, "图片地址2": NaN, "图片标题3": NaN, "图片地址3": NaN}
{"名称": "重庆冠喜食品厂", "地址": "歌乐山镇新开寺村石桥社", "城市": "重庆市", "标签": "公司企业;工厂;工厂", "区域名称": "沙坪坝区", "经度": 106.403109, "纬度": 29.547808, "电话": "023-65500988", "图片标题1": NaN, "图片地址1": "http://store.is.autonavi.com/showpic/ce10f19af5a1287ab527c7f94c7bb703", "图片标题2": NaN, "图片地址2": "http://store.is.autonavi.com/showpic/804c89d33bdbc3e662bc9593795bc22e", "图片标题3": NaN, "图片地址3": NaN}
{"名称": "竣敏门皮厂", "地址": "含谷镇净龙村二社", "城市": "重庆市", "标签": "公司企业;工厂;工厂", "区域名称": "沙坪坝区", "经度": 106.40497, "纬度": 29.512084, "电话": NaN, "图片标题1": NaN, "图片地址1": "http://store.is.autonavi.com/showpic/0f71e994b8c7650bdf8754176ca92063", "图片标题2": NaN, "图片地址2": NaN, "图片标题3": NaN, "图片地址3": NaN}
{"名称": "重庆市柏林麻油厂", "地址": "歌乐山街道天池村芝麻冲社", "城市": "重庆市", "标签": "公司企业;工厂;工厂", "区域名称": "沙坪坝区", "经度": 106.415653, "纬度": 29.55656, "电话": NaN, "图片标题1": NaN, "图片地址1": "http://store.is.autonavi.com/showpic/1ef7b5b9096f7804476071e00a85554b", "图片标题2": NaN, "图片地址2": "http://store.is.autonavi.com/showpic/03553acb6b280814237b69138438edf6", "图片标题3": NaN, "图片地址3": NaN}
{"名称": "沙坪坝区昊林家具厂", "地址": "重庆市重庆市沙坪坝区", "城市": "重庆市", "标签": "公司企业;工厂;工厂", "区域名称": "沙坪坝区", "经度": 106.42078, "纬度": 29.493873, "电话": NaN, "图片标题1": NaN, "图片地址1": "http://store.is.autonavi.com/showpic/d82eb6b0bd75599b8d54269290dcf3ed", "图片标题2": NaN, "图片地址2": NaN, "图片标题3": NaN, "图片地址3": NaN}
{"名称": "棉花小熊制造厂", "地址": "大学城熙街24号楼10-6号", "城市": "重庆市", "标签": "公司企业;工厂;工厂", "区域名称": "沙坪坝区", "经度": 106.302487, "纬度": 29.605488, "电话": "15320215720", "图片标题1": NaN, "图片地址1": "http://store.is.autonavi.com/showpic/b8276622931cb40526b403939873dc18", "图片标题2": NaN, "图片地址2": "http://store.is.autonavi.com/showpic/24cb1f10c24edd8672d970cf37482922", "图片标题3": NaN, "图片地址3": "http://store.is.autonavi.com/showpic/74e56dd7f2aafdd648f801dfcd960a34"}
{"名称": "重庆领军机械厂", "地址": "G93(成渝环线高速)", "城市": "重庆市", "标签": "公司企业;工厂;工厂", "区域名称": "沙坪坝区", "经度": 106.296356, "纬度": 29.679217, "电话": "023-65769166", "图片标题1": NaN, "图片地址1": "http://aos-cdn-image.amap.com/sns/ugccomment/92068290-b134-4eaf-9073-a785c52b7e54.jpg", "图片标题2": NaN, "图片地址2": NaN, "图片标题3": NaN, "图片地址3": NaN}
{"名称": "陈麻花研发部", "地址": "龙井湾路与G93成渝环线高速交叉口西南150米附近", "城市": "重庆市", "标签": "公司企业;工厂;工厂", "区域名称": "沙坪坝区", "经度": 106.413941, "纬度": 29.551165, "电话": NaN, "图片标题1": NaN, "图片地址1": NaN, "图片标题2": NaN, "图片地址2": NaN, "图片标题3": NaN, "图片地址3": NaN}
{"名称": "重庆市宏博纸管厂", "地址": "金刚村", "城市": "重庆市", "标签": "公司企业;工厂;工厂", "区域名称": "沙坪坝区", "经度": 106.409515, "纬度": 29.608814, "电话": "13983105226", "图片标题1": NaN, "图片地址1": "http://store.is.autonavi.com/showpic/c0543ec32a476d7142d31cf436814f8a", "图片标题2": NaN, "图片地址2": "http://store.is.autonavi.com/showpic/99e61d3ccc9fd073665ee6249855474d", "图片标题3": NaN, "图片地址3": NaN}
{"名称": "重庆鑫东风管厂", "地址": "井口镇南溪村青龙嘴松鹤陵园公交站旁", "城市": "重庆市", "标签": "公司企业;工厂;工厂", "区域名称": "沙坪坝区", "经度": 106.432914, "纬度": 29.624068, "电话": NaN, "图片标题1": NaN, "图片地址1": "http://store.is.autonavi.com/showpic/42b24c16f57b6e7ad8ab1c5a9e20eccf", "图片标题2": NaN, "图片地址2": NaN, "图片标题3": NaN, "图片地址3": NaN}
{"名称": "沙坪坝区创成纸箱厂", "地址": "金刚村金刚坡组", "城市": "重庆市", "标签": "公司企业;工厂;工厂", "区域名称": "沙坪坝区", "经度": 106.407545, "纬度": 29.597782, "电话": "023-65502373;18166388449", "图片标题1": NaN, "图片地址1": NaN, "图片标题2": NaN, "图片地址2": NaN, "图片标题3": NaN, "图片地址3": NaN}
{"名称": "沙坪坝区圆达锯业制品厂", "地址": "317县道附近", "城市": "重庆市", "标签": "公司企业;工厂;工厂", "区域名称": "沙坪坝区", "经度": 106.419187, "纬度": 29.501031, "电话": "13167824483", "图片标题1": NaN, "图片地址1": "http://store.is.autonavi.com/showpic/017990df8ae2ab2bcc38f114a8c9591e", "图片标题2": NaN, "图片地址2": NaN, "图片标题3": NaN, "图片地址3": NaN}
{"名称": "重庆铭鑫家具有限公司", "地址": "山洞村覃家坝", "城市": "重庆市", "标签": "公司企业;工厂;工厂", "区域名称": "沙坪坝区", "经度": 106.417305, "纬度": 29.492543, "电话": "15922658896", "图片标题1": NaN, "图片地址1": "http://store.is.autonavi.com/showpic/ba5f84bbc95e2ca6352cac7d8ad776dd", "图片标题2": NaN, "图片地址2": NaN, "图片标题3": NaN, "图片地址3": NaN}
{"名称": "重庆央拓医药(仓库)", "地址": "垄安大道120号B06-12", "城市": "重庆市", "标签": "公司企业;工厂;工厂", "区域名称": "沙坪坝区", "经度": 106.377679, "纬度": 29.642747, "电话": NaN, "图片标题1": NaN, "图片地址1": "http://store.is.autonavi.com/showpic/32d2e69b6de7bf7958ff99b7f449be41", "图片标题2": NaN, "图片地址2": NaN, "图片标题3": NaN, "图片地址3": NaN}
{"名称": "重庆重承数控机械有限公司", "地址": "兴德路12号第3栋贝友洗衣液工厂旁", "城市": "重庆市", "标签": "公司企业;工厂;工厂", "区域名称": "沙坪坝区", "经度": 106.283977, "纬度": 29.564135, "电话": NaN, "图片标题1": NaN, "图片地址1": "http://store.is.autonavi.com/showpic/2b57a5390e428d899a7c90e0056b4fe7", "图片标题2": NaN, "图片地址2": "http://store.is.autonavi.com/showpic/f7bb518849d759cfd8ab3154783fd943", "图片标题3": NaN, "图片地址3": NaN}
{"名称": "卓凡铝制品厂", "地址": "金刚坡街与北金路交叉口西200米", "城市": "重庆市", "标签": "公司企业;工厂;工厂", "区域名称": "沙坪坝区", "经度": 106.408545, "纬度": 29.595477, "电话": NaN, "图片标题1": NaN, "图片地址1": "http://store.is.autonavi.com/showpic/c3d3b848e7741ad5ad2afb5cd3199ed5", "图片标题2": NaN, "图片地址2": NaN, "图片标题3": NaN, "图片地址3": NaN}
{"名称": "通翔国际木业总部", "地址": "大川国际建材区6区6栋一号", "城市": "重庆市", "标签": "公司企业;工厂;工厂", "区域名称": "沙坪坝区", "经度": 106.380624, "纬度": 29.655914, "电话": NaN, "图片标题1": NaN, "图片地址1": NaN, "图片标题2": NaN, "图片地址2": NaN, "图片标题3": NaN, "图片地址3": NaN}
{"名称": "固美佳铝艺厂", "地址": "陈丰路66号附88号", "城市": "重庆市", "标签": "公司企业;工厂;工厂", "区域名称": "沙坪坝区", "经度": 106.350157, "纬度": 29.622173, "电话": NaN, "图片标题1": NaN, "图片地址1": "http://store.is.autonavi.com/showpic/e21b93d7ad8c7b39fc70d30fe6aa917f", "图片标题2": NaN, "图片地址2": NaN, "图片标题3": NaN, "图片地址3": NaN}
{"名称": "重庆恩奇汽车线束厂", "地址": "547省道与716县道交叉口西200米", "城市": "重庆市", "标签": "公司企业;工厂;工厂", "区域名称": "沙坪坝区", "经度": 106.417729, "纬度": 29.510836, "电话": NaN, "图片标题1": NaN, "图片地址1": "http://store.is.autonavi.com/showpic/c825f828de73e84833983a3982e8dcbb", "图片标题2": NaN, "图片地址2": NaN, "图片标题3": NaN, "图片地址3": NaN}
{"名称": "重庆建强透水砖厂", "地址": "赖白路", "城市": "重庆市", "标签": "公司企业;工厂;工厂", "区域名称": "沙坪坝区", "经度": 106.370239, "纬度": 29.553967, "电话": "13167919777;13594379973", "图片标题1": NaN, "图片地址1": "https://aos-comment.amap.com/B0FFLHQN7J/headerImg/f8661f484833e04a80d659e0019becd9_2048_2048_80.jpg", "图片标题2": NaN, "图片地址2": "https://aos-comment.amap.com/B0FFLHQN7J/headerImg/422da850e5060a2b418474066b47cee2_2048_2048_80.jpg", "图片标题3": NaN, "图片地址3": "https://aos-comment.amap.com/B0FFLHQN7J/headerImg/e1b26ec4b80ca1f131f8448c74dbcc88_2048_2048_80.jpg"}
{"名称": "新普电子厂", "地址": "大学城康居", "城市": "重庆市", "标签": "公司企业;工厂;工厂", "区域名称": "沙坪坝区", "经度": 106.31042, "纬度": 29.5753, "电话": NaN, "图片标题1": NaN, "图片地址1": NaN, "图片标题2": NaN, "图片地址2": NaN, "图片标题3": NaN, "图片地址3": NaN}
{"名称": "君鑫陶瓷加工厂", "地址": "垄安大道大川国际建材城6区2栋30号", "城市": "重庆市", "标签": "公司企业;工厂;工厂", "区域名称": "沙坪坝区", "经度": 106.378752, "纬度": 29.65518, "电话": "18908333046", "图片标题1": NaN, "图片地址1": "http://store.is.autonavi.com/showpic/0317618e791d1b7b8a8c17d4be489c1f", "图片标题2": NaN, "图片地址2": "http://store.is.autonavi.com/showpic/9776ff715e518babf9b9b6d3e9cd116f", "图片标题3": NaN, "图片地址3": NaN}
{"名称": "公鱼砼数字工厂", "地址": "重庆建工新型建材有限公司东北门旁", "城市": "重庆市", "标签": "公司企业;工厂;工厂", "区域名称": "沙坪坝区", "经度": 106.346485, "纬度": 29.700944, "电话": NaN, "图片标题1": NaN, "图片地址1": NaN, "图片标题2": NaN, "图片地址2": NaN, "图片标题3": NaN, "图片地址3": NaN}
{"名称": "线切割加工厂", "地址": "回龙坝梁滩桥恒筑庄园", "城市": "重庆市", "标签": "公司企业;工厂;工厂", "区域名称": "沙坪坝区", "经度": 106.361445, "纬度": 29.699729, "电话": "15023273927", "图片标题1": NaN, "图片地址1": NaN, "图片标题2": NaN, "图片地址2": NaN, "图片标题3": NaN, "图片地址3": NaN}
{"名称": "沙坪坝区德春机械厂", "地址": "青凤路与青东路交叉口南300米", "城市": "重庆市", "标签": "公司企业;工厂;工厂", "区域名称": "沙坪坝区", "经度": 106.312658, "纬度": 29.67197, "电话": NaN, "图片标题1": NaN, "图片地址1": NaN, "图片标题2": NaN, "图片地址2": NaN, "图片标题3": NaN, "图片地址3": NaN}
{"名称": "友成包装厂", "地址": "武福机械制造有限公司斜对面", "城市": "重庆市", "标签": "公司企业;工厂;工厂", "区域名称": "沙坪坝区", "经度": 106.331148, "纬度": 29.692535, "电话": "15923532428", "图片标题1": NaN, "图片地址1": NaN, "图片标题2": NaN, "图片地址2": NaN, "图片标题3": NaN, "图片地址3": NaN}
{"名称": "博达陶瓷加工厂", "地址": "大川国际建材城市场7区7栋12号", "城市": "重庆市", "标签": "公司企业;工厂;工厂", "区域名称": "沙坪坝区", "经度": 106.381806, "纬度": 29.657396, "电话": NaN, "图片标题1": NaN, "图片地址1": "http://store.is.autonavi.com/showpic/60339e457b6c8413fff4bc629a0550a9", "图片标题2": NaN, "图片地址2": NaN, "图片标题3": NaN, "图片地址3": NaN}
{"名称": "重庆万圣合建材加工厂", "地址": "凤凰镇皂桷树村长安寺社", "城市": "重庆市", "标签": "公司企业;工厂;工厂", "区域名称": "沙坪坝区", "经度": 106.321327, "纬度": 29.686842, "电话": NaN, "图片标题1": NaN, "图片地址1": "http://store.is.autonavi.com/showpic/a28fa7b6711fd367feb1e95f6efca844", "图片标题2": NaN, "图片地址2": "http://store.is.autonavi.com/showpic/317baf69d840f61ae80e516d1e32f627", "图片标题3": NaN, "图片地址3": "http://store.is.autonavi.com/showpic/bc639e036c201f91487e33baa29bd5e5"}
{"名称": "重庆恒缘饮品有限公司", "地址": "凤凰镇八字桥村11社18号", "城市": "重庆市", "标签": "公司企业;工厂;工厂", "区域名称": "沙坪坝区", "经度": 106.348324, "纬度": 29.731414, "电话": "15023198271", "图片标题1": NaN, "图片地址1": "http://store.is.autonavi.com/showpic/b2ec3f2d7262b61a2d54b1edcea1e767", "图片标题2": NaN, "图片地址2": "http://store.is.autonavi.com/showpic/e89a97fa5892e54cdf4e3cace0348313", "图片标题3": NaN, "图片地址3": "http://store.is.autonavi.com/showpic/84f94704a386c461988e35405384ee4e"}
{"名称": "重庆市莲莲红织造厂", "地址": "回龙坝镇龙海支路26号", "城市": "重庆市", "标签": "公司企业;工厂;工厂", "区域名称": "沙坪坝区", "经度": 106.382181, "纬度": 29.708173, "电话": "13883386942", "图片标题1": NaN, "图片地址1": "http://store.is.autonavi.com/showpic/49a406b6cb396ae93a5511a334050423", "图片标题2": NaN, "图片地址2": NaN, "图片标题3": NaN, "图片地址3": NaN}
{"名称": "达丰电子厂", "地址": "新凤大道与曾家大道交叉口东120米", "城市": "重庆市", "标签": "公司企业;工厂;工厂", "区域名称": "沙坪坝区", "经度": 106.30935, "纬度": 29.549092, "电话": NaN, "图片标题1": NaN, "图片地址1": NaN, "图片标题2": NaN, "图片地址2": NaN, "图片标题3": NaN, "图片地址3": NaN}
{"名称": "鑫泓陶瓷加工厂", "地址": "土主镇大川建材城6区3-20", "城市": "重庆市", "标签": "公司企业;工厂;工厂", "区域名称": "沙坪坝区", "经度": 106.37964, "纬度": 29.653338, "电话": "15696978888;18223586601", "图片标题1": NaN, "图片地址1": NaN, "图片标题2": NaN, "图片地址2": NaN, "图片标题3": NaN, "图片地址3": NaN}
{"名称": "重庆贵凯零部件加工厂", "地址": "凤凰镇凤凰桥村", "城市": "重庆市", "标签": "公司企业;工厂;工厂", "区域名称": "沙坪坝区", "经度": 106.325661, "纬度": 29.720755, "电话": "13036320987", "图片标题1": NaN, "图片地址1": "http://store.is.autonavi.com/showpic/f574c329e9d3a9bed8b5ec793dace330", "图片标题2": NaN, "图片地址2": NaN, "图片标题3": NaN, "图片地址3": NaN}
{"名称": "重庆果然好机械厂", "地址": "青凤路与青东路交叉口东340米", "城市": "重庆市", "标签": "公司企业;工厂;工厂", "区域名称": "沙坪坝区", "经度": 106.31612, "纬度": 29.675754, "电话": NaN, "图片标题1": NaN, "图片地址1": NaN, "图片标题2": NaN, "图片地址2": NaN, "图片标题3": NaN, "图片地址3": NaN}
{"名称": "隆鸿激光切割", "地址": "皂桷树村郑家河沟公交站", "城市": "重庆市", "标签": "公司企业;工厂;工厂", "区域名称": "沙坪坝区", "经度": 106.322021, "纬度": 29.685175, "电话": "13996318548", "图片标题1": NaN, "图片地址1": "http://store.is.autonavi.com/showpic/9c7fb53caa52187bfc9447e60e15d1c5", "图片标题2": NaN, "图片地址2": "http://store.is.autonavi.com/showpic/97a6ba048b3b836a4bfda499270ebd95", "图片标题3": NaN, "图片地址3": NaN}
