{"名称": "中国邮政(重大邮政所)", "地址": "沙中路重庆大学学生公寓10号楼", "城市": "重庆市", "标签": "生活服务;邮局;邮局", "区域名称": "沙坪坝区", "经度": 106.468035, "纬度": 29.562011, "电话": "11183", "图片标题1": NaN, "图片地址1": NaN, "图片标题2": NaN, "图片地址2": NaN, "图片标题3": NaN, "图片地址3": NaN}
{"名称": "沙坪坝区大学城重大邮政所", "地址": "虎溪镇重庆大学虎溪校区", "城市": "重庆市", "标签": "生活服务;邮局;邮局", "区域名称": "沙坪坝区", "经度": 106.300777, "纬度": 29.598, "电话": NaN, "图片标题1": NaN, "图片地址1": NaN, "图片标题2": NaN, "图片地址2": NaN, "图片标题3": NaN, "图片地址3": NaN}
{"名称": "沙坪坝区西永邮政所", "地址": "永盛路南50米", "城市": "重庆市", "标签": "生活服务;邮局;邮局", "区域名称": "沙坪坝区", "经度": 106.373684, "纬度": 29.593203, "电话": "023-65311195", "图片标题1": NaN, "图片地址1": "http://store.is.autonavi.com/showpic/48e4eb31ad0a5391898440ea53b4be22", "图片标题2": NaN, "图片地址2": "http://store.is.autonavi.com/showpic/76b6485483da50cb9049a72556dd46a8", "图片标题3": NaN, "图片地址3": "http://store.is.autonavi.com/showpic/e46c75c945b59eae2af5b0837f75760d"}
{"名称": "晒光坪邮政所", "地址": "晒光坪39号(天梨路地铁站3号口步行120米)", "城市": "重庆市", "标签": "生活服务;邮局;邮局", "区域名称": "沙坪坝区", "经度": 106.453357, "纬度": 29.548227, "电话": "11183", "图片标题1": NaN, "图片地址1": "http://store.is.autonavi.com/showpic/96502792f751cfd2289075b007c0e226", "图片标题2": NaN, "图片地址2": "http://store.is.autonavi.com/showpic/24581aa3d672e70e6fcda071ac288125", "图片标题3": NaN, "图片地址3": "http://store.is.autonavi.com/showpic/d2951cb566c1fe8fa22e17d554ade133"}
{"名称": "曾家邮政支局", "地址": "曾家正街67号附1、2号", "城市": "重庆市", "标签": "生活服务;邮局;邮局", "区域名称": "沙坪坝区", "经度": 106.301455, "纬度": 29.554805, "电话": "023-65750830", "图片标题1": NaN, "图片地址1": "http://store.is.autonavi.com/showpic/d46f8ff1176d6d51eee0ed6306703340", "图片标题2": NaN, "图片地址2": "http://store.is.autonavi.com/showpic/2eafc0760c2a2dd05537c80ed3db798c", "图片标题3": NaN, "图片地址3": NaN}
{"名称": "磁器口邮政所", "地址": "磁器口南街4号附15号", "城市": "重庆市", "标签": "生活服务;邮局;邮局", "区域名称": "沙坪坝区", "经度": 106.452374, "纬度": 29.579572, "电话": "023-65477151", "图片标题1": NaN, "图片地址1": "http://store.is.autonavi.com/showpic/19d9631187b23aa377365c03edeb6c30", "图片标题2": NaN, "图片地址2": NaN, "图片标题3": NaN, "图片地址3": NaN}
{"名称": "沙坪坝区陈家桥邮政支局", "地址": "陈青路77号附1号", "城市": "重庆市", "标签": "生活服务;邮局;邮局", "区域名称": "沙坪坝区", "经度": 106.338135, "纬度": 29.615467, "电话": NaN, "图片标题1": NaN, "图片地址1": "http://store.is.autonavi.com/showpic/d6898c41e40ed088d786a01cf344848c", "图片标题2": NaN, "图片地址2": NaN, "图片标题3": NaN, "图片地址3": NaN}
{"名称": "沙坪坝区烈士墓邮政所", "地址": "童家桥街道壮志路社区壮志路8号正1层1-11号", "城市": "重庆市", "标签": "生活服务;邮局;邮局", "区域名称": "沙坪坝区", "经度": 106.443635, "纬度": 29.570652, "电话": "023-65475513", "图片标题1": NaN, "图片地址1": "http://store.is.autonavi.com/showpic/4c8042bfdfe5f94479e0b9bf3903022a", "图片标题2": NaN, "图片地址2": NaN, "图片标题3": NaN, "图片地址3": NaN}
{"名称": "高滩岩邮政所", "地址": "高滩岩一村门面12-13号", "城市": "重庆市", "标签": "生活服务;邮局;邮局", "区域名称": "沙坪坝区", "经度": 106.448346, "纬度": 29.537681, "电话": "023-65317553", "图片标题1": NaN, "图片地址1": "http://store.is.autonavi.com/showpic/8eada8600ab7abad487596ac14593a56", "图片标题2": NaN, "图片地址2": NaN, "图片标题3": NaN, "图片地址3": NaN}
{"名称": "沙坪坝区回龙坝邮政所", "地址": "回龙坝镇龙海路68号", "城市": "重庆市", "标签": "生活服务;邮局;邮局", "区域名称": "沙坪坝区", "经度": 106.38301, "纬度": 29.705809, "电话": "023-65651933", "图片标题1": NaN, "图片地址1": "http://store.is.autonavi.com/showpic/87a996322f22efc9697b5da78d711121", "图片标题2": NaN, "图片地址2": NaN, "图片标题3": NaN, "图片地址3": NaN}
{"名称": "沙坪坝区林园邮政所", "地址": "山洞路260号", "城市": "重庆市", "标签": "生活服务;邮局;邮局", "区域名称": "沙坪坝区", "经度": 106.419026, "纬度": 29.52849, "电话": "023-65533230", "图片标题1": NaN, "图片地址1": "http://store.is.autonavi.com/showpic/909287e46a9e5b5b924811b1e09a9a6a", "图片标题2": NaN, "图片地址2": "http://store.is.autonavi.com/showpic/997b71034b379b69894da28851dd8874", "图片标题3": NaN, "图片地址3": NaN}
{"名称": "沙坪坝区井口邮政所", "地址": "井口镇复兴路48号(镇政府平街一层)", "城市": "重庆市", "标签": "生活服务;邮局;邮局", "区域名称": "沙坪坝区", "经度": 106.443134, "纬度": 29.637153, "电话": "023-65184141", "图片标题1": NaN, "图片地址1": "http://store.is.autonavi.com/showpic/faabb7d5f7fd6c62423dc87f2bc6bf6f", "图片标题2": NaN, "图片地址2": NaN, "图片标题3": NaN, "图片地址3": NaN}
{"名称": "沙坪坝区张家湾邮政所", "地址": "上桥新街39号附29号(上桥地铁站3号口步行440米)", "城市": "重庆市", "标签": "生活服务;邮局;邮局", "区域名称": "沙坪坝区", "经度": 106.441155, "纬度": 29.514468, "电话": "023-65219572", "图片标题1": NaN, "图片地址1": "http://store.is.autonavi.com/showpic/f47f7aa69fd4232d102a62b7e37c64f3", "图片标题2": NaN, "图片地址2": "http://store.is.autonavi.com/showpic/96737c50bf03a60cacad0325ab0b175d", "图片标题3": NaN, "图片地址3": NaN}
{"名称": "沙坪坝区土主邮政所", "地址": "土主镇团结湾社区土主中路15号", "城市": "重庆市", "标签": "生活服务;邮局;邮局", "区域名称": "沙坪坝区", "经度": 106.371691, "纬度": 29.628842, "电话": "023-65686212", "图片标题1": NaN, "图片地址1": "http://store.is.autonavi.com/showpic/35bb61d48b62499288dcb4e5392850a7", "图片标题2": NaN, "图片地址2": "http://store.is.autonavi.com/showpic/779f776adc801cc9785012bb3e6af506", "图片标题3": NaN, "图片地址3": NaN}
{"名称": "沙坪坝区新桥邮政所", "地址": "新桥正街173号", "城市": "重庆市", "标签": "生活服务;邮局;邮局", "区域名称": "沙坪坝区", "经度": 106.438645, "纬度": 29.523899, "电话": "023-65217550", "图片标题1": NaN, "图片地址1": "http://store.is.autonavi.com/showpic/670a5ae7db6d50a5210432b0fdaff9e3", "图片标题2": NaN, "图片地址2": NaN, "图片标题3": NaN, "图片地址3": NaN}
{"名称": "沙坪坝区沙北街邮政所", "地址": "沙坪坝街道沙正街社区沙北街88-26号", "城市": "重庆市", "标签": "生活服务;邮局;邮局", "区域名称": "沙坪坝区", "经度": 106.462412, "纬度": 29.569332, "电话": NaN, "图片标题1": NaN, "图片地址1": "http://store.is.autonavi.com/showpic/bd3a376192aaa81806e6e2c7ad2febcb", "图片标题2": NaN, "图片地址2": NaN, "图片标题3": NaN, "图片地址3": NaN}
{"名称": "三峡广场邮政支局", "地址": "小新街79号三峡广场(沙坪坝地铁站出入口步行370米)", "城市": "重庆市", "标签": "生活服务;邮局;邮局", "区域名称": "沙坪坝区", "经度": 106.46277, "纬度": 29.55763, "电话": NaN, "图片标题1": NaN, "图片地址1": "http://store.is.autonavi.com/showpic/568250a1a310b8c53dfc28c5", "图片标题2": NaN, "图片地址2": "http://store.is.autonavi.com/showpic/570f10217ac63a0efb0a1c48", "图片标题3": NaN, "图片地址3": "http://store.is.autonavi.com/showpic/55ec3790a310f1fe8ea66b96"}
{"名称": "中国邮政(新村路邮政所)", "地址": "新村路33号(小龙坎地铁站4号口步行260米)", "城市": "重庆市", "标签": "生活服务;邮局;邮局", "区域名称": "沙坪坝区", "经度": 106.466133, "纬度": 29.551675, "电话": "023-65348480", "图片标题1": NaN, "图片地址1": "http://store.is.autonavi.com/showpic/041dcaee438e77ce57aee4a218931599", "图片标题2": NaN, "图片地址2": NaN, "图片标题3": NaN, "图片地址3": NaN}
{"名称": "沙坪坝区杨公桥邮政所", "地址": "渝碚路街道杨公桥社区杨公桥36号附49号50号51号52号53号", "城市": "重庆市", "标签": "生活服务;邮局;邮局", "区域名称": "沙坪坝区", "经度": 106.450311, "纬度": 29.562694, "电话": "023-65311582", "图片标题1": NaN, "图片地址1": "http://store.is.autonavi.com/showpic/ced1c7787a0a6b5389c5f3a5b336391f", "图片标题2": NaN, "图片地址2": "http://store.is.autonavi.com/showpic/9d5be9a83f7486c3ed8c49969839b840", "图片标题3": NaN, "图片地址3": "http://store.is.autonavi.com/showpic/2d20d0ef55a9115e76ddd1717002edc1"}
{"名称": "中国邮政(三角碑邮政所)", "地址": "小新街60号(沙坪坝地铁站出入口步行470米)", "城市": "重庆市", "标签": "生活服务;邮局;邮局", "区域名称": "沙坪坝区", "经度": 106.464685, "纬度": 29.558148, "电话": "023-65302670", "图片标题1": NaN, "图片地址1": "http://store.is.autonavi.com/showpic/bf17a6589772c5fb329cb63391924ff6", "图片标题2": NaN, "图片地址2": NaN, "图片标题3": NaN, "图片地址3": NaN}
{"名称": "山洞邮政代办所", "地址": "山河路117号", "城市": "重庆市", "标签": "生活服务;邮局;邮局", "区域名称": "沙坪坝区", "经度": 106.421852, "纬度": 29.512349, "电话": NaN, "图片标题1": NaN, "图片地址1": "http://store.is.autonavi.com/showpic/0bd7766e2dac9f8aaa99655114d23891", "图片标题2": NaN, "图片地址2": "http://store.is.autonavi.com/showpic/95cda57870fc23c58608047834b7055f", "图片标题3": NaN, "图片地址3": NaN}
{"名称": "中国邮政(凤鸣山邮政所)", "地址": "都市花园东路2号", "城市": "重庆市", "标签": "生活服务;邮局;邮局", "区域名称": "沙坪坝区", "经度": 106.454943, "纬度": 29.542185, "电话": NaN, "图片标题1": NaN, "图片地址1": "http://store.is.autonavi.com/showpic/77c943dca8d63efb2a948dd9bba23a9d", "图片标题2": NaN, "图片地址2": NaN, "图片标题3": NaN, "图片地址3": NaN}
{"名称": "沙坪坝区双碑邮政支局", "地址": "双碑劳动桥119号(双碑地铁站2号口步行360米)", "城市": "重庆市", "标签": "生活服务;邮局;邮局", "区域名称": "沙坪坝区", "经度": 106.4447, "纬度": 29.603168, "电话": "023-65154514", "图片标题1": NaN, "图片地址1": "http://store.is.autonavi.com/showpic/c4ef36fc547629d16c7f4689f71d996f", "图片标题2": NaN, "图片地址2": "http://store.is.autonavi.com/showpic/66d78c64425a82ab0da421cbe751c1fe", "图片标题3": NaN, "图片地址3": NaN}
{"名称": "沙坪坝区中梁邮政所", "地址": "重庆市沙坪坝区中梁镇新兴路1号附14号", "城市": "重庆市", "标签": "生活服务;邮局;邮局", "区域名称": "沙坪坝区", "经度": 106.413374, "纬度": 29.637745, "电话": NaN, "图片标题1": NaN, "图片地址1": "http://store.is.autonavi.com/showpic/0697d0fedde568aad86c23086a89fe7e", "图片标题2": NaN, "图片地址2": "http://store.is.autonavi.com/showpic/f13a62fd0cfa9de1d07e6ca709794154", "图片标题3": NaN, "图片地址3": NaN}
{"名称": "收废铁", "地址": "嘉汇路首创城", "城市": "重庆市", "标签": "生活服务;邮局;邮局", "区域名称": "沙坪坝区", "经度": 106.453, "纬度": 29.606573, "电话": "15823596095", "图片标题1": NaN, "图片地址1": "http://store.is.autonavi.com/showpic/e9396b30f28d223555cd1e85808a09a6", "图片标题2": NaN, "图片地址2": NaN, "图片标题3": NaN, "图片地址3": NaN}
{"名称": "中国邮政(重大邮政所)", "地址": "沙中路重庆大学学生公寓10号楼", "城市": "重庆市", "标签": "生活服务;邮局;邮局", "区域名称": "沙坪坝区", "经度": 106.468035, "纬度": 29.562011, "电话": "11183", "图片标题1": NaN, "图片地址1": NaN, "图片标题2": NaN, "图片地址2": NaN, "图片标题3": NaN, "图片地址3": NaN}
{"名称": "沙坪坝区大学城重大邮政所", "地址": "虎溪镇重庆大学虎溪校区", "城市": "重庆市", "标签": "生活服务;邮局;邮局", "区域名称": "沙坪坝区", "经度": 106.300777, "纬度": 29.598, "电话": NaN, "图片标题1": NaN, "图片地址1": NaN, "图片标题2": NaN, "图片地址2": NaN, "图片标题3": NaN, "图片地址3": NaN}
{"名称": "沙坪坝区西永邮政所", "地址": "永盛路南50米", "城市": "重庆市", "标签": "生活服务;邮局;邮局", "区域名称": "沙坪坝区", "经度": 106.373684, "纬度": 29.593203, "电话": "023-65311195", "图片标题1": NaN, "图片地址1": "http://store.is.autonavi.com/showpic/48e4eb31ad0a5391898440ea53b4be22", "图片标题2": NaN, "图片地址2": "http://store.is.autonavi.com/showpic/76b6485483da50cb9049a72556dd46a8", "图片标题3": NaN, "图片地址3": "http://store.is.autonavi.com/showpic/e46c75c945b59eae2af5b0837f75760d"}
{"名称": "晒光坪邮政所", "地址": "晒光坪39号(天梨路地铁站3号口步行120米)", "城市": "重庆市", "标签": "生活服务;邮局;邮局", "区域名称": "沙坪坝区", "经度": 106.453357, "纬度": 29.548227, "电话": "11183", "图片标题1": NaN, "图片地址1": "http://store.is.autonavi.com/showpic/96502792f751cfd2289075b007c0e226", "图片标题2": NaN, "图片地址2": "http://store.is.autonavi.com/showpic/24581aa3d672e70e6fcda071ac288125", "图片标题3": NaN, "图片地址3": "http://store.is.autonavi.com/showpic/d2951cb566c1fe8fa22e17d554ade133"}
{"名称": "曾家邮政支局", "地址": "曾家正街67号附1、2号", "城市": "重庆市", "标签": "生活服务;邮局;邮局", "区域名称": "沙坪坝区", "经度": 106.301455, "纬度": 29.554805, "电话": "023-65750830", "图片标题1": NaN, "图片地址1": "http://store.is.autonavi.com/showpic/d46f8ff1176d6d51eee0ed6306703340", "图片标题2": NaN, "图片地址2": "http://store.is.autonavi.com/showpic/2eafc0760c2a2dd05537c80ed3db798c", "图片标题3": NaN, "图片地址3": NaN}
{"名称": "磁器口邮政所", "地址": "磁器口南街4号附15号", "城市": "重庆市", "标签": "生活服务;邮局;邮局", "区域名称": "沙坪坝区", "经度": 106.452374, "纬度": 29.579572, "电话": "023-65477151", "图片标题1": NaN, "图片地址1": "http://store.is.autonavi.com/showpic/19d9631187b23aa377365c03edeb6c30", "图片标题2": NaN, "图片地址2": NaN, "图片标题3": NaN, "图片地址3": NaN}
{"名称": "沙坪坝区陈家桥邮政支局", "地址": "陈青路77号附1号", "城市": "重庆市", "标签": "生活服务;邮局;邮局", "区域名称": "沙坪坝区", "经度": 106.338135, "纬度": 29.615467, "电话": NaN, "图片标题1": NaN, "图片地址1": "http://store.is.autonavi.com/showpic/d6898c41e40ed088d786a01cf344848c", "图片标题2": NaN, "图片地址2": NaN, "图片标题3": NaN, "图片地址3": NaN}
{"名称": "沙坪坝区烈士墓邮政所", "地址": "童家桥街道壮志路社区壮志路8号正1层1-11号", "城市": "重庆市", "标签": "生活服务;邮局;邮局", "区域名称": "沙坪坝区", "经度": 106.443635, "纬度": 29.570652, "电话": "023-65475513", "图片标题1": NaN, "图片地址1": "http://store.is.autonavi.com/showpic/4c8042bfdfe5f94479e0b9bf3903022a", "图片标题2": NaN, "图片地址2": NaN, "图片标题3": NaN, "图片地址3": NaN}
{"名称": "高滩岩邮政所", "地址": "高滩岩一村门面12-13号", "城市": "重庆市", "标签": "生活服务;邮局;邮局", "区域名称": "沙坪坝区", "经度": 106.448346, "纬度": 29.537681, "电话": "023-65317553", "图片标题1": NaN, "图片地址1": "http://store.is.autonavi.com/showpic/8eada8600ab7abad487596ac14593a56", "图片标题2": NaN, "图片地址2": NaN, "图片标题3": NaN, "图片地址3": NaN}
{"名称": "沙坪坝区回龙坝邮政所", "地址": "回龙坝镇龙海路68号", "城市": "重庆市", "标签": "生活服务;邮局;邮局", "区域名称": "沙坪坝区", "经度": 106.38301, "纬度": 29.705809, "电话": "023-65651933", "图片标题1": NaN, "图片地址1": "http://store.is.autonavi.com/showpic/87a996322f22efc9697b5da78d711121", "图片标题2": NaN, "图片地址2": NaN, "图片标题3": NaN, "图片地址3": NaN}
{"名称": "沙坪坝区林园邮政所", "地址": "山洞路260号", "城市": "重庆市", "标签": "生活服务;邮局;邮局", "区域名称": "沙坪坝区", "经度": 106.419026, "纬度": 29.52849, "电话": "023-65533230", "图片标题1": NaN, "图片地址1": "http://store.is.autonavi.com/showpic/909287e46a9e5b5b924811b1e09a9a6a", "图片标题2": NaN, "图片地址2": "http://store.is.autonavi.com/showpic/997b71034b379b69894da28851dd8874", "图片标题3": NaN, "图片地址3": NaN}
{"名称": "沙坪坝区井口邮政所", "地址": "井口镇复兴路48号(镇政府平街一层)", "城市": "重庆市", "标签": "生活服务;邮局;邮局", "区域名称": "沙坪坝区", "经度": 106.443134, "纬度": 29.637153, "电话": "023-65184141", "图片标题1": NaN, "图片地址1": "http://store.is.autonavi.com/showpic/faabb7d5f7fd6c62423dc87f2bc6bf6f", "图片标题2": NaN, "图片地址2": NaN, "图片标题3": NaN, "图片地址3": NaN}
{"名称": "沙坪坝区张家湾邮政所", "地址": "上桥新街39号附29号(上桥地铁站3号口步行440米)", "城市": "重庆市", "标签": "生活服务;邮局;邮局", "区域名称": "沙坪坝区", "经度": 106.441155, "纬度": 29.514468, "电话": "023-65219572", "图片标题1": NaN, "图片地址1": "http://store.is.autonavi.com/showpic/f47f7aa69fd4232d102a62b7e37c64f3", "图片标题2": NaN, "图片地址2": "http://store.is.autonavi.com/showpic/96737c50bf03a60cacad0325ab0b175d", "图片标题3": NaN, "图片地址3": NaN}
{"名称": "沙坪坝区土主邮政所", "地址": "土主镇团结湾社区土主中路15号", "城市": "重庆市", "标签": "生活服务;邮局;邮局", "区域名称": "沙坪坝区", "经度": 106.371691, "纬度": 29.628842, "电话": "023-65686212", "图片标题1": NaN, "图片地址1": "http://store.is.autonavi.com/showpic/35bb61d48b62499288dcb4e5392850a7", "图片标题2": NaN, "图片地址2": "http://store.is.autonavi.com/showpic/779f776adc801cc9785012bb3e6af506", "图片标题3": NaN, "图片地址3": NaN}
{"名称": "沙坪坝区新桥邮政所", "地址": "新桥正街173号", "城市": "重庆市", "标签": "生活服务;邮局;邮局", "区域名称": "沙坪坝区", "经度": 106.438645, "纬度": 29.523899, "电话": "023-65217550", "图片标题1": NaN, "图片地址1": "http://store.is.autonavi.com/showpic/670a5ae7db6d50a5210432b0fdaff9e3", "图片标题2": NaN, "图片地址2": NaN, "图片标题3": NaN, "图片地址3": NaN}
{"名称": "沙坪坝区沙北街邮政所", "地址": "沙坪坝街道沙正街社区沙北街88-26号", "城市": "重庆市", "标签": "生活服务;邮局;邮局", "区域名称": "沙坪坝区", "经度": 106.462412, "纬度": 29.569332, "电话": NaN, "图片标题1": NaN, "图片地址1": "http://store.is.autonavi.com/showpic/bd3a376192aaa81806e6e2c7ad2febcb", "图片标题2": NaN, "图片地址2": NaN, "图片标题3": NaN, "图片地址3": NaN}
{"名称": "三峡广场邮政支局", "地址": "小新街79号三峡广场(沙坪坝地铁站出入口步行370米)", "城市": "重庆市", "标签": "生活服务;邮局;邮局", "区域名称": "沙坪坝区", "经度": 106.46277, "纬度": 29.55763, "电话": NaN, "图片标题1": NaN, "图片地址1": "http://store.is.autonavi.com/showpic/568250a1a310b8c53dfc28c5", "图片标题2": NaN, "图片地址2": "http://store.is.autonavi.com/showpic/570f10217ac63a0efb0a1c48", "图片标题3": NaN, "图片地址3": "http://store.is.autonavi.com/showpic/55ec3790a310f1fe8ea66b96"}
{"名称": "中国邮政(新村路邮政所)", "地址": "新村路33号(小龙坎地铁站4号口步行260米)", "城市": "重庆市", "标签": "生活服务;邮局;邮局", "区域名称": "沙坪坝区", "经度": 106.466133, "纬度": 29.551675, "电话": "023-65348480", "图片标题1": NaN, "图片地址1": "http://store.is.autonavi.com/showpic/041dcaee438e77ce57aee4a218931599", "图片标题2": NaN, "图片地址2": NaN, "图片标题3": NaN, "图片地址3": NaN}
{"名称": "沙坪坝区杨公桥邮政所", "地址": "渝碚路街道杨公桥社区杨公桥36号附49号50号51号52号53号", "城市": "重庆市", "标签": "生活服务;邮局;邮局", "区域名称": "沙坪坝区", "经度": 106.450311, "纬度": 29.562694, "电话": "023-65311582", "图片标题1": NaN, "图片地址1": "http://store.is.autonavi.com/showpic/ced1c7787a0a6b5389c5f3a5b336391f", "图片标题2": NaN, "图片地址2": "http://store.is.autonavi.com/showpic/9d5be9a83f7486c3ed8c49969839b840", "图片标题3": NaN, "图片地址3": "http://store.is.autonavi.com/showpic/2d20d0ef55a9115e76ddd1717002edc1"}
{"名称": "中国邮政(三角碑邮政所)", "地址": "小新街60号(沙坪坝地铁站出入口步行470米)", "城市": "重庆市", "标签": "生活服务;邮局;邮局", "区域名称": "沙坪坝区", "经度": 106.464685, "纬度": 29.558148, "电话": "023-65302670", "图片标题1": NaN, "图片地址1": "http://store.is.autonavi.com/showpic/bf17a6589772c5fb329cb63391924ff6", "图片标题2": NaN, "图片地址2": NaN, "图片标题3": NaN, "图片地址3": NaN}
{"名称": "山洞邮政代办所", "地址": "山河路117号", "城市": "重庆市", "标签": "生活服务;邮局;邮局", "区域名称": "沙坪坝区", "经度": 106.421852, "纬度": 29.512349, "电话": NaN, "图片标题1": NaN, "图片地址1": "http://store.is.autonavi.com/showpic/0bd7766e2dac9f8aaa99655114d23891", "图片标题2": NaN, "图片地址2": "http://store.is.autonavi.com/showpic/95cda57870fc23c58608047834b7055f", "图片标题3": NaN, "图片地址3": NaN}
{"名称": "中国邮政(凤鸣山邮政所)", "地址": "都市花园东路2号", "城市": "重庆市", "标签": "生活服务;邮局;邮局", "区域名称": "沙坪坝区", "经度": 106.454943, "纬度": 29.542185, "电话": NaN, "图片标题1": NaN, "图片地址1": "http://store.is.autonavi.com/showpic/77c943dca8d63efb2a948dd9bba23a9d", "图片标题2": NaN, "图片地址2": NaN, "图片标题3": NaN, "图片地址3": NaN}
{"名称": "沙坪坝区双碑邮政支局", "地址": "双碑劳动桥119号(双碑地铁站2号口步行360米)", "城市": "重庆市", "标签": "生活服务;邮局;邮局", "区域名称": "沙坪坝区", "经度": 106.4447, "纬度": 29.603168, "电话": "023-65154514", "图片标题1": NaN, "图片地址1": "http://store.is.autonavi.com/showpic/c4ef36fc547629d16c7f4689f71d996f", "图片标题2": NaN, "图片地址2": "http://store.is.autonavi.com/showpic/66d78c64425a82ab0da421cbe751c1fe", "图片标题3": NaN, "图片地址3": NaN}
{"名称": "沙坪坝区中梁邮政所", "地址": "重庆市沙坪坝区中梁镇新兴路1号附14号", "城市": "重庆市", "标签": "生活服务;邮局;邮局", "区域名称": "沙坪坝区", "经度": 106.413374, "纬度": 29.637745, "电话": NaN, "图片标题1": NaN, "图片地址1": "http://store.is.autonavi.com/showpic/0697d0fedde568aad86c23086a89fe7e", "图片标题2": NaN, "图片地址2": "http://store.is.autonavi.com/showpic/f13a62fd0cfa9de1d07e6ca709794154", "图片标题3": NaN, "图片地址3": NaN}
{"名称": "收废铁", "地址": "嘉汇路首创城", "城市": "重庆市", "标签": "生活服务;邮局;邮局", "区域名称": "沙坪坝区", "经度": 106.453, "纬度": 29.606573, "电话": "15823596095", "图片标题1": NaN, "图片地址1": "http://store.is.autonavi.com/showpic/e9396b30f28d223555cd1e85808a09a6", "图片标题2": NaN, "图片地址2": NaN, "图片标题3": NaN, "图片地址3": NaN}
