{"名称": "中国太平洋财产保险股份有限公司(沙坪坝支公司)", "地址": "小龙坎新街24号(小龙坎地铁站1号口步行60米)", "城市": "重庆市", "标签": "金融保险服务;保险公司;中国太平洋保险|金融保险服务;保险公司;中国平安保险公司", "区域名称": "沙坪坝区", "经度": 106.467362, "纬度": 29.554738, "电话": "023-65313132", "图片标题1": NaN, "图片地址1": "http://store.is.autonavi.com/showpic/558134eea3109f1e8a1d7f7e", "图片标题2": NaN, "图片地址2": "http://store.is.autonavi.com/showpic/564c459ca310db76f34582ef", "图片标题3": NaN, "图片地址3": "http://store.is.autonavi.com/showpic/6704a5fe7548394efeb1cefc0161be9d"}
{"名称": "中国人民财产保险股份有限公司(沙坪坝支公司)", "地址": "小龙坎新街75-6号金诚广场", "城市": "重庆市", "标签": "金融保险服务;保险公司;中国人民保险公司", "区域名称": "沙坪坝区", "经度": 106.463946, "纬度": 29.557948, "电话": "023-65317303", "图片标题1": NaN, "图片地址1": "http://store.is.autonavi.com/showpic/db2d3ac4cd493ad9af3786c5ea27ae4e", "图片标题2": NaN, "图片地址2": "http://store.is.autonavi.com/showpic/ad7465e0ae31e2613cfda3749d0aee5a", "图片标题3": NaN, "图片地址3": "http://store.is.autonavi.com/showpic/beaaca74e6dc9cb2d3a0d74897708679"}
{"名称": "中国平安财产保险股份有限公司", "地址": "沙滨路8号华宇金沙东岸附53-57号", "城市": "重庆市", "标签": "金融保险服务;保险公司;中国平安保险公司", "区域名称": "沙坪坝区", "经度": 106.484723, "纬度": 29.552889, "电话": "023-81696628", "图片标题1": NaN, "图片地址1": "http://store.is.autonavi.com/showpic/d5ec56c6678c8cdfc2fb2b45ca06cab2", "图片标题2": NaN, "图片地址2": NaN, "图片标题3": NaN, "图片地址3": NaN}
{"名称": "中国人寿(沙坪坝支公司)", "地址": "沙坪坝师范大学综合实验楼3-6楼", "城市": "重庆市", "标签": "金融保险服务;保险公司;中国人寿保险公司", "区域名称": "沙坪坝区", "经度": 106.458129, "纬度": 29.55562, "电话": "023-65326750", "图片标题1": NaN, "图片地址1": NaN, "图片标题2": NaN, "图片地址2": NaN, "图片标题3": NaN, "图片地址3": NaN}
{"名称": "中国人寿保险股份有限公司大学城营销部", "地址": "大学城中路32号附38号", "城市": "重庆市", "标签": "金融保险服务;保险公司;中国人寿保险公司", "区域名称": "沙坪坝区", "经度": 106.308062, "纬度": 29.599633, "电话": NaN, "图片标题1": NaN, "图片地址1": "http://store.is.autonavi.com/showpic/3a8dfc98d9eff103dc5b38ef7594febf", "图片标题2": NaN, "图片地址2": NaN, "图片标题3": NaN, "图片地址3": NaN}
{"名称": "中国人民财产保险股份有限公司", "地址": "西科三路与滨河路交叉口东南40米", "城市": "重庆市", "标签": "金融保险服务;保险公司;中国人民保险公司", "区域名称": "沙坪坝区", "经度": 106.381482, "纬度": 29.598818, "电话": NaN, "图片标题1": NaN, "图片地址1": NaN, "图片标题2": NaN, "图片地址2": NaN, "图片标题3": NaN, "图片地址3": NaN}
{"名称": "中国人民保险", "地址": "大学城北路50号附271号3楼(交通银行楼上)", "城市": "重庆市", "标签": "金融保险服务;保险公司;中国人民保险公司", "区域名称": "沙坪坝区", "经度": 106.313588, "纬度": 29.610893, "电话": "023-65522112", "图片标题1": NaN, "图片地址1": "http://store.is.autonavi.com/showpic/3833100ca70cbbbc45ef16a57b8b8df9", "图片标题2": NaN, "图片地址2": "http://store.is.autonavi.com/showpic/ddfce0f391b7fa167ed1299df2e355d8", "图片标题3": NaN, "图片地址3": NaN}
{"名称": "富德生命人寿", "地址": "石碾盘正街88号ARC中央广场", "城市": "重庆市", "标签": "金融保险服务;保险公司;保险公司", "区域名称": "沙坪坝区", "经度": 106.460467, "纬度": 29.550944, "电话": NaN, "图片标题1": NaN, "图片地址1": NaN, "图片标题2": NaN, "图片地址2": NaN, "图片标题3": NaN, "图片地址3": NaN}
{"名称": "平安保险咨询", "地址": "民康苑B区东2门西南50米", "城市": "重庆市", "标签": "金融保险服务;保险公司;保险公司", "区域名称": "沙坪坝区", "经度": 106.373588, "纬度": 29.575209, "电话": NaN, "图片标题1": NaN, "图片地址1": NaN, "图片标题2": NaN, "图片地址2": NaN, "图片标题3": NaN, "图片地址3": NaN}
{"名称": "中国人寿", "地址": "西双大道16号附103号", "城市": "重庆市", "标签": "金融保险服务;保险公司;保险公司", "区域名称": "沙坪坝区", "经度": 106.369536, "纬度": 29.610013, "电话": NaN, "图片标题1": NaN, "图片地址1": "http://store.is.autonavi.com/showpic/2139d3f1c169a675a1c16a60afcbf4bf", "图片标题2": NaN, "图片地址2": "https://comment-oss-online.oss-cn-wulanchabu.aliyuncs.com/B0IDZU7B9O/headerImg/7DF16F00_22D2_4E1B_9010_B92EEBA779FD_L0_001_IMG_7663_1652272117906_22f25d88.HEIC", "图片标题3": NaN, "图片地址3": "http://store.is.autonavi.com/showpic/50f50ea18cc29f11eacbb376eb4ae485"}
{"名称": "保险咨询", "地址": "团歇路与泰安大道交叉口西北60米", "城市": "重庆市", "标签": "金融保险服务;保险公司;保险公司", "区域名称": "沙坪坝区", "经度": 106.384841, "纬度": 29.700196, "电话": NaN, "图片标题1": NaN, "图片地址1": NaN, "图片标题2": NaN, "图片地址2": NaN, "图片标题3": NaN, "图片地址3": NaN}
{"名称": "中国太平洋保险(集团)股份有限公司", "地址": "小龙坎新街24号(小龙坎地铁站1号口步行60米)", "城市": "重庆市", "标签": "金融保险服务;保险公司;中国太平洋保险", "区域名称": "沙坪坝区", "经度": 106.467401, "纬度": 29.554686, "电话": "95500", "图片标题1": NaN, "图片地址1": "http://store.is.autonavi.com/showpic/81b40bc036937f7eb6627ba4ef76813f", "图片标题2": NaN, "图片地址2": NaN, "图片标题3": NaN, "图片地址3": NaN}
{"名称": "中国平安保险(集团)股份有限公司", "地址": "凤天大道与天马路交叉口东北50米", "城市": "重庆市", "标签": "金融保险服务;保险公司;中国平安保险公司", "区域名称": "沙坪坝区", "经度": 106.45767, "纬度": 29.53877, "电话": NaN, "图片标题1": NaN, "图片地址1": "http://store.is.autonavi.com/showpic/76e8640fe70ffd86aa9fcf6bee14f4b2", "图片标题2": NaN, "图片地址2": "http://store.is.autonavi.com/showpic/ad4d59a946ae9784e32c13035fc5cb1d", "图片标题3": NaN, "图片地址3": "http://store.is.autonavi.com/showpic/625cdcf015ba1f6fb09567e2aecc4ce4"}
{"名称": "中国平安保险(集团)股份有限公司", "地址": "重庆市沙坪坝区南开苑A", "城市": "重庆市", "标签": "金融保险服务;保险公司;中国平安保险公司", "区域名称": "沙坪坝区", "经度": 106.46187, "纬度": 29.559865, "电话": NaN, "图片标题1": NaN, "图片地址1": "http://store.is.autonavi.com/showpic/fb4903ff2ba8ad77d0ab539a3b8dd0c3", "图片标题2": NaN, "图片地址2": NaN, "图片标题3": NaN, "图片地址3": NaN}
{"名称": "中国平安保险(集团)股份有限公司", "地址": "新时代购物广场北门旁", "城市": "重庆市", "标签": "金融保险服务;保险公司;中国平安保险公司", "区域名称": "沙坪坝区", "经度": 106.462826, "纬度": 29.561794, "电话": NaN, "图片标题1": NaN, "图片地址1": "http://store.is.autonavi.com/showpic/fcdc0fc24a6c04cb30dfc1d942d0ee1d", "图片标题2": NaN, "图片地址2": NaN, "图片标题3": NaN, "图片地址3": NaN}
{"名称": "中国太平洋保险(集团)股份有限公司", "地址": "北站东路188号附6号T1办公楼11楼", "城市": "重庆市", "标签": "金融保险服务;保险公司;中国太平洋保险", "区域名称": "沙坪坝区", "经度": 106.460003, "纬度": 29.554252, "电话": "023-65302628;023-65310528", "图片标题1": NaN, "图片地址1": NaN, "图片标题2": NaN, "图片地址2": NaN, "图片标题3": NaN, "图片地址3": NaN}
{"名称": "中国人民保险", "地址": "天陈路9号庆泰大厦(沙坪坝地铁站出入口步行130米)", "城市": "重庆市", "标签": "金融保险服务;保险公司;保险公司", "区域名称": "沙坪坝区", "经度": 106.460751, "纬度": 29.556878, "电话": NaN, "图片标题1": NaN, "图片地址1": NaN, "图片标题2": NaN, "图片地址2": NaN, "图片标题3": NaN, "图片地址3": NaN}
{"名称": "中国人寿", "地址": "大学城北路56号SOPO楼栋B1座6楼", "城市": "重庆市", "标签": "金融保险服务;保险公司;中国人寿保险公司", "区域名称": "沙坪坝区", "经度": 106.317277, "纬度": 29.607667, "电话": NaN, "图片标题1": NaN, "图片地址1": "http://store.is.autonavi.com/showpic/8a7d7c02485c9665b3b6acc4d714473d", "图片标题2": NaN, "图片地址2": "http://store.is.autonavi.com/showpic/c706836ba4394f131319dec19d16260d", "图片标题3": NaN, "图片地址3": NaN}
{"名称": "泰康人寿保险股份有限公司重庆市沙坪坝支公司", "地址": "三峡广场庆泰大厦10层(沙坪坝地铁站出入口步行130米)", "城市": "重庆市", "标签": "金融保险服务;保险公司;泰康人寿保险公司", "区域名称": "沙坪坝区", "经度": 106.460737, "纬度": 29.556873, "电话": "023-65301019", "图片标题1": NaN, "图片地址1": NaN, "图片标题2": NaN, "图片地址2": NaN, "图片标题3": NaN, "图片地址3": NaN}
